2026-08-09 14:34:43 | OBSERVACION DE RED
Estado monitor: OBSERVACION
IP remota: 141.94.172.236
Puerto remoto: 443
IP local: 192.168.100.8
Puerto local: 58766
Estado TCP: ESTABLISHED
PID: 28900
Aplicacion: msedgewebview2
Veces vista: 233
Ya fue vista antes y sigue fuera de BASE.
Sigue en observacion con alertas controladas.
Requiere aprobacion manual para pasar a BASE.
2026-08-09 14:34:43 | OBSERVACION DE RED
Estado monitor: OBSERVACION
IP remota: 173.237.43.232
Puerto remoto: 443
IP local: 192.168.100.8
Puerto local: 60326
Estado TCP: ESTABLISHED
PID: 28900
Aplicacion: msedgewebview2
Veces vista: 126
Ya fue vista antes y sigue fuera de BASE.
Sigue en observacion con alertas controladas.
Requiere aprobacion manual para pasar a BASE.
2026-08-09 14:34:43 | OBSERVACION DE RED
Estado monitor: OBSERVACION
IP remota: 148.113.190.78
Puerto remoto: 17301
IP local: 192.168.100.8
Puerto local: 63303
Estado TCP: ESTABLISHED
PID: 5204
Aplicacion: RvControlSvc
Veces vista: 905
Ya fue vista antes y sigue fuera de BASE.
Sigue en observacion con alertas controladas.
Requiere aprobacion manual para pasar a BASE.
2026-08-09 14:34:43 | OBSERVACION DE RED
Estado monitor: OBSERVACION
IP remota: 45.162.230.182
Puerto remoto: 17351
IP local: 192.168.100.8
Puerto local: 64207
Estado TCP: ESTABLISHED
PID: 5204
Aplicacion: RvControlSvc
Veces vista: 1770
Ya fue vista antes y sigue fuera de BASE.
Sigue en observacion con alertas controladas.
Requiere aprobacion manual para pasar a BASE.
2026-08-09 14:34:43 | OBSERVACION DE RED
Estado monitor: OBSERVACION
IP remota: 168.90.73.130
Puerto remoto: 55558
IP local: 192.168.100.8
Puerto local: 65231
Estado TCP: ESTABLISHED
PID: 5204
Aplicacion: RvControlSvc
Veces vista: 53
Ya fue vista antes y sigue fuera de BASE.
Sigue en observacion con alertas controladas.
Requiere aprobacion manual para pasar a BASE.
2026-08-09 14:34:43 | OBSERVACION DE RED
Estado monitor: OBSERVACION
IP remota: 138.97.177.104
Puerto remoto: 49688
IP local: 192.168.100.8
Puerto local: 65232
Estado TCP: ESTABLISHED
PID: 5204
Aplicacion: RvControlSvc
Veces vista: 25
Ya fue vista antes y sigue fuera de BASE.
Sigue en observacion con alertas controladas.
Requiere aprobacion manual para pasar a BASE.
2026-08-09 14:34:43 | OBSERVACION DE RED
Estado monitor: OBSERVACION
IP remota: 138.97.177.156
Puerto remoto: 43991
IP local: 192.168.100.8
Puerto local: 65235
Estado TCP: ESTABLISHED
PID: 5204
Aplicacion: RvControlSvc
Veces vista: 85
Ya fue vista antes y sigue fuera de BASE.
Sigue en observacion con alertas controladas.
Requiere aprobacion manual para pasar a BASE.
2026-08-09 14:34:43 | OBSERVACION DE RED
Estado monitor: OBSERVACION
IP remota: 138.97.177.150
Puerto remoto: 49704
IP local: 192.168.100.8
Puerto local: 65237
Estado TCP: ESTABLISHED
PID: 5204
Aplicacion: RvControlSvc
Veces vista: 122
Ya fue vista antes y sigue fuera de BASE.
Sigue en observacion con alertas controladas.
Requiere aprobacion manual para pasar a BASE.
2026-08-09 14:34:43 | OBSERVACION DE RED
Estado monitor: OBSERVACION
Tipo: PUERTO EN ESCUCHA
IP local: 0.0.0.0
Puerto local: 135
Estado TCP: LISTENING
PID: 1832
Aplicacion: svchost
Veces vista: 3290
Ya fue vista antes y sigue fuera de BASE.
Sigue en observacion con alertas controladas.
Requiere aprobacion manual para pasar a BASE.
2026-08-09 14:34:43 | OBSERVACION DE RED
Estado monitor: OBSERVACION
Tipo: PUERTO EN ESCUCHA
IP local: 0.0.0.0
Puerto local: 445
Estado TCP: LISTENING
PID: 4
Aplicacion: System
Veces vista: 3290
Ya fue vista antes y sigue fuera de BASE.
Sigue en observacion con alertas controladas.
Requiere aprobacion manual para pasar a BASE.
2026-08-09 14:34:43 | OBSERVACION DE RED
Estado monitor: OBSERVACION
Tipo: PUERTO EN ESCUCHA
IP local: 0.0.0.0
Puerto local: 49664
Estado TCP: LISTENING
PID: 1516
Aplicacion: lsass
Veces vista: 3290
Ya fue vista antes y sigue fuera de BASE.
Sigue en observacion con alertas controladas.
Requiere aprobacion manual para pasar a BASE.
2026-08-09 14:34:43 | OBSERVACION DE RED
Estado monitor: OBSERVACION
Tipo: PUERTO EN ESCUCHA
IP local: 0.0.0.0
Puerto local: 49665
Estado TCP: LISTENING
PID: 1336
Aplicacion: wininit
Veces vista: 3290
Ya fue vista antes y sigue fuera de BASE.
Sigue en observacion con alertas controladas.
Requiere aprobacion manual para pasar a BASE.
2026-08-09 14:34:43 | OBSERVACION DE RED
Estado monitor: OBSERVACION
Tipo: PUERTO EN ESCUCHA
IP local: 0.0.0.0
Puerto local: 49666
Estado TCP: LISTENING
PID: 2432
Aplicacion: svchost
Veces vista: 3290
Ya fue vista antes y sigue fuera de BASE.
Sigue en observacion con alertas controladas.
Requiere aprobacion manual para pasar a BASE.
2026-08-09 14:34:43 | OBSERVACION DE RED
Estado monitor: OBSERVACION
Tipo: PUERTO EN ESCUCHA
IP local: 0.0.0.0
Puerto local: 49667
Estado TCP: LISTENING
PID: 3304
Aplicacion: svchost
Veces vista: 3290
Ya fue vista antes y sigue fuera de BASE.
Sigue en observacion con alertas controladas.
Requiere aprobacion manual para pasar a BASE.
2026-08-09 14:34:43 | OBSERVACION DE RED
Estado monitor: OBSERVACION
Tipo: PUERTO EN ESCUCHA
IP local: 0.0.0.0
Puerto local: 49668
Estado TCP: LISTENING
PID: 4552
Aplicacion: spoolsv
Veces vista: 3290
Ya fue vista antes y sigue fuera de BASE.
Sigue en observacion con alertas controladas.
Requiere aprobacion manual para pasar a BASE.
2026-08-09 14:34:43 | OBSERVACION DE RED
Estado monitor: OBSERVACION
Tipo: PUERTO EN ESCUCHA
IP local: 0.0.0.0
Puerto local: 49670
Estado TCP: LISTENING
PID: 1488
Aplicacion: services
Veces vista: 2033
Ya fue vista antes y sigue fuera de BASE.
Sigue en observacion con alertas controladas.
Requiere aprobacion manual para pasar a BASE.
2026-08-09 14:34:43 | OBSERVACION DE RED
Estado monitor: OBSERVACION
Tipo: PUERTO EN ESCUCHA
IP local: 0.0.0.0
Puerto local: 5040
Estado TCP: LISTENING
PID: 11784
Aplicacion: svchost
Veces vista: 3286
Ya fue vista antes y sigue fuera de BASE.
Sigue en observacion con alertas controladas.
Requiere aprobacion manual para pasar a BASE.
2026-08-09 14:34:43 | OBSERVACION DE RED
Estado monitor: OBSERVACION
Tipo: PUERTO EN ESCUCHA
IP local: 0.0.0.0
Puerto local: 59421
Estado TCP: LISTENING
PID: 5204
Aplicacion: RvControlSvc
Veces vista: 7
Ya fue vista antes y sigue fuera de BASE.
Sigue en observacion con alertas controladas.
Requiere aprobacion manual para pasar a BASE.
2026-08-09 14:34:43 | OBSERVACION DE RED
Estado monitor: OBSERVACION
Tipo: PUERTO EN ESCUCHA
IP local: 0.0.0.0
Puerto local: 7070
Estado TCP: LISTENING
PID: 21992
Aplicacion: AnyDesk
Veces vista: 2685
Ya fue vista antes y sigue fuera de BASE.
Sigue en observacion con alertas controladas.
Requiere aprobacion manual para pasar a BASE.
2026-08-09 14:34:43 | OBSERVACION DE RED
Estado monitor: OBSERVACION
Tipo: PUERTO EN ESCUCHA
IP local: 127.0.0.1
Puerto local: 5939
Estado TCP: LISTENING
PID: 5932
Aplicacion: TeamViewer_Service
Veces vista: 353
Ya fue vista antes y sigue fuera de BASE.
Sigue en observacion con alertas controladas.
Requiere aprobacion manual para pasar a BASE.
2026-08-09 14:34:43 | OBSERVACION DE RED
Estado monitor: OBSERVACION
Tipo: PUERTO EN ESCUCHA
IP local: 127.0.0.1
Puerto local: 64525
Estado TCP: LISTENING
PID: 23076
Aplicacion: helper
Veces vista: 10
Ya fue vista antes y sigue fuera de BASE.
Sigue en observacion con alertas controladas.
Requiere aprobacion manual para pasar a BASE.
2026-08-09 14:34:43 | OBSERVACION DE RED
Estado monitor: OBSERVACION
Tipo: PUERTO EN ESCUCHA
IP local: 192.168.100.8
Puerto local: 139
Estado TCP: LISTENING
PID: 4
Aplicacion: System
Veces vista: 1221
Ya fue vista antes y sigue fuera de BASE.
Sigue en observacion con alertas controladas.
Requiere aprobacion manual para pasar a BASE.
2026-08-09 14:34:43 | OBSERVACION DE RED
Estado monitor: OBSERVACION
Tipo: PUERTO EN ESCUCHA
IP local: 192.168.100.8
Puerto local: 63303
Estado TCP: LISTENING
PID: 5204
Aplicacion: RvControlSvc
Veces vista: 8
Ya fue vista antes y sigue fuera de BASE.
Sigue en observacion con alertas controladas.
Requiere aprobacion manual para pasar a BASE.
2026-08-09 14:34:43 | OBSERVACION DE RED
Estado monitor: OBSERVACION
Tipo: PUERTO EN ESCUCHA
IP local: 192.168.56.1
Puerto local: 139
Estado TCP: LISTENING
PID: 4
Aplicacion: System
Veces vista: 3288
Ya fue vista antes y sigue fuera de BASE.
Sigue en observacion con alertas controladas.
Requiere aprobacion manual para pasar a BASE.
2026-08-09 14:34:43 | OBSERVACION DE RED
Estado monitor: OBSERVACION
Tipo: PUERTO EN ESCUCHA
IP local: 26.137.80.247
Puerto local: 139
Estado TCP: LISTENING
PID: 4
Aplicacion: System
Veces vista: 3246
Ya fue vista antes y sigue fuera de BASE.
Sigue en observacion con alertas controladas.
Requiere aprobacion manual para pasar a BASE.
2026-08-09 14:34:47 | Escaneo completado. Conexiones=59 Alertas=0 Observaciones=33 LearningMode=False
2026-08-09 14:44:40 | OBSERVACION DE RED
Estado monitor: OBSERVACION
Tipo: PUERTO EN ESCUCHA
IP local: 0.0.0.0
Puerto local: 43141
Estado TCP: LISTENING
PID: 8728
Aplicacion: uTorrent
Veces vista: 1097
Ya fue vista antes y sigue fuera de BASE.
Sigue en observacion con alertas controladas.
Requiere aprobacion manual para pasar a BASE.
2026-08-09 14:44:41 | OBSERVACION DE RED
Estado monitor: OBSERVACION
Tipo: PUERTO EN ESCUCHA
IP local: 127.0.0.1
Puerto local: 59251
Estado TCP: LISTENING
PID: 23076
Aplicacion: helper
Veces vista: 1084
Ya fue vista antes y sigue fuera de BASE.
Sigue en observacion con alertas controladas.
Requiere aprobacion manual para pasar a BASE.
2026-08-09 14:44:44 | Escaneo completado. Conexiones=54 Alertas=0 Observaciones=2 LearningMode=False
2026-08-09 14:54:45 | NUEVA CONEXION DETECTADA
Estado monitor: NUEVA
IP remota: 35.190.24.218
Puerto remoto: 443
IP local: 192.168.100.8
Puerto local: 50870
Estado TCP: ESTABLISHED
PID: 28900
Aplicacion: msedgewebview2
Veces vista: 1
2026-08-09 14:54:45 | NUEVA CONEXION DETECTADA
Estado monitor: NUEVA
IP remota: 13.224.125.115
Puerto remoto: 443
IP local: 192.168.100.8
Puerto local: 53003
Estado TCP: ESTABLISHED
PID: 28900
Aplicacion: msedgewebview2
Veces vista: 1
2026-08-09 14:54:45 | OBSERVACION DE RED
Estado monitor: OBSERVACION
IP remota: 200.42.122.24
Puerto remoto: 443
IP local: 192.168.100.8
Puerto local: 55129
Estado TCP: ESTABLISHED
PID: 28900
Aplicacion: msedgewebview2
Veces vista: 25
Ya fue vista antes y sigue fuera de BASE.
Sigue en observacion con alertas controladas.
Requiere aprobacion manual para pasar a BASE.
2026-08-09 14:54:45 | NUEVA CONEXION DETECTADA
Estado monitor: NUEVA
IP remota: 3.160.119.74
Puerto remoto: 443
IP local: 192.168.100.8
Puerto local: 56738
Estado TCP: ESTABLISHED
PID: 28900
Aplicacion: msedgewebview2
Veces vista: 1
2026-08-09 14:54:45 | NUEVA CONEXION DETECTADA
Estado monitor: NUEVA
IP remota: 108.157.173.97
Puerto remoto: 443
IP local: 192.168.100.8
Puerto local: 56979
Estado TCP: ESTABLISHED
PID: 28900
Aplicacion: msedgewebview2
Veces vista: 1
2026-08-09 14:54:45 | NUEVA CONEXION DETECTADA
Estado monitor: NUEVA
IP remota: 104.18.20.114
Puerto remoto: 443
IP local: 192.168.100.8
Puerto local: 60243
Estado TCP: ESTABLISHED
PID: 28900
Aplicacion: msedgewebview2
Veces vista: 1
2026-08-09 14:54:45 | OBSERVACION DE RED
Estado monitor: OBSERVACION
IP remota: 172.217.192.188
Puerto remoto: 5228
IP local: 192.168.100.8
Puerto local: 65214
Estado TCP: ESTABLISHED
PID: 8852
Aplicacion: chrome
Veces vista: 624
Ya fue vista antes y sigue fuera de BASE.
Sigue en observacion con alertas controladas.
Requiere aprobacion manual para pasar a BASE.
2026-08-09 14:54:49 | Escaneo completado. Conexiones=59 Alertas=0 Observaciones=7 LearningMode=False
2026-08-09 15:04:42 | OBSERVACION DE RED
Estado monitor: OBSERVACION
IP remota: 77.88.55.88
Puerto remoto: 443
IP local: 192.168.100.8
Puerto local: 50398
Estado TCP: ESTABLISHED
PID: 28900
Aplicacion: msedgewebview2
Veces vista: 291
Ya fue vista antes y sigue fuera de BASE.
Sigue en observacion con alertas controladas.
Requiere aprobacion manual para pasar a BASE.
2026-08-09 15:04:42 | OBSERVACION DE RED
Estado monitor: OBSERVACION
IP remota: 138.97.177.80
Puerto remoto: 64186
IP local: 192.168.100.8
Puerto local: 56094
Estado TCP: ESTABLISHED
PID: 5204
Aplicacion: RvControlSvc
Veces vista: 27
Ya fue vista antes y sigue fuera de BASE.
Sigue en observacion con alertas controladas.
Requiere aprobacion manual para pasar a BASE.
2026-08-09 15:04:42 | OBSERVACION DE RED
Estado monitor: OBSERVACION
IP remota: 138.97.177.20
Puerto remoto: 50991
IP local: 192.168.100.8
Puerto local: 56096
Estado TCP: ESTABLISHED
PID: 5204
Aplicacion: RvControlSvc
Veces vista: 109
Ya fue vista antes y sigue fuera de BASE.
Sigue en observacion con alertas controladas.
Requiere aprobacion manual para pasar a BASE.
2026-08-09 15:04:42 | OBSERVACION DE RED
Estado monitor: OBSERVACION
IP remota: 141.94.172.236
Puerto remoto: 443
IP local: 192.168.100.8
Puerto local: 58766
Estado TCP: ESTABLISHED
PID: 28900
Aplicacion: msedgewebview2
Veces vista: 236
Ya fue vista antes y sigue fuera de BASE.
Sigue en observacion con alertas controladas.
Requiere aprobacion manual para pasar a BASE.
2026-08-09 15:04:42 | OBSERVACION DE RED
Estado monitor: OBSERVACION
IP remota: 173.237.43.232
Puerto remoto: 443
IP local: 192.168.100.8
Puerto local: 60326
Estado TCP: ESTABLISHED
PID: 28900
Aplicacion: msedgewebview2
Veces vista: 129
Ya fue vista antes y sigue fuera de BASE.
Sigue en observacion con alertas controladas.
Requiere aprobacion manual para pasar a BASE.
2026-08-09 15:04:42 | OBSERVACION DE RED
Estado monitor: OBSERVACION
IP remota: 200.42.122.17
Puerto remoto: 443
IP local: 192.168.100.8
Puerto local: 62397
Estado TCP: ESTABLISHED
PID: 28900
Aplicacion: msedgewebview2
Veces vista: 128
Ya fue vista antes y sigue fuera de BASE.
Sigue en observacion con alertas controladas.
Requiere aprobacion manual para pasar a BASE.
2026-08-09 15:04:42 | OBSERVACION DE RED
Estado monitor: OBSERVACION
IP remota: 148.113.190.78
Puerto remoto: 17301
IP local: 192.168.100.8
Puerto local: 63303
Estado TCP: ESTABLISHED
PID: 5204
Aplicacion: RvControlSvc
Veces vista: 908
Ya fue vista antes y sigue fuera de BASE.
Sigue en observacion con alertas controladas.
Requiere aprobacion manual para pasar a BASE.
2026-08-09 15:04:42 | OBSERVACION DE RED
Estado monitor: OBSERVACION
IP remota: 45.162.230.182
Puerto remoto: 17351
IP local: 192.168.100.8
Puerto local: 64207
Estado TCP: ESTABLISHED
PID: 5204
Aplicacion: RvControlSvc
Veces vista: 1779
Ya fue vista antes y sigue fuera de BASE.
Sigue en observacion con alertas controladas.
Requiere aprobacion manual para pasar a BASE.
2026-08-09 15:04:42 | OBSERVACION DE RED
Estado monitor: OBSERVACION
IP remota: 31.13.94.52
Puerto remoto: 443
IP local: 192.168.100.8
Puerto local: 64373
Estado TCP: ESTABLISHED
PID: 8852
Aplicacion: chrome
Veces vista: 397
Ya fue vista antes y sigue fuera de BASE.
Sigue en observacion con alertas controladas.
Requiere aprobacion manual para pasar a BASE.
2026-08-09 15:04:42 | OBSERVACION DE RED
Estado monitor: OBSERVACION
IP remota: 168.90.73.130
Puerto remoto: 55558
IP local: 192.168.100.8
Puerto local: 65231
Estado TCP: ESTABLISHED
PID: 5204
Aplicacion: RvControlSvc
Veces vista: 56
Ya fue vista antes y sigue fuera de BASE.
Sigue en observacion con alertas controladas.
Requiere aprobacion manual para pasar a BASE.
2026-08-09 15:04:42 | OBSERVACION DE RED
Estado monitor: OBSERVACION
IP remota: 138.97.177.104
Puerto remoto: 49688
IP local: 192.168.100.8
Puerto local: 65232
Estado TCP: ESTABLISHED
PID: 5204
Aplicacion: RvControlSvc
Veces vista: 28
Ya fue vista antes y sigue fuera de BASE.
Sigue en observacion con alertas controladas.
Requiere aprobacion manual para pasar a BASE.
2026-08-09 15:04:42 | OBSERVACION DE RED
Estado monitor: OBSERVACION
IP remota: 138.97.177.156
Puerto remoto: 43991
IP local: 192.168.100.8
Puerto local: 65235
Estado TCP: ESTABLISHED
PID: 5204
Aplicacion: RvControlSvc
Veces vista: 88
Ya fue vista antes y sigue fuera de BASE.
Sigue en observacion con alertas controladas.
Requiere aprobacion manual para pasar a BASE.
2026-08-09 15:04:42 | OBSERVACION DE RED
Estado monitor: OBSERVACION
IP remota: 138.97.177.150
Puerto remoto: 49704
IP local: 192.168.100.8
Puerto local: 65237
Estado TCP: ESTABLISHED
PID: 5204
Aplicacion: RvControlSvc
Veces vista: 125
Ya fue vista antes y sigue fuera de BASE.
Sigue en observacion con alertas controladas.
Requiere aprobacion manual para pasar a BASE.
2026-08-09 15:04:42 | OBSERVACION DE RED
Estado monitor: OBSERVACION
Tipo: PUERTO EN ESCUCHA
IP local: 0.0.0.0
Puerto local: 135
Estado TCP: LISTENING
PID: 1832
Aplicacion: svchost
Veces vista: 3293
Ya fue vista antes y sigue fuera de BASE.
Sigue en observacion con alertas controladas.
Requiere aprobacion manual para pasar a BASE.
2026-08-09 15:04:42 | OBSERVACION DE RED
Estado monitor: OBSERVACION
Tipo: PUERTO EN ESCUCHA
IP local: 0.0.0.0
Puerto local: 445
Estado TCP: LISTENING
PID: 4
Aplicacion: System
Veces vista: 3293
Ya fue vista antes y sigue fuera de BASE.
Sigue en observacion con alertas controladas.
Requiere aprobacion manual para pasar a BASE.
2026-08-09 15:04:42 | OBSERVACION DE RED
Estado monitor: OBSERVACION
Tipo: PUERTO EN ESCUCHA
IP local: 0.0.0.0
Puerto local: 49664
Estado TCP: LISTENING
PID: 1516
Aplicacion: lsass
Veces vista: 3293
Ya fue vista antes y sigue fuera de BASE.
Sigue en observacion con alertas controladas.
Requiere aprobacion manual para pasar a BASE.
2026-08-09 15:04:42 | OBSERVACION DE RED
Estado monitor: OBSERVACION
Tipo: PUERTO EN ESCUCHA
IP local: 0.0.0.0
Puerto local: 49665
Estado TCP: LISTENING
PID: 1336
Aplicacion: wininit
Veces vista: 3293
Ya fue vista antes y sigue fuera de BASE.
Sigue en observacion con alertas controladas.
Requiere aprobacion manual para pasar a BASE.
2026-08-09 15:04:42 | OBSERVACION DE RED
Estado monitor: OBSERVACION
Tipo: PUERTO EN ESCUCHA
IP local: 0.0.0.0
Puerto local: 49666
Estado TCP: LISTENING
PID: 2432
Aplicacion: svchost
Veces vista: 3293
Ya fue vista antes y sigue fuera de BASE.
Sigue en observacion con alertas controladas.
Requiere aprobacion manual para pasar a BASE.
2026-08-09 15:04:42 | OBSERVACION DE RED
Estado monitor: OBSERVACION
Tipo: PUERTO EN ESCUCHA
IP local: 0.0.0.0
Puerto local: 49667
Estado TCP: LISTENING
PID: 3304
Aplicacion: svchost
Veces vista: 3293
Ya fue vista antes y sigue fuera de BASE.
Sigue en observacion con alertas controladas.
Requiere aprobacion manual para pasar a BASE.
2026-08-09 15:04:42 | OBSERVACION DE RED
Estado monitor: OBSERVACION
Tipo: PUERTO EN ESCUCHA
IP local: 0.0.0.0
Puerto local: 49668
Estado TCP: LISTENING
PID: 4552
Aplicacion: spoolsv
Veces vista: 3293
Ya fue vista antes y sigue fuera de BASE.
Sigue en observacion con alertas controladas.
Requiere aprobacion manual para pasar a BASE.
2026-08-09 15:04:42 | OBSERVACION DE RED
Estado monitor: OBSERVACION
Tipo: PUERTO EN ESCUCHA
IP local: 0.0.0.0
Puerto local: 49670
Estado TCP: LISTENING
PID: 1488
Aplicacion: services
Veces vista: 2036
Ya fue vista antes y sigue fuera de BASE.
Sigue en observacion con alertas controladas.
Requiere aprobacion manual para pasar a BASE.
2026-08-09 15:04:42 | OBSERVACION DE RED
Estado monitor: OBSERVACION
Tipo: PUERTO EN ESCUCHA
IP local: 0.0.0.0
Puerto local: 5040
Estado TCP: LISTENING
PID: 11784
Aplicacion: svchost
Veces vista: 3289
Ya fue vista antes y sigue fuera de BASE.
Sigue en observacion con alertas controladas.
Requiere aprobacion manual para pasar a BASE.
2026-08-09 15:04:42 | OBSERVACION DE RED
Estado monitor: OBSERVACION
Tipo: PUERTO EN ESCUCHA
IP local: 0.0.0.0
Puerto local: 59421
Estado TCP: LISTENING
PID: 5204
Aplicacion: RvControlSvc
Veces vista: 10
Ya fue vista antes y sigue fuera de BASE.
Sigue en observacion con alertas controladas.
Requiere aprobacion manual para pasar a BASE.
2026-08-09 15:04:42 | OBSERVACION DE RED
Estado monitor: OBSERVACION
Tipo: PUERTO EN ESCUCHA
IP local: 0.0.0.0
Puerto local: 7070
Estado TCP: LISTENING
PID: 21992
Aplicacion: AnyDesk
Veces vista: 2688
Ya fue vista antes y sigue fuera de BASE.
Sigue en observacion con alertas controladas.
Requiere aprobacion manual para pasar a BASE.
2026-08-09 15:04:42 | OBSERVACION DE RED
Estado monitor: OBSERVACION
Tipo: PUERTO EN ESCUCHA
IP local: 127.0.0.1
Puerto local: 5939
Estado TCP: LISTENING
PID: 5932
Aplicacion: TeamViewer_Service
Veces vista: 356
Ya fue vista antes y sigue fuera de BASE.
Sigue en observacion con alertas controladas.
Requiere aprobacion manual para pasar a BASE.
2026-08-09 15:04:42 | OBSERVACION DE RED
Estado monitor: OBSERVACION
Tipo: PUERTO EN ESCUCHA
IP local: 127.0.0.1
Puerto local: 64525
Estado TCP: LISTENING
PID: 23076
Aplicacion: helper
Veces vista: 13
Ya fue vista antes y sigue fuera de BASE.
Sigue en observacion con alertas controladas.
Requiere aprobacion manual para pasar a BASE.
2026-08-09 15:04:42 | OBSERVACION DE RED
Estado monitor: OBSERVACION
Tipo: PUERTO EN ESCUCHA
IP local: 192.168.100.8
Puerto local: 139
Estado TCP: LISTENING
PID: 4
Aplicacion: System
Veces vista: 1224
Ya fue vista antes y sigue fuera de BASE.
Sigue en observacion con alertas controladas.
Requiere aprobacion manual para pasar a BASE.
2026-08-09 15:04:42 | OBSERVACION DE RED
Estado monitor: OBSERVACION
Tipo: PUERTO EN ESCUCHA
IP local: 192.168.100.8
Puerto local: 63303
Estado TCP: LISTENING
PID: 5204
Aplicacion: RvControlSvc
Veces vista: 11
Ya fue vista antes y sigue fuera de BASE.
Sigue en observacion con alertas controladas.
Requiere aprobacion manual para pasar a BASE.
2026-08-09 15:04:42 | OBSERVACION DE RED
Estado monitor: OBSERVACION
Tipo: PUERTO EN ESCUCHA
IP local: 192.168.56.1
Puerto local: 139
Estado TCP: LISTENING
PID: 4
Aplicacion: System
Veces vista: 3291
Ya fue vista antes y sigue fuera de BASE.
Sigue en observacion con alertas controladas.
Requiere aprobacion manual para pasar a BASE.
2026-08-09 15:04:42 | OBSERVACION DE RED
Estado monitor: OBSERVACION
Tipo: PUERTO EN ESCUCHA
IP local: 26.137.80.247
Puerto local: 139
Estado TCP: LISTENING
PID: 4
Aplicacion: System
Veces vista: 3249
Ya fue vista antes y sigue fuera de BASE.
Sigue en observacion con alertas controladas.
Requiere aprobacion manual para pasar a BASE.
2026-08-09 15:04:46 | Escaneo completado. Conexiones=55 Alertas=0 Observaciones=30 LearningMode=False
2026-08-09 15:14:42 | OBSERVACION DE RED
Estado monitor: OBSERVACION
IP remota: 93.158.134.242
Puerto remoto: 443
IP local: 192.168.100.8
Puerto local: 53876
Estado TCP: ESTABLISHED
PID: 28900
Aplicacion: msedgewebview2
Veces vista: 7
Ya fue vista antes y sigue fuera de BASE.
Sigue en observacion con alertas controladas.
Requiere aprobacion manual para pasar a BASE.
2026-08-09 15:14:42 | OBSERVACION DE RED
Estado monitor: OBSERVACION
IP remota: 136.110.189.215
Puerto remoto: 443
IP local: 192.168.100.8
Puerto local: 59227
Estado TCP: ESTABLISHED
PID: 28900
Aplicacion: msedgewebview2
Veces vista: 10
Ya fue vista antes y sigue fuera de BASE.
Sigue en observacion con alertas controladas.
Requiere aprobacion manual para pasar a BASE.
2026-08-09 15:14:42 | OBSERVACION DE RED
Estado monitor: OBSERVACION
Tipo: PUERTO EN ESCUCHA
IP local: 0.0.0.0
Puerto local: 43141
Estado TCP: LISTENING
PID: 8728
Aplicacion: uTorrent
Veces vista: 1100
Ya fue vista antes y sigue fuera de BASE.
Sigue en observacion con alertas controladas.
Requiere aprobacion manual para pasar a BASE.
2026-08-09 15:14:42 | OBSERVACION DE RED
Estado monitor: OBSERVACION
Tipo: PUERTO EN ESCUCHA
IP local: 127.0.0.1
Puerto local: 59251
Estado TCP: LISTENING
PID: 23076
Aplicacion: helper
Veces vista: 1087
Ya fue vista antes y sigue fuera de BASE.
Sigue en observacion con alertas controladas.
Requiere aprobacion manual para pasar a BASE.
2026-08-09 15:14:46 | Escaneo completado. Conexiones=54 Alertas=0 Observaciones=4 LearningMode=False
2026-08-09 15:24:43 | OBSERVACION DE RED
Estado monitor: OBSERVACION
IP remota: 172.217.192.188
Puerto remoto: 5228
IP local: 192.168.100.8
Puerto local: 65214
Estado TCP: ESTABLISHED
PID: 8852
Aplicacion: chrome
Veces vista: 627
Ya fue vista antes y sigue fuera de BASE.
Sigue en observacion con alertas controladas.
Requiere aprobacion manual para pasar a BASE.
2026-08-09 15:24:46 | Escaneo completado. Conexiones=57 Alertas=0 Observaciones=1 LearningMode=False
2026-08-09 15:34:43 | OBSERVACION DE RED
Estado monitor: OBSERVACION
IP remota: 200.42.122.8
Puerto remoto: 443
IP local: 192.168.100.8
Puerto local: 49770
Estado TCP: ESTABLISHED
PID: 3568
Aplicacion: servicehost
Veces vista: 43
Ya fue vista antes y sigue fuera de BASE.
Sigue en observacion con alertas controladas.
Requiere aprobacion manual para pasar a BASE.
2026-08-09 15:34:43 | OBSERVACION DE RED
Estado monitor: OBSERVACION
IP remota: 77.88.55.88
Puerto remoto: 443
IP local: 192.168.100.8
Puerto local: 50398
Estado TCP: ESTABLISHED
PID: 28900
Aplicacion: msedgewebview2
Veces vista: 294
Ya fue vista antes y sigue fuera de BASE.
Sigue en observacion con alertas controladas.
Requiere aprobacion manual para pasar a BASE.
2026-08-09 15:34:43 | OBSERVACION DE RED
Estado monitor: OBSERVACION
IP remota: 35.211.198.88
Puerto remoto: 443
IP local: 192.168.100.8
Puerto local: 53590
Estado TCP: ESTABLISHED
PID: 28900
Aplicacion: msedgewebview2
Veces vista: 3
Ya fue vista antes y sigue fuera de BASE.
Sigue en observacion con alertas controladas.
Requiere aprobacion manual para pasar a BASE.
2026-08-09 15:34:43 | OBSERVACION DE RED
Estado monitor: OBSERVACION
IP remota: 141.94.172.236
Puerto remoto: 443
IP local: 192.168.100.8
Puerto local: 58766
Estado TCP: ESTABLISHED
PID: 28900
Aplicacion: msedgewebview2
Veces vista: 239
Ya fue vista antes y sigue fuera de BASE.
Sigue en observacion con alertas controladas.
Requiere aprobacion manual para pasar a BASE.
2026-08-09 15:34:43 | OBSERVACION DE RED
Estado monitor: OBSERVACION
IP remota: 173.237.43.232
Puerto remoto: 443
IP local: 192.168.100.8
Puerto local: 60326
Estado TCP: ESTABLISHED
PID: 28900
Aplicacion: msedgewebview2
Veces vista: 132
Ya fue vista antes y sigue fuera de BASE.
Sigue en observacion con alertas controladas.
Requiere aprobacion manual para pasar a BASE.
2026-08-09 15:34:43 | OBSERVACION DE RED
Estado monitor: OBSERVACION
IP remota: 52.123.245.50
Puerto remoto: 443
IP local: 192.168.100.8
Puerto local: 60728
Estado TCP: ESTABLISHED
PID: 16772
Aplicacion: MpDefenderCoreService
Veces vista: 11
Ya fue vista antes y sigue fuera de BASE.
Sigue en observacion con alertas controladas.
Requiere aprobacion manual para pasar a BASE.
2026-08-09 15:34:43 | NUEVA CONEXION DETECTADA
Estado monitor: NUEVA
IP remota: 100.58.74.221
Puerto remoto: 443
IP local: 192.168.100.8
Puerto local: 63686
Estado TCP: ESTABLISHED
PID: 28900
Aplicacion: msedgewebview2
Veces vista: 1
2026-08-09 15:34:43 | OBSERVACION DE RED
Estado monitor: OBSERVACION
IP remota: 31.13.94.52
Puerto remoto: 443
IP local: 192.168.100.8
Puerto local: 64373
Estado TCP: ESTABLISHED
PID: 8852
Aplicacion: chrome
Veces vista: 400
Ya fue vista antes y sigue fuera de BASE.
Sigue en observacion con alertas controladas.
Requiere aprobacion manual para pasar a BASE.
2026-08-09 15:34:43 | OBSERVACION DE RED
Estado monitor: OBSERVACION
Tipo: PUERTO EN ESCUCHA
IP local: 0.0.0.0
Puerto local: 59421
Estado TCP: LISTENING
PID: 5204
Aplicacion: RvControlSvc
Veces vista: 13
Ya fue vista antes y sigue fuera de BASE.
Sigue en observacion con alertas controladas.
Requiere aprobacion manual para pasar a BASE.
2026-08-09 15:34:43 | OBSERVACION DE RED
Estado monitor: OBSERVACION
Tipo: PUERTO EN ESCUCHA
IP local: 127.0.0.1
Puerto local: 64525
Estado TCP: LISTENING
PID: 23076
Aplicacion: helper
Veces vista: 16
Ya fue vista antes y sigue fuera de BASE.
Sigue en observacion con alertas controladas.
Requiere aprobacion manual para pasar a BASE.
2026-08-09 15:34:43 | OBSERVACION DE RED
Estado monitor: OBSERVACION
Tipo: PUERTO EN ESCUCHA
IP local: 192.168.100.8
Puerto local: 63303
Estado TCP: LISTENING
PID: 5204
Aplicacion: RvControlSvc
Veces vista: 14
Ya fue vista antes y sigue fuera de BASE.
Sigue en observacion con alertas controladas.
Requiere aprobacion manual para pasar a BASE.
2026-08-09 15:34:47 | Escaneo completado. Conexiones=63 Alertas=1 Observaciones=11 LearningMode=False
2026-08-09 15:44:45 | OBSERVACION DE RED
Estado monitor: OBSERVACION
IP remota: 150.171.27.11
Puerto remoto: 443
IP local: 192.168.100.8
Puerto local: 57941
Estado TCP: ESTABLISHED
PID: 22056
Aplicacion: msedge
Veces vista: 30
Ya fue vista antes y sigue fuera de BASE.
Sigue en observacion con alertas controladas.
Requiere aprobacion manual para pasar a BASE.
2026-08-09 15:44:45 | NUEVA CONEXION DETECTADA
Estado monitor: NUEVA
IP remota: 35.153.45.185
Puerto remoto: 443
IP local: 192.168.100.8
Puerto local: 61228
Estado TCP: ESTABLISHED
PID: 28900
Aplicacion: msedgewebview2
Veces vista: 1
2026-08-09 15:44:48 | Escaneo completado. Conexiones=59 Alertas=1 Observaciones=2 LearningMode=False
2026-08-09 15:54:45 | OBSERVACION DE RED
Estado monitor: OBSERVACION
IP remota: 34.149.50.64
Puerto remoto: 443
IP local: 192.168.100.8
Puerto local: 62644
Estado TCP: ESTABLISHED
PID: 28900
Aplicacion: msedgewebview2
Veces vista: 17
Ya fue vista antes y sigue fuera de BASE.
Sigue en observacion con alertas controladas.
Requiere aprobacion manual para pasar a BASE.
2026-08-09 15:54:45 | OBSERVACION DE RED
Estado monitor: OBSERVACION
IP remota: 20.190.173.145
Puerto remoto: 443
IP local: 192.168.100.8
Puerto local: 63391
Estado TCP: ESTABLISHED
PID: 16892
Aplicacion: svchost
Veces vista: 29
Ya fue vista antes y sigue fuera de BASE.
Sigue en observacion con alertas controladas.
Requiere aprobacion manual para pasar a BASE.
2026-08-09 15:54:45 | NUEVA CONEXION DETECTADA
Estado monitor: NUEVA
IP remota: 35.207.47.177
Puerto remoto: 443
IP local: 192.168.100.8
Puerto local: 63972
Estado TCP: ESTABLISHED
PID: 28900
Aplicacion: msedgewebview2
Veces vista: 1
2026-08-09 15:54:45 | NUEVA CONEXION DETECTADA
Estado monitor: NUEVA
IP remota: 35.207.47.177
Puerto remoto: 443
IP local: 192.168.100.8
Puerto local: 65003
Estado TCP: ESTABLISHED
PID: 28900
Aplicacion: msedgewebview2
Veces vista: 2
2026-08-09 15:54:45 | OBSERVACION DE RED
Estado monitor: OBSERVACION
IP remota: 172.217.192.188
Puerto remoto: 5228
IP local: 192.168.100.8
Puerto local: 65214
Estado TCP: ESTABLISHED
PID: 8852
Aplicacion: chrome
Veces vista: 630
Ya fue vista antes y sigue fuera de BASE.
Sigue en observacion con alertas controladas.
Requiere aprobacion manual para pasar a BASE.
2026-08-09 15:54:49 | Escaneo completado. Conexiones=53 Alertas=1 Observaciones=5 LearningMode=False
2026-08-09 16:04:44 | OBSERVACION DE RED
Estado monitor: OBSERVACION
IP remota: 77.88.55.88
Puerto remoto: 443
IP local: 192.168.100.8
Puerto local: 50398
Estado TCP: ESTABLISHED
PID: 28900
Aplicacion: msedgewebview2
Veces vista: 297
Ya fue vista antes y sigue fuera de BASE.
Sigue en observacion con alertas controladas.
Requiere aprobacion manual para pasar a BASE.
2026-08-09 16:04:44 | OBSERVACION DE RED
Estado monitor: OBSERVACION
IP remota: 35.207.51.65
Puerto remoto: 443
IP local: 192.168.100.8
Puerto local: 54848
Estado TCP: ESTABLISHED
PID: 28900
Aplicacion: msedgewebview2
Veces vista: 3
Ya fue vista antes y sigue fuera de BASE.
Sigue en observacion con alertas controladas.
Requiere aprobacion manual para pasar a BASE.
2026-08-09 16:04:44 | OBSERVACION DE RED
Estado monitor: OBSERVACION
IP remota: 136.110.189.215
Puerto remoto: 443
IP local: 192.168.100.8
Puerto local: 56720
Estado TCP: ESTABLISHED
PID: 28900
Aplicacion: msedgewebview2
Veces vista: 11
Ya fue vista antes y sigue fuera de BASE.
Sigue en observacion con alertas controladas.
Requiere aprobacion manual para pasar a BASE.
2026-08-09 16:04:44 | OBSERVACION DE RED
Estado monitor: OBSERVACION
IP remota: 141.94.172.236
Puerto remoto: 443
IP local: 192.168.100.8
Puerto local: 58766
Estado TCP: ESTABLISHED
PID: 28900
Aplicacion: msedgewebview2
Veces vista: 242
Ya fue vista antes y sigue fuera de BASE.
Sigue en observacion con alertas controladas.
Requiere aprobacion manual para pasar a BASE.
2026-08-09 16:04:44 | OBSERVACION DE RED
Estado monitor: OBSERVACION
IP remota: 173.237.43.232
Puerto remoto: 443
IP local: 192.168.100.8
Puerto local: 60326
Estado TCP: ESTABLISHED
PID: 28900
Aplicacion: msedgewebview2
Veces vista: 135
Ya fue vista antes y sigue fuera de BASE.
Sigue en observacion con alertas controladas.
Requiere aprobacion manual para pasar a BASE.
2026-08-09 16:04:44 | OBSERVACION DE RED
Estado monitor: OBSERVACION
IP remota: 31.13.94.52
Puerto remoto: 443
IP local: 192.168.100.8
Puerto local: 64373
Estado TCP: ESTABLISHED
PID: 8852
Aplicacion: chrome
Veces vista: 403
Ya fue vista antes y sigue fuera de BASE.
Sigue en observacion con alertas controladas.
Requiere aprobacion manual para pasar a BASE.
2026-08-09 16:04:44 | OBSERVACION DE RED
Estado monitor: OBSERVACION
Tipo: PUERTO EN ESCUCHA
IP local: 0.0.0.0
Puerto local: 59421
Estado TCP: LISTENING
PID: 5204
Aplicacion: RvControlSvc
Veces vista: 16
Ya fue vista antes y sigue fuera de BASE.
Sigue en observacion con alertas controladas.
Requiere aprobacion manual para pasar a BASE.
2026-08-09 16:04:44 | OBSERVACION DE RED
Estado monitor: OBSERVACION
Tipo: PUERTO EN ESCUCHA
IP local: 127.0.0.1
Puerto local: 64525
Estado TCP: LISTENING
PID: 23076
Aplicacion: helper
Veces vista: 19
Ya fue vista antes y sigue fuera de BASE.
Sigue en observacion con alertas controladas.
Requiere aprobacion manual para pasar a BASE.
2026-08-09 16:04:44 | OBSERVACION DE RED
Estado monitor: OBSERVACION
Tipo: PUERTO EN ESCUCHA
IP local: 192.168.100.8
Puerto local: 63303
Estado TCP: LISTENING
PID: 5204
Aplicacion: RvControlSvc
Veces vista: 17
Ya fue vista antes y sigue fuera de BASE.
Sigue en observacion con alertas controladas.
Requiere aprobacion manual para pasar a BASE.
2026-08-09 16:04:48 | Escaneo completado. Conexiones=54 Alertas=1 Observaciones=9 LearningMode=False
2026-08-09 16:14:44 | OBSERVACION DE RED
Estado monitor: OBSERVACION
IP remota: 44.198.226.52
Puerto remoto: 443
IP local: 192.168.100.8
Puerto local: 58456
Estado TCP: ESTABLISHED
PID: 28900
Aplicacion: msedgewebview2
Veces vista: 2
Ya fue vista antes y sigue fuera de BASE.
Sigue en observacion con alertas controladas.
Requiere aprobacion manual para pasar a BASE.
2026-08-09 16:14:44 | OBSERVACION DE RED
Estado monitor: OBSERVACION
Tipo: PUERTO EN ESCUCHA
IP local: 0.0.0.0
Puerto local: 59660
Estado TCP: LISTENING
PID: 5204
Aplicacion: RvControlSvc
Veces vista: 1
Sigue en observacion con alertas controladas.
Requiere aprobacion manual para pasar a BASE.
2026-08-09 16:14:44 | OBSERVACION DE RED
Estado monitor: OBSERVACION
Tipo: PUERTO EN ESCUCHA
IP local: 192.168.100.8
Puerto local: 59659
Estado TCP: LISTENING
PID: 5204
Aplicacion: RvControlSvc
Veces vista: 1
Sigue en observacion con alertas controladas.
Requiere aprobacion manual para pasar a BASE.
2026-08-09 16:14:47 | Escaneo completado. Conexiones=61 Alertas=1 Observaciones=3 LearningMode=False
2026-08-09 16:24:45 | NUEVA CONEXION DETECTADA
Estado monitor: NUEVA
IP remota: 35.211.87.15
Puerto remoto: 443
IP local: 192.168.100.8
Puerto local: 49281
Estado TCP: ESTABLISHED
PID: 28900
Aplicacion: msedgewebview2
Veces vista: 1
2026-08-09 16:24:45 | OBSERVACION DE RED
Estado monitor: OBSERVACION
IP remota: 198.244.203.247
Puerto remoto: 17301
IP local: 192.168.100.8
Puerto local: 61822
Estado TCP: ESTABLISHED
PID: 5204
Aplicacion: RvControlSvc
Veces vista: 29
Ya fue vista antes y sigue fuera de BASE.
Sigue en observacion con alertas controladas.
Requiere aprobacion manual para pasar a BASE.
2026-08-09 16:24:45 | NUEVA CONEXION DETECTADA
Estado monitor: NUEVA
IP remota: 35.211.87.15
Puerto remoto: 443
IP local: 192.168.100.8
Puerto local: 63524
Estado TCP: ESTABLISHED
PID: 28900
Aplicacion: msedgewebview2
Veces vista: 2
2026-08-09 16:24:45 | OBSERVACION DE RED
Estado monitor: OBSERVACION
IP remota: 172.217.192.188
Puerto remoto: 5228
IP local: 192.168.100.8
Puerto local: 65214
Estado TCP: ESTABLISHED
PID: 8852
Aplicacion: chrome
Veces vista: 633
Ya fue vista antes y sigue fuera de BASE.
Sigue en observacion con alertas controladas.
Requiere aprobacion manual para pasar a BASE.
2026-08-09 16:24:45 | OBSERVACION DE RED
Estado monitor: OBSERVACION
Tipo: PUERTO EN ESCUCHA
IP local: 0.0.0.0
Puerto local: 61823
Estado TCP: LISTENING
PID: 5204
Aplicacion: RvControlSvc
Veces vista: 1
Sigue en observacion con alertas controladas.
Requiere aprobacion manual para pasar a BASE.
2026-08-09 16:24:45 | OBSERVACION DE RED
Estado monitor: OBSERVACION
Tipo: PUERTO EN ESCUCHA
IP local: 192.168.100.8
Puerto local: 61822
Estado TCP: LISTENING
PID: 5204
Aplicacion: RvControlSvc
Veces vista: 1
Sigue en observacion con alertas controladas.
Requiere aprobacion manual para pasar a BASE.
2026-08-09 16:24:49 | Escaneo completado. Conexiones=57 Alertas=1 Observaciones=6 LearningMode=False
2026-08-09 16:34:45 | OBSERVACION DE RED
Estado monitor: OBSERVACION
IP remota: 77.88.55.88
Puerto remoto: 443
IP local: 192.168.100.8
Puerto local: 50398
Estado TCP: ESTABLISHED
PID: 28900
Aplicacion: msedgewebview2
Veces vista: 300
Ya fue vista antes y sigue fuera de BASE.
Sigue en observacion con alertas controladas.
Requiere aprobacion manual para pasar a BASE.
2026-08-09 16:34:45 | OBSERVACION DE RED
Estado monitor: OBSERVACION
IP remota: 200.42.122.8
Puerto remoto: 443
IP local: 192.168.100.8
Puerto local: 50934
Estado TCP: ESTABLISHED
PID: 3568
Aplicacion: servicehost
Veces vista: 44
Ya fue vista antes y sigue fuera de BASE.
Sigue en observacion con alertas controladas.
Requiere aprobacion manual para pasar a BASE.
2026-08-09 16:34:45 | OBSERVACION DE RED
Estado monitor: OBSERVACION
IP remota: 141.94.172.236
Puerto remoto: 443
IP local: 192.168.100.8
Puerto local: 58766
Estado TCP: ESTABLISHED
PID: 28900
Aplicacion: msedgewebview2
Veces vista: 245
Ya fue vista antes y sigue fuera de BASE.
Sigue en observacion con alertas controladas.
Requiere aprobacion manual para pasar a BASE.
2026-08-09 16:34:45 | OBSERVACION DE RED
Estado monitor: OBSERVACION
IP remota: 173.237.43.232
Puerto remoto: 443
IP local: 192.168.100.8
Puerto local: 60326
Estado TCP: ESTABLISHED
PID: 28900
Aplicacion: msedgewebview2
Veces vista: 138
Ya fue vista antes y sigue fuera de BASE.
Sigue en observacion con alertas controladas.
Requiere aprobacion manual para pasar a BASE.
2026-08-09 16:34:45 | OBSERVACION DE RED
Estado monitor: OBSERVACION
IP remota: 31.13.94.52
Puerto remoto: 443
IP local: 192.168.100.8
Puerto local: 64373
Estado TCP: ESTABLISHED
PID: 8852
Aplicacion: chrome
Veces vista: 406
Ya fue vista antes y sigue fuera de BASE.
Sigue en observacion con alertas controladas.
Requiere aprobacion manual para pasar a BASE.
2026-08-09 16:34:45 | OBSERVACION DE RED
Estado monitor: OBSERVACION
Tipo: PUERTO EN ESCUCHA
IP local: 0.0.0.0
Puerto local: 59421
Estado TCP: LISTENING
PID: 5204
Aplicacion: RvControlSvc
Veces vista: 19
Ya fue vista antes y sigue fuera de BASE.
Sigue en observacion con alertas controladas.
Requiere aprobacion manual para pasar a BASE.
2026-08-09 16:34:45 | OBSERVACION DE RED
Estado monitor: OBSERVACION
Tipo: PUERTO EN ESCUCHA
IP local: 127.0.0.1
Puerto local: 64525
Estado TCP: LISTENING
PID: 23076
Aplicacion: helper
Veces vista: 22
Ya fue vista antes y sigue fuera de BASE.
Sigue en observacion con alertas controladas.
Requiere aprobacion manual para pasar a BASE.
2026-08-09 16:34:45 | OBSERVACION DE RED
Estado monitor: OBSERVACION
Tipo: PUERTO EN ESCUCHA
IP local: 192.168.100.8
Puerto local: 63303
Estado TCP: LISTENING
PID: 5204
Aplicacion: RvControlSvc
Veces vista: 20
Ya fue vista antes y sigue fuera de BASE.
Sigue en observacion con alertas controladas.
Requiere aprobacion manual para pasar a BASE.
2026-08-09 16:34:49 | Escaneo completado. Conexiones=51 Alertas=1 Observaciones=8 LearningMode=False
2026-08-09 16:44:58 | OBSERVACION DE RED
Estado monitor: OBSERVACION
IP remota: 150.171.27.11
Puerto remoto: 443
IP local: 192.168.100.8
Puerto local: 49286
Estado TCP: ESTABLISHED
PID: 25464
Aplicacion: msedge
Veces vista: 31
Ya fue vista antes y sigue fuera de BASE.
Sigue en observacion con alertas controladas.
Requiere aprobacion manual para pasar a BASE.
2026-08-09 16:44:58 | OBSERVACION DE RED
Estado monitor: OBSERVACION
IP remota: 199.232.214.172
Puerto remoto: 80
IP local: 192.168.100.8
Puerto local: 49288
Estado TCP: ESTABLISHED
PID: 4600
Aplicacion: svchost
Veces vista: 35
Ya fue vista antes y sigue fuera de BASE.
Sigue en observacion con alertas controladas.
Requiere aprobacion manual para pasar a BASE.
2026-08-09 16:44:58 | OBSERVACION DE RED
Estado monitor: OBSERVACION
IP remota: 52.97.51.130
Puerto remoto: 443
IP local: 192.168.100.8
Puerto local: 49702
Estado TCP: ESTABLISHED
PID: 27440
Aplicacion: msedge
Veces vista: 8
Ya fue vista antes y sigue fuera de BASE.
Sigue en observacion con alertas controladas.
Requiere aprobacion manual para pasar a BASE.
2026-08-09 16:44:58 | OBSERVACION DE RED
Estado monitor: OBSERVACION
IP remota: 200.42.122.9
Puerto remoto: 443
IP local: 192.168.100.8
Puerto local: 54413
Estado TCP: ESTABLISHED
PID: 28900
Aplicacion: msedgewebview2
Veces vista: 170
Ya fue vista antes y sigue fuera de BASE.
Sigue en observacion con alertas controladas.
Requiere aprobacion manual para pasar a BASE.
2026-08-09 16:44:58 | OBSERVACION DE RED
Estado monitor: OBSERVACION
IP remota: 8.8.4.4
Puerto remoto: 443
IP local: 192.168.100.8
Puerto local: 55346
Estado TCP: ESTABLISHED
PID: 25464
Aplicacion: msedge
Veces vista: 156
Ya fue vista antes y sigue fuera de BASE.
Sigue en observacion con alertas controladas.
Requiere aprobacion manual para pasar a BASE.
2026-08-09 16:44:58 | OBSERVACION DE RED
Estado monitor: OBSERVACION
IP remota: 150.171.28.10
Puerto remoto: 443
IP local: 192.168.100.8
Puerto local: 55585
Estado TCP: ESTABLISHED
PID: 25464
Aplicacion: msedge
Veces vista: 138
Ya fue vista antes y sigue fuera de BASE.
Sigue en observacion con alertas controladas.
Requiere aprobacion manual para pasar a BASE.
2026-08-09 16:44:58 | NUEVA CONEXION DETECTADA
Estado monitor: NUEVA
IP remota: 23.40.188.17
Puerto remoto: 443
IP local: 192.168.100.8
Puerto local: 55806
Estado TCP: ESTABLISHED
PID: 2536
Aplicacion: msedgewebview2
Veces vista: 1
2026-08-09 16:44:58 | NUEVA CONEXION DETECTADA
Estado monitor: NUEVA
IP remota: 20.118.198.34
Puerto remoto: 443
IP local: 192.168.100.8
Puerto local: 57768
Estado TCP: ESTABLISHED
PID: 25464
Aplicacion: msedge
Veces vista: 1
2026-08-09 16:44:58 | OBSERVACION DE RED
Estado monitor: OBSERVACION
IP remota: 52.182.141.63
Puerto remoto: 443
IP local: 192.168.100.8
Puerto local: 58753
Estado TCP: ESTABLISHED
PID: 25464
Aplicacion: msedge
Veces vista: 5
Ya fue vista antes y sigue fuera de BASE.
Sigue en observacion con alertas controladas.
Requiere aprobacion manual para pasar a BASE.
2026-08-09 16:44:58 | OBSERVACION DE RED
Estado monitor: OBSERVACION
IP remota: 20.190.173.129
Puerto remoto: 443
IP local: 192.168.100.8
Puerto local: 59070
Estado TCP: ESTABLISHED
PID: 28064
Aplicacion: svchost
Veces vista: 24
Ya fue vista antes y sigue fuera de BASE.
Sigue en observacion con alertas controladas.
Requiere aprobacion manual para pasar a BASE.
2026-08-09 16:44:58 | OBSERVACION DE RED
Estado monitor: OBSERVACION
IP remota: 150.171.28.11
Puerto remoto: 443
IP local: 192.168.100.8
Puerto local: 60124
Estado TCP: ESTABLISHED
PID: 25464
Aplicacion: msedge
Veces vista: 45
Ya fue vista antes y sigue fuera de BASE.
Sigue en observacion con alertas controladas.
Requiere aprobacion manual para pasar a BASE.
2026-08-09 16:44:58 | OBSERVACION DE RED
Estado monitor: OBSERVACION
IP remota: 198.24.163.90
Puerto remoto: 443
IP local: 192.168.100.8
Puerto local: 60887
Estado TCP: ESTABLISHED
PID: 28900
Aplicacion: msedgewebview2
Veces vista: 14
Ya fue vista antes y sigue fuera de BASE.
Sigue en observacion con alertas controladas.
Requiere aprobacion manual para pasar a BASE.
2026-08-09 16:44:58 | OBSERVACION DE RED
Estado monitor: OBSERVACION
IP remota: 34.149.50.64
Puerto remoto: 443
IP local: 192.168.100.8
Puerto local: 61255
Estado TCP: ESTABLISHED
PID: 28900
Aplicacion: msedgewebview2
Veces vista: 18
Ya fue vista antes y sigue fuera de BASE.
Sigue en observacion con alertas controladas.
Requiere aprobacion manual para pasar a BASE.
2026-08-09 16:44:58 | OBSERVACION DE RED
Estado monitor: OBSERVACION
IP remota: 20.50.201.200
Puerto remoto: 443
IP local: 192.168.100.8
Puerto local: 62063
Estado TCP: ESTABLISHED
PID: 25464
Aplicacion: msedge
Veces vista: 4
Ya fue vista antes y sigue fuera de BASE.
Sigue en observacion con alertas controladas.
Requiere aprobacion manual para pasar a BASE.
2026-08-09 16:44:58 | OBSERVACION DE RED
Estado monitor: OBSERVACION
IP remota: 200.42.122.25
Puerto remoto: 443
IP local: 192.168.100.8
Puerto local: 63390
Estado TCP: ESTABLISHED
PID: 2536
Aplicacion: msedgewebview2
Veces vista: 5
Ya fue vista antes y sigue fuera de BASE.
Sigue en observacion con alertas controladas.
Requiere aprobacion manual para pasar a BASE.
2026-08-09 16:44:58 | NUEVA CONEXION DETECTADA
Estado monitor: NUEVA
IP remota: 150.171.110.42
Puerto remoto: 443
IP local: 192.168.100.8
Puerto local: 63397
Estado TCP: ESTABLISHED
PID: 23728
Aplicacion: GameBar
Veces vista: 1
2026-08-09 16:44:58 | OBSERVACION DE RED
Estado monitor: OBSERVACION
IP remota: 150.171.110.42
Puerto remoto: 443
IP local: 192.168.100.8
Puerto local: 64660
Estado TCP: ESTABLISHED
PID: 25464
Aplicacion: msedge
Veces vista: 3
Ya fue vista antes y sigue fuera de BASE.
Sigue en observacion con alertas controladas.
Requiere aprobacion manual para pasar a BASE.
2026-08-09 16:44:58 | OBSERVACION DE RED
Estado monitor: OBSERVACION
Tipo: PUERTO EN ESCUCHA
IP local: 0.0.0.0
Puerto local: 56379
Estado TCP: LISTENING
PID: 5204
Aplicacion: RvControlSvc
Veces vista: 1
Sigue en observacion con alertas controladas.
Requiere aprobacion manual para pasar a BASE.
2026-08-09 16:44:58 | OBSERVACION DE RED
Estado monitor: OBSERVACION
Tipo: PUERTO EN ESCUCHA
IP local: 0.0.0.0
Puerto local: 7680
Estado TCP: LISTENING
PID: 19164
Aplicacion: svchost
Veces vista: 488
Ya fue vista antes y sigue fuera de BASE.
Sigue en observacion con alertas controladas.
Requiere aprobacion manual para pasar a BASE.
2026-08-09 16:45:02 | Escaneo completado. Conexiones=94 Alertas=1 Observaciones=19 LearningMode=False
2026-08-09 16:54:52 | OBSERVACION DE RED
Estado monitor: OBSERVACION
IP remota: 51.105.71.136
Puerto remoto: 443
IP local: 192.168.100.8
Puerto local: 50380
Estado TCP: ESTABLISHED
PID: 25948
Aplicacion: OneDrive
Veces vista: 4
Ya fue vista antes y sigue fuera de BASE.
Sigue en observacion con alertas controladas.
Requiere aprobacion manual para pasar a BASE.
2026-08-09 16:54:52 | OBSERVACION DE RED
Estado monitor: OBSERVACION
IP remota: 52.123.245.48
Puerto remoto: 443
IP local: 192.168.100.8
Puerto local: 50382
Estado TCP: ESTABLISHED
PID: 16772
Aplicacion: MpDefenderCoreService
Veces vista: 13
Ya fue vista antes y sigue fuera de BASE.
Sigue en observacion con alertas controladas.
Requiere aprobacion manual para pasar a BASE.
2026-08-09 16:54:52 | OBSERVACION DE RED
Estado monitor: OBSERVACION
IP remota: 35.207.12.58
Puerto remoto: 443
IP local: 192.168.100.8
Puerto local: 52406
Estado TCP: ESTABLISHED
PID: 28900
Aplicacion: msedgewebview2
Veces vista: 3
Ya fue vista antes y sigue fuera de BASE.
Sigue en observacion con alertas controladas.
Requiere aprobacion manual para pasar a BASE.
2026-08-09 16:54:52 | OBSERVACION DE RED
Estado monitor: OBSERVACION
IP remota: 131.153.144.18
Puerto remoto: 443
IP local: 192.168.100.8
Puerto local: 54482
Estado TCP: ESTABLISHED
PID: 28900
Aplicacion: msedgewebview2
Veces vista: 21
Ya fue vista antes y sigue fuera de BASE.
Sigue en observacion con alertas controladas.
Requiere aprobacion manual para pasar a BASE.
2026-08-09 16:54:52 | OBSERVACION DE RED
Estado monitor: OBSERVACION
IP remota: 104.20.23.13
Puerto remoto: 443
IP local: 192.168.100.8
Puerto local: 55534
Estado TCP: ESTABLISHED
PID: 28900
Aplicacion: msedgewebview2
Veces vista: 50
Ya fue vista antes y sigue fuera de BASE.
Sigue en observacion con alertas controladas.
Requiere aprobacion manual para pasar a BASE.
2026-08-09 16:54:52 | OBSERVACION DE RED
Estado monitor: OBSERVACION
IP remota: 172.217.192.188
Puerto remoto: 5228
IP local: 192.168.100.8
Puerto local: 65214
Estado TCP: ESTABLISHED
PID: 8852
Aplicacion: chrome
Veces vista: 636
Ya fue vista antes y sigue fuera de BASE.
Sigue en observacion con alertas controladas.
Requiere aprobacion manual para pasar a BASE.
2026-08-09 16:54:52 | OBSERVACION DE RED
Estado monitor: OBSERVACION
IP remota: 26.131.195.240
Puerto remoto: 56969
IP local: 26.137.80.247
Puerto local: 7680
Estado TCP: ESTABLISHED
PID: 19164
Aplicacion: svchost
Veces vista: 1
Sigue en observacion con alertas controladas.
Requiere aprobacion manual para pasar a BASE.
2026-08-09 16:54:52 | OBSERVACION DE RED
Estado monitor: OBSERVACION
IP remota: 26.38.8.66
Puerto remoto: 62943
IP local: 26.137.80.247
Puerto local: 7680
Estado TCP: ESTABLISHED
PID: 19164
Aplicacion: svchost
Veces vista: 1
Sigue en observacion con alertas controladas.
Requiere aprobacion manual para pasar a BASE.
2026-08-09 16:54:56 | Escaneo completado. Conexiones=57 Alertas=0 Observaciones=8 LearningMode=False
2026-08-09 17:04:52 | OBSERVACION DE RED
Estado monitor: OBSERVACION
IP remota: 77.88.55.88
Puerto remoto: 443
IP local: 192.168.100.8
Puerto local: 50398
Estado TCP: ESTABLISHED
PID: 28900
Aplicacion: msedgewebview2
Veces vista: 303
Ya fue vista antes y sigue fuera de BASE.
Sigue en observacion con alertas controladas.
Requiere aprobacion manual para pasar a BASE.
2026-08-09 17:04:52 | OBSERVACION DE RED
Estado monitor: OBSERVACION
IP remota: 172.98.26.245
Puerto remoto: 443
IP local: 192.168.100.8
Puerto local: 53939
Estado TCP: ESTABLISHED
PID: 28900
Aplicacion: msedgewebview2
Veces vista: 14
Ya fue vista antes y sigue fuera de BASE.
Sigue en observacion con alertas controladas.
Requiere aprobacion manual para pasar a BASE.
2026-08-09 17:04:52 | OBSERVACION DE RED
Estado monitor: OBSERVACION
IP remota: 131.153.151.114
Puerto remoto: 443
IP local: 192.168.100.8
Puerto local: 57636
Estado TCP: ESTABLISHED
PID: 28900
Aplicacion: msedgewebview2
Veces vista: 13
Ya fue vista antes y sigue fuera de BASE.
Sigue en observacion con alertas controladas.
Requiere aprobacion manual para pasar a BASE.
2026-08-09 17:04:52 | OBSERVACION DE RED
Estado monitor: OBSERVACION
IP remota: 141.94.172.236
Puerto remoto: 443
IP local: 192.168.100.8
Puerto local: 58766
Estado TCP: ESTABLISHED
PID: 28900
Aplicacion: msedgewebview2
Veces vista: 248
Ya fue vista antes y sigue fuera de BASE.
Sigue en observacion con alertas controladas.
Requiere aprobacion manual para pasar a BASE.
2026-08-09 17:04:52 | OBSERVACION DE RED
Estado monitor: OBSERVACION
IP remota: 173.237.43.232
Puerto remoto: 443
IP local: 192.168.100.8
Puerto local: 60326
Estado TCP: ESTABLISHED
PID: 28900
Aplicacion: msedgewebview2
Veces vista: 141
Ya fue vista antes y sigue fuera de BASE.
Sigue en observacion con alertas controladas.
Requiere aprobacion manual para pasar a BASE.
2026-08-09 17:04:52 | OBSERVACION DE RED
Estado monitor: OBSERVACION
IP remota: 31.13.94.52
Puerto remoto: 443
IP local: 192.168.100.8
Puerto local: 64373
Estado TCP: ESTABLISHED
PID: 8852
Aplicacion: chrome
Veces vista: 409
Ya fue vista antes y sigue fuera de BASE.
Sigue en observacion con alertas controladas.
Requiere aprobacion manual para pasar a BASE.
2026-08-09 17:04:52 | OBSERVACION DE RED
Estado monitor: OBSERVACION
IP remota: 26.38.8.66
Puerto remoto: 63398
IP local: 26.137.80.247
Puerto local: 7680
Estado TCP: ESTABLISHED
PID: 19164
Aplicacion: svchost
Veces vista: 1
Sigue en observacion con alertas controladas.
Requiere aprobacion manual para pasar a BASE.
2026-08-09 17:04:52 | OBSERVACION DE RED
Estado monitor: OBSERVACION
Tipo: PUERTO EN ESCUCHA
IP local: 127.0.0.1
Puerto local: 64525
Estado TCP: LISTENING
PID: 23076
Aplicacion: helper
Veces vista: 25
Ya fue vista antes y sigue fuera de BASE.
Sigue en observacion con alertas controladas.
Requiere aprobacion manual para pasar a BASE.
2026-08-09 17:04:53 | OBSERVACION DE RED
Estado monitor: OBSERVACION
Tipo: PUERTO EN ESCUCHA
IP local: 192.168.100.8
Puerto local: 63303
Estado TCP: LISTENING
PID: 5204
Aplicacion: RvControlSvc
Veces vista: 23
Ya fue vista antes y sigue fuera de BASE.
Sigue en observacion con alertas controladas.
Requiere aprobacion manual para pasar a BASE.
2026-08-09 17:04:56 | Escaneo completado. Conexiones=59 Alertas=1 Observaciones=9 LearningMode=False
2026-08-09 17:14:53 | OBSERVACION DE RED
Estado monitor: OBSERVACION
IP remota: 150.171.110.40
Puerto remoto: 443
IP local: 192.168.100.8
Puerto local: 49796
Estado TCP: ESTABLISHED
PID: 25464
Aplicacion: msedge
Veces vista: 11
Ya fue vista antes y sigue fuera de BASE.
Sigue en observacion con alertas controladas.
Requiere aprobacion manual para pasar a BASE.
2026-08-09 17:14:53 | OBSERVACION DE RED
Estado monitor: OBSERVACION
IP remota: 200.42.122.9
Puerto remoto: 443
IP local: 192.168.100.8
Puerto local: 50304
Estado TCP: ESTABLISHED
PID: 28900
Aplicacion: msedgewebview2
Veces vista: 173
Ya fue vista antes y sigue fuera de BASE.
Sigue en observacion con alertas controladas.
Requiere aprobacion manual para pasar a BASE.
2026-08-09 17:14:53 | NUEVA CONEXION DETECTADA
Estado monitor: NUEVA
IP remota: 34.198.169.229
Puerto remoto: 443
IP local: 192.168.100.8
Puerto local: 52437
Estado TCP: ESTABLISHED
PID: 28900
Aplicacion: msedgewebview2
Veces vista: 1
2026-08-09 17:14:53 | OBSERVACION DE RED
Estado monitor: OBSERVACION
IP remota: 131.153.148.2
Puerto remoto: 443
IP local: 192.168.100.8
Puerto local: 54556
Estado TCP: ESTABLISHED
PID: 28900
Aplicacion: msedgewebview2
Veces vista: 8
Ya fue vista antes y sigue fuera de BASE.
Sigue en observacion con alertas controladas.
Requiere aprobacion manual para pasar a BASE.
2026-08-09 17:14:53 | OBSERVACION DE RED
Estado monitor: OBSERVACION
IP remota: 172.98.26.246
Puerto remoto: 443
IP local: 192.168.100.8
Puerto local: 56715
Estado TCP: ESTABLISHED
PID: 28900
Aplicacion: msedgewebview2
Veces vista: 12
Ya fue vista antes y sigue fuera de BASE.
Sigue en observacion con alertas controladas.
Requiere aprobacion manual para pasar a BASE.
2026-08-09 17:14:53 | OBSERVACION DE RED
Estado monitor: OBSERVACION
IP remota: 35.211.11.158
Puerto remoto: 443
IP local: 192.168.100.8
Puerto local: 59753
Estado TCP: ESTABLISHED
PID: 28900
Aplicacion: msedgewebview2
Veces vista: 3
Ya fue vista antes y sigue fuera de BASE.
Sigue en observacion con alertas controladas.
Requiere aprobacion manual para pasar a BASE.
2026-08-09 17:14:53 | OBSERVACION DE RED
Estado monitor: OBSERVACION
Tipo: PUERTO EN ESCUCHA
IP local: 0.0.0.0
Puerto local: 56379
Estado TCP: LISTENING
PID: 5204
Aplicacion: RvControlSvc
Veces vista: 4
Ya fue vista antes y sigue fuera de BASE.
Sigue en observacion con alertas controladas.
Requiere aprobacion manual para pasar a BASE.
2026-08-09 17:14:53 | OBSERVACION DE RED
Estado monitor: OBSERVACION
Tipo: PUERTO EN ESCUCHA
IP local: 0.0.0.0
Puerto local: 7680
Estado TCP: LISTENING
PID: 19164
Aplicacion: svchost
Veces vista: 491
Ya fue vista antes y sigue fuera de BASE.
Sigue en observacion con alertas controladas.
Requiere aprobacion manual para pasar a BASE.
2026-08-09 17:14:57 | Escaneo completado. Conexiones=60 Alertas=0 Observaciones=8 LearningMode=False
2026-08-09 17:24:55 | OBSERVACION DE RED
Estado monitor: OBSERVACION
IP remota: 43.169.50.1
Puerto remoto: 443
IP local: 192.168.100.8
Puerto local: 50415
Estado TCP: ESTABLISHED
PID: 28900
Aplicacion: msedgewebview2
Veces vista: 3
Ya fue vista antes y sigue fuera de BASE.
Sigue en observacion con alertas controladas.
Requiere aprobacion manual para pasar a BASE.
2026-08-09 17:24:55 | NUEVA CONEXION DETECTADA
Estado monitor: NUEVA
IP remota: 216.22.16.49
Puerto remoto: 443
IP local: 192.168.100.8
Puerto local: 59275
Estado TCP: ESTABLISHED
PID: 28900
Aplicacion: msedgewebview2
Veces vista: 1
2026-08-09 17:24:55 | NUEVA CONEXION DETECTADA
Estado monitor: NUEVA
IP remota: 216.22.16.49
Puerto remoto: 443
IP local: 192.168.100.8
Puerto local: 61563
Estado TCP: ESTABLISHED
PID: 28900
Aplicacion: msedgewebview2
Veces vista: 2
2026-08-09 17:24:55 | OBSERVACION DE RED
Estado monitor: OBSERVACION
IP remota: 172.217.192.188
Puerto remoto: 5228
IP local: 192.168.100.8
Puerto local: 65214
Estado TCP: ESTABLISHED
PID: 8852
Aplicacion: chrome
Veces vista: 639
Ya fue vista antes y sigue fuera de BASE.
Sigue en observacion con alertas controladas.
Requiere aprobacion manual para pasar a BASE.
2026-08-09 17:24:55 | OBSERVACION DE RED
Estado monitor: OBSERVACION
IP remota: 26.131.195.240
Puerto remoto: 56969
IP local: 26.137.80.247
Puerto local: 7680
Estado TCP: ESTABLISHED
PID: 19164
Aplicacion: svchost
Veces vista: 4
Ya fue vista antes y sigue fuera de BASE.
Sigue en observacion con alertas controladas.
Requiere aprobacion manual para pasar a BASE.
2026-08-09 17:24:55 | OBSERVACION DE RED
Estado monitor: OBSERVACION
IP remota: 26.38.8.66
Puerto remoto: 62943
IP local: 26.137.80.247
Puerto local: 7680
Estado TCP: ESTABLISHED
PID: 19164
Aplicacion: svchost
Veces vista: 4
Ya fue vista antes y sigue fuera de BASE.
Sigue en observacion con alertas controladas.
Requiere aprobacion manual para pasar a BASE.
2026-08-09 17:24:59 | Escaneo completado. Conexiones=63 Alertas=1 Observaciones=6 LearningMode=False
2026-08-09 17:34:53 | OBSERVACION DE RED
Estado monitor: OBSERVACION
IP remota: 77.88.55.88
Puerto remoto: 443
IP local: 192.168.100.8
Puerto local: 50398
Estado TCP: ESTABLISHED
PID: 28900
Aplicacion: msedgewebview2
Veces vista: 306
Ya fue vista antes y sigue fuera de BASE.
Sigue en observacion con alertas controladas.
Requiere aprobacion manual para pasar a BASE.
2026-08-09 17:34:53 | OBSERVACION DE RED
Estado monitor: OBSERVACION
IP remota: 200.42.122.8
Puerto remoto: 443
IP local: 192.168.100.8
Puerto local: 57874
Estado TCP: ESTABLISHED
PID: 3568
Aplicacion: servicehost
Veces vista: 45
Ya fue vista antes y sigue fuera de BASE.
Sigue en observacion con alertas controladas.
Requiere aprobacion manual para pasar a BASE.
2026-08-09 17:34:53 | OBSERVACION DE RED
Estado monitor: OBSERVACION
IP remota: 141.94.172.236
Puerto remoto: 443
IP local: 192.168.100.8
Puerto local: 58766
Estado TCP: ESTABLISHED
PID: 28900
Aplicacion: msedgewebview2
Veces vista: 251
Ya fue vista antes y sigue fuera de BASE.
Sigue en observacion con alertas controladas.
Requiere aprobacion manual para pasar a BASE.
2026-08-09 17:34:53 | OBSERVACION DE RED
Estado monitor: OBSERVACION
IP remota: 173.237.43.232
Puerto remoto: 443
IP local: 192.168.100.8
Puerto local: 60326
Estado TCP: ESTABLISHED
PID: 28900
Aplicacion: msedgewebview2
Veces vista: 144
Ya fue vista antes y sigue fuera de BASE.
Sigue en observacion con alertas controladas.
Requiere aprobacion manual para pasar a BASE.
2026-08-09 17:34:53 | OBSERVACION DE RED
Estado monitor: OBSERVACION
IP remota: 34.149.50.64
Puerto remoto: 443
IP local: 192.168.100.8
Puerto local: 64034
Estado TCP: ESTABLISHED
PID: 28900
Aplicacion: msedgewebview2
Veces vista: 19
Ya fue vista antes y sigue fuera de BASE.
Sigue en observacion con alertas controladas.
Requiere aprobacion manual para pasar a BASE.
2026-08-09 17:34:53 | OBSERVACION DE RED
Estado monitor: OBSERVACION
IP remota: 31.13.94.52
Puerto remoto: 443
IP local: 192.168.100.8
Puerto local: 64373
Estado TCP: ESTABLISHED
PID: 8852
Aplicacion: chrome
Veces vista: 412
Ya fue vista antes y sigue fuera de BASE.
Sigue en observacion con alertas controladas.
Requiere aprobacion manual para pasar a BASE.
2026-08-09 17:34:53 | OBSERVACION DE RED
Estado monitor: OBSERVACION
IP remota: 26.38.8.66
Puerto remoto: 63398
IP local: 26.137.80.247
Puerto local: 7680
Estado TCP: ESTABLISHED
PID: 19164
Aplicacion: svchost
Veces vista: 4
Ya fue vista antes y sigue fuera de BASE.
Sigue en observacion con alertas controladas.
Requiere aprobacion manual para pasar a BASE.
2026-08-09 17:34:53 | OBSERVACION DE RED
Estado monitor: OBSERVACION
Tipo: PUERTO EN ESCUCHA
IP local: 127.0.0.1
Puerto local: 64525
Estado TCP: LISTENING
PID: 23076
Aplicacion: helper
Veces vista: 28
Ya fue vista antes y sigue fuera de BASE.
Sigue en observacion con alertas controladas.
Requiere aprobacion manual para pasar a BASE.
2026-08-09 17:34:53 | OBSERVACION DE RED
Estado monitor: OBSERVACION
Tipo: PUERTO EN ESCUCHA
IP local: 192.168.100.8
Puerto local: 63303
Estado TCP: LISTENING
PID: 5204
Aplicacion: RvControlSvc
Veces vista: 26
Ya fue vista antes y sigue fuera de BASE.
Sigue en observacion con alertas controladas.
Requiere aprobacion manual para pasar a BASE.
2026-08-09 17:34:57 | Escaneo completado. Conexiones=51 Alertas=1 Observaciones=9 LearningMode=False
2026-08-09 17:44:54 | OBSERVACION DE RED
Estado monitor: OBSERVACION
IP remota: 200.42.122.24
Puerto remoto: 443
IP local: 192.168.100.8
Puerto local: 51776
Estado TCP: ESTABLISHED
PID: 28900
Aplicacion: msedgewebview2
Veces vista: 26
Ya fue vista antes y sigue fuera de BASE.
Sigue en observacion con alertas controladas.
Requiere aprobacion manual para pasar a BASE.
2026-08-09 17:44:54 | OBSERVACION DE RED
Estado monitor: OBSERVACION
IP remota: 150.171.110.39
Puerto remoto: 443
IP local: 192.168.100.8
Puerto local: 60015
Estado TCP: ESTABLISHED
PID: 25464
Aplicacion: msedge
Veces vista: 11
Ya fue vista antes y sigue fuera de BASE.
Sigue en observacion con alertas controladas.
Requiere aprobacion manual para pasar a BASE.
2026-08-09 17:44:54 | NUEVA CONEXION DETECTADA
Estado monitor: NUEVA
IP remota: 104.18.21.114
Puerto remoto: 443
IP local: 192.168.100.8
Puerto local: 64762
Estado TCP: ESTABLISHED
PID: 28900
Aplicacion: msedgewebview2
Veces vista: 1
2026-08-09 17:44:54 | OBSERVACION DE RED
Estado monitor: OBSERVACION
Tipo: PUERTO EN ESCUCHA
IP local: 0.0.0.0
Puerto local: 56379
Estado TCP: LISTENING
PID: 5204
Aplicacion: RvControlSvc
Veces vista: 7
Ya fue vista antes y sigue fuera de BASE.
Sigue en observacion con alertas controladas.
Requiere aprobacion manual para pasar a BASE.
2026-08-09 17:44:54 | OBSERVACION DE RED
Estado monitor: OBSERVACION
Tipo: PUERTO EN ESCUCHA
IP local: 0.0.0.0
Puerto local: 7680
Estado TCP: LISTENING
PID: 19164
Aplicacion: svchost
Veces vista: 494
Ya fue vista antes y sigue fuera de BASE.
Sigue en observacion con alertas controladas.
Requiere aprobacion manual para pasar a BASE.
2026-08-09 17:44:59 | Escaneo completado. Conexiones=55 Alertas=1 Observaciones=5 LearningMode=False
2026-08-09 17:55:00 | OBSERVACION DE RED
Estado monitor: OBSERVACION
IP remota: 172.217.117.4
Puerto remoto: 443
IP local: 192.168.100.8
Puerto local: 50270
Estado TCP: ESTABLISHED
PID: 8852
Aplicacion: chrome
Veces vista: 35
Ya fue vista antes y sigue fuera de BASE.
Sigue en observacion con alertas controladas.
Requiere aprobacion manual para pasar a BASE.
2026-08-09 17:55:00 | OBSERVACION DE RED
Estado monitor: OBSERVACION
IP remota: 31.13.94.52
Puerto remoto: 5222
IP local: 192.168.100.8
Puerto local: 50712
Estado TCP: ESTABLISHED
PID: 8852
Aplicacion: chrome
Veces vista: 74
Ya fue vista antes y sigue fuera de BASE.
Sigue en observacion con alertas controladas.
Requiere aprobacion manual para pasar a BASE.
2026-08-09 17:55:00 | NUEVA CONEXION DETECTADA
Estado monitor: NUEVA
IP remota: 167.249.52.62
Puerto remoto: 443
IP local: 192.168.100.8
Puerto local: 53310
Estado TCP: ESTABLISHED
PID: 8852
Aplicacion: chrome
Veces vista: 1
2026-08-09 17:55:00 | OBSERVACION DE RED
Estado monitor: OBSERVACION
IP remota: 142.251.128.40
Puerto remoto: 443
IP local: 192.168.100.8
Puerto local: 54562
Estado TCP: ESTABLISHED
PID: 8852
Aplicacion: chrome
Veces vista: 25
Ya fue vista antes y sigue fuera de BASE.
Sigue en observacion con alertas controladas.
Requiere aprobacion manual para pasar a BASE.
2026-08-09 17:55:00 | OBSERVACION DE RED
Estado monitor: OBSERVACION
IP remota: 98.136.144.138
Puerto remoto: 443
IP local: 192.168.100.8
Puerto local: 54967
Estado TCP: ESTABLISHED
PID: 8852
Aplicacion: chrome
Veces vista: 46
Ya fue vista antes y sigue fuera de BASE.
Sigue en observacion con alertas controladas.
Requiere aprobacion manual para pasar a BASE.
2026-08-09 17:55:00 | OBSERVACION DE RED
Estado monitor: OBSERVACION
IP remota: 172.217.115.4
Puerto remoto: 443
IP local: 192.168.100.8
Puerto local: 56368
Estado TCP: ESTABLISHED
PID: 8852
Aplicacion: chrome
Veces vista: 31
Ya fue vista antes y sigue fuera de BASE.
Sigue en observacion con alertas controladas.
Requiere aprobacion manual para pasar a BASE.
2026-08-09 17:55:00 | OBSERVACION DE RED
Estado monitor: OBSERVACION
IP remota: 64.233.186.157
Puerto remoto: 443
IP local: 192.168.100.8
Puerto local: 58272
Estado TCP: ESTABLISHED
PID: 8852
Aplicacion: chrome
Veces vista: 6
Ya fue vista antes y sigue fuera de BASE.
Sigue en observacion con alertas controladas.
Requiere aprobacion manual para pasar a BASE.
2026-08-09 17:55:00 | OBSERVACION DE RED
Estado monitor: OBSERVACION
IP remota: 142.251.128.131
Puerto remoto: 443
IP local: 192.168.100.8
Puerto local: 60958
Estado TCP: ESTABLISHED
PID: 8852
Aplicacion: chrome
Veces vista: 77
Ya fue vista antes y sigue fuera de BASE.
Sigue en observacion con alertas controladas.
Requiere aprobacion manual para pasar a BASE.
2026-08-09 17:55:00 | OBSERVACION DE RED
Estado monitor: OBSERVACION
IP remota: 172.217.116.4
Puerto remoto: 443
IP local: 192.168.100.8
Puerto local: 64698
Estado TCP: ESTABLISHED
PID: 8852
Aplicacion: chrome
Veces vista: 34
Ya fue vista antes y sigue fuera de BASE.
Sigue en observacion con alertas controladas.
Requiere aprobacion manual para pasar a BASE.
2026-08-09 17:55:00 | OBSERVACION DE RED
Estado monitor: OBSERVACION
IP remota: 172.217.192.188
Puerto remoto: 5228
IP local: 192.168.100.8
Puerto local: 65214
Estado TCP: ESTABLISHED
PID: 8852
Aplicacion: chrome
Veces vista: 642
Ya fue vista antes y sigue fuera de BASE.
Sigue en observacion con alertas controladas.
Requiere aprobacion manual para pasar a BASE.
2026-08-09 17:55:00 | OBSERVACION DE RED
Estado monitor: OBSERVACION
IP remota: 26.131.195.240
Puerto remoto: 56969
IP local: 26.137.80.247
Puerto local: 7680
Estado TCP: ESTABLISHED
PID: 19164
Aplicacion: svchost
Veces vista: 7
Ya fue vista antes y sigue fuera de BASE.
Sigue en observacion con alertas controladas.
Requiere aprobacion manual para pasar a BASE.
2026-08-09 17:55:00 | OBSERVACION DE RED
Estado monitor: OBSERVACION
IP remota: 26.38.8.66
Puerto remoto: 62943
IP local: 26.137.80.247
Puerto local: 7680
Estado TCP: ESTABLISHED
PID: 19164
Aplicacion: svchost
Veces vista: 7
Ya fue vista antes y sigue fuera de BASE.
Sigue en observacion con alertas controladas.
Requiere aprobacion manual para pasar a BASE.
2026-08-09 17:55:04 | Escaneo completado. Conexiones=83 Alertas=0 Observaciones=12 LearningMode=False
2026-08-09 18:05:01 | OBSERVACION DE RED
Estado monitor: OBSERVACION
IP remota: 77.88.55.88
Puerto remoto: 443
IP local: 192.168.100.8
Puerto local: 50398
Estado TCP: ESTABLISHED
PID: 28900
Aplicacion: msedgewebview2
Veces vista: 309
Ya fue vista antes y sigue fuera de BASE.
Sigue en observacion con alertas controladas.
Requiere aprobacion manual para pasar a BASE.
2026-08-09 18:05:01 | OBSERVACION DE RED
Estado monitor: OBSERVACION
IP remota: 142.251.128.72
Puerto remoto: 443
IP local: 192.168.100.8
Puerto local: 53423
Estado TCP: ESTABLISHED
PID: 8852
Aplicacion: chrome
Veces vista: 6
Ya fue vista antes y sigue fuera de BASE.
Sigue en observacion con alertas controladas.
Requiere aprobacion manual para pasar a BASE.
2026-08-09 18:05:01 | NUEVA CONEXION DETECTADA
Estado monitor: NUEVA
IP remota: 167.249.52.62
Puerto remoto: 443
IP local: 192.168.100.8
Puerto local: 54830
Estado TCP: ESTABLISHED
PID: 8852
Aplicacion: chrome
Veces vista: 2
2026-08-09 18:05:01 | NUEVA CONEXION DETECTADA
Estado monitor: NUEVA
IP remota: 150.171.110.42
Puerto remoto: 443
IP local: 192.168.100.8
Puerto local: 56982
Estado TCP: ESTABLISHED
PID: 17440
Aplicacion: POWERPNT
Veces vista: 1
2026-08-09 18:05:01 | OBSERVACION DE RED
Estado monitor: OBSERVACION
IP remota: 142.251.129.38
Puerto remoto: 443
IP local: 192.168.100.8
Puerto local: 57318
Estado TCP: ESTABLISHED
PID: 8852
Aplicacion: chrome
Veces vista: 5
Ya fue vista antes y sigue fuera de BASE.
Sigue en observacion con alertas controladas.
Requiere aprobacion manual para pasar a BASE.
2026-08-09 18:05:01 | OBSERVACION DE RED
Estado monitor: OBSERVACION
IP remota: 20.119.48.245
Puerto remoto: 443
IP local: 192.168.100.8
Puerto local: 57753
Estado TCP: ESTABLISHED
PID: 8852
Aplicacion: chrome
Veces vista: 101
Ya fue vista antes y sigue fuera de BASE.
Sigue en observacion con alertas controladas.
Requiere aprobacion manual para pasar a BASE.
2026-08-09 18:05:01 | OBSERVACION DE RED
Estado monitor: OBSERVACION
IP remota: 34.149.66.163
Puerto remoto: 443
IP local: 192.168.100.8
Puerto local: 58429
Estado TCP: ESTABLISHED
PID: 8852
Aplicacion: chrome
Veces vista: 32
Ya fue vista antes y sigue fuera de BASE.
Sigue en observacion con alertas controladas.
Requiere aprobacion manual para pasar a BASE.
2026-08-09 18:05:01 | OBSERVACION DE RED
Estado monitor: OBSERVACION
IP remota: 142.251.155.2
Puerto remoto: 443
IP local: 192.168.100.8
Puerto local: 58635
Estado TCP: ESTABLISHED
PID: 8852
Aplicacion: chrome
Veces vista: 10
Ya fue vista antes y sigue fuera de BASE.
Sigue en observacion con alertas controladas.
Requiere aprobacion manual para pasar a BASE.
2026-08-09 18:05:01 | OBSERVACION DE RED
Estado monitor: OBSERVACION
IP remota: 173.237.43.232
Puerto remoto: 443
IP local: 192.168.100.8
Puerto local: 60326
Estado TCP: ESTABLISHED
PID: 28900
Aplicacion: msedgewebview2
Veces vista: 147
Ya fue vista antes y sigue fuera de BASE.
Sigue en observacion con alertas controladas.
Requiere aprobacion manual para pasar a BASE.
2026-08-09 18:05:01 | OBSERVACION DE RED
Estado monitor: OBSERVACION
IP remota: 200.42.122.17
Puerto remoto: 443
IP local: 192.168.100.8
Puerto local: 61908
Estado TCP: ESTABLISHED
PID: 28900
Aplicacion: msedgewebview2
Veces vista: 129
Ya fue vista antes y sigue fuera de BASE.
Sigue en observacion con alertas controladas.
Requiere aprobacion manual para pasar a BASE.
2026-08-09 18:05:01 | OBSERVACION DE RED
Estado monitor: OBSERVACION
Tipo: PUERTO EN ESCUCHA
IP local: 192.168.100.8
Puerto local: 63303
Estado TCP: LISTENING
PID: 5204
Aplicacion: RvControlSvc
Veces vista: 29
Ya fue vista antes y sigue fuera de BASE.
Sigue en observacion con alertas controladas.
Requiere aprobacion manual para pasar a BASE.
2026-08-09 18:05:05 | Escaneo completado. Conexiones=81 Alertas=0 Observaciones=11 LearningMode=False
2026-08-09 18:14:56 | OBSERVACION DE RED
Estado monitor: OBSERVACION
IP remota: 200.42.122.27
Puerto remoto: 443
IP local: 192.168.100.8
Puerto local: 51026
Estado TCP: ESTABLISHED
PID: 11140
Aplicacion: svchost
Veces vista: 3
Ya fue vista antes y sigue fuera de BASE.
Sigue en observacion con alertas controladas.
Requiere aprobacion manual para pasar a BASE.
2026-08-09 18:14:56 | OBSERVACION DE RED
Estado monitor: OBSERVACION
IP remota: 172.217.28.2
Puerto remoto: 443
IP local: 192.168.100.8
Puerto local: 56014
Estado TCP: ESTABLISHED
PID: 8852
Aplicacion: chrome
Veces vista: 28
Ya fue vista antes y sigue fuera de BASE.
Sigue en observacion con alertas controladas.
Requiere aprobacion manual para pasar a BASE.
2026-08-09 18:14:56 | OBSERVACION DE RED
Estado monitor: OBSERVACION
IP remota: 200.42.122.9
Puerto remoto: 443
IP local: 192.168.100.8
Puerto local: 64258
Estado TCP: ESTABLISHED
PID: 28900
Aplicacion: msedgewebview2
Veces vista: 174
Ya fue vista antes y sigue fuera de BASE.
Sigue en observacion con alertas controladas.
Requiere aprobacion manual para pasar a BASE.
2026-08-09 18:14:56 | OBSERVACION DE RED
Estado monitor: OBSERVACION
IP remota: 26.38.8.66
Puerto remoto: 49160
IP local: 26.137.80.247
Puerto local: 7680
Estado TCP: ESTABLISHED
PID: 19164
Aplicacion: svchost
Veces vista: 1
Sigue en observacion con alertas controladas.
Requiere aprobacion manual para pasar a BASE.
2026-08-09 18:14:56 | OBSERVACION DE RED
Estado monitor: OBSERVACION
Tipo: PUERTO EN ESCUCHA
IP local: 0.0.0.0
Puerto local: 56379
Estado TCP: LISTENING
PID: 5204
Aplicacion: RvControlSvc
Veces vista: 10
Ya fue vista antes y sigue fuera de BASE.
Sigue en observacion con alertas controladas.
Requiere aprobacion manual para pasar a BASE.
2026-08-09 18:14:56 | OBSERVACION DE RED
Estado monitor: OBSERVACION
Tipo: PUERTO EN ESCUCHA
IP local: 0.0.0.0
Puerto local: 7680
Estado TCP: LISTENING
PID: 19164
Aplicacion: svchost
Veces vista: 497
Ya fue vista antes y sigue fuera de BASE.
Sigue en observacion con alertas controladas.
Requiere aprobacion manual para pasar a BASE.
2026-08-09 18:15:00 | Escaneo completado. Conexiones=64 Alertas=0 Observaciones=6 LearningMode=False
2026-08-09 18:25:07 | OBSERVACION DE RED
Estado monitor: OBSERVACION
IP remota: 31.13.94.52
Puerto remoto: 5222
IP local: 192.168.100.8
Puerto local: 50712
Estado TCP: ESTABLISHED
PID: 8852
Aplicacion: chrome
Veces vista: 77
Ya fue vista antes y sigue fuera de BASE.
Sigue en observacion con alertas controladas.
Requiere aprobacion manual para pasar a BASE.
2026-08-09 18:25:07 | NUEVA CONEXION DETECTADA
Estado monitor: NUEVA
IP remota: 2.18.58.25
Puerto remoto: 443
IP local: 192.168.100.8
Puerto local: 50966
Estado TCP: ESTABLISHED
PID: 27948
Aplicacion: WinStore.App
Veces vista: 1
2026-08-09 18:25:07 | NUEVA CONEXION DETECTADA
Estado monitor: NUEVA
IP remota: 23.1.208.14
Puerto remoto: 443
IP local: 192.168.100.8
Puerto local: 50967
Estado TCP: ESTABLISHED
PID: 27948
Aplicacion: WinStore.App
Veces vista: 1
2026-08-09 18:25:07 | NUEVA CONEXION DETECTADA
Estado monitor: NUEVA
IP remota: 23.1.208.14
Puerto remoto: 443
IP local: 192.168.100.8
Puerto local: 50968
Estado TCP: ESTABLISHED
PID: 27948
Aplicacion: WinStore.App
Veces vista: 2
2026-08-09 18:25:07 | OBSERVACION DE RED
Estado monitor: OBSERVACION
IP remota: 52.97.106.82
Puerto remoto: 443
IP local: 192.168.100.8
Puerto local: 50969
Estado TCP: ESTABLISHED
PID: 14200
Aplicacion: SearchHost
Veces vista: 9
Ya fue vista antes y sigue fuera de BASE.
Sigue en observacion con alertas controladas.
Requiere aprobacion manual para pasar a BASE.
2026-08-09 18:25:07 | OBSERVACION DE RED
Estado monitor: OBSERVACION
IP remota: 13.107.6.254
Puerto remoto: 443
IP local: 192.168.100.8
Puerto local: 51638
Estado TCP: ESTABLISHED
PID: 2536
Aplicacion: msedgewebview2
Veces vista: 5
Ya fue vista antes y sigue fuera de BASE.
Sigue en observacion con alertas controladas.
Requiere aprobacion manual para pasar a BASE.
2026-08-09 18:25:07 | OBSERVACION DE RED
Estado monitor: OBSERVACION
IP remota: 172.217.117.4
Puerto remoto: 443
IP local: 192.168.100.8
Puerto local: 54719
Estado TCP: ESTABLISHED
PID: 8852
Aplicacion: chrome
Veces vista: 36
Ya fue vista antes y sigue fuera de BASE.
Sigue en observacion con alertas controladas.
Requiere aprobacion manual para pasar a BASE.
2026-08-09 18:25:07 | NUEVA CONEXION DETECTADA
Estado monitor: NUEVA
IP remota: 2.18.56.8
Puerto remoto: 443
IP local: 192.168.100.8
Puerto local: 56955
Estado TCP: ESTABLISHED
PID: 27948
Aplicacion: WinStore.App
Veces vista: 1
2026-08-09 18:25:07 | NUEVA CONEXION DETECTADA
Estado monitor: NUEVA
IP remota: 2.18.56.8
Puerto remoto: 443
IP local: 192.168.100.8
Puerto local: 56956
Estado TCP: ESTABLISHED
PID: 27948
Aplicacion: WinStore.App
Veces vista: 2
2026-08-09 18:25:07 | OBSERVACION DE RED
Estado monitor: OBSERVACION
IP remota: 13.107.253.254
Puerto remoto: 443
IP local: 192.168.100.8
Puerto local: 59981
Estado TCP: ESTABLISHED
PID: 2536
Aplicacion: msedgewebview2
Veces vista: 6
Ya fue vista antes y sigue fuera de BASE.
Sigue en observacion con alertas controladas.
Requiere aprobacion manual para pasar a BASE.
2026-08-09 18:25:07 | OBSERVACION DE RED
Estado monitor: OBSERVACION
IP remota: 13.107.136.254
Puerto remoto: 443
IP local: 192.168.100.8
Puerto local: 62043
Estado TCP: ESTABLISHED
PID: 2536
Aplicacion: msedgewebview2
Veces vista: 7
Ya fue vista antes y sigue fuera de BASE.
Sigue en observacion con alertas controladas.
Requiere aprobacion manual para pasar a BASE.
2026-08-09 18:25:07 | OBSERVACION DE RED
Estado monitor: OBSERVACION
IP remota: 142.251.128.67
Puerto remoto: 443
IP local: 192.168.100.8
Puerto local: 63158
Estado TCP: ESTABLISHED
PID: 8852
Aplicacion: chrome
Veces vista: 108
Ya fue vista antes y sigue fuera de BASE.
Sigue en observacion con alertas controladas.
Requiere aprobacion manual para pasar a BASE.
2026-08-09 18:25:07 | OBSERVACION DE RED
Estado monitor: OBSERVACION
IP remota: 52.110.14.81
Puerto remoto: 443
IP local: 192.168.100.8
Puerto local: 63218
Estado TCP: ESTABLISHED
PID: 11472
Aplicacion: explorer
Veces vista: 32
Ya fue vista antes y sigue fuera de BASE.
Sigue en observacion con alertas controladas.
Requiere aprobacion manual para pasar a BASE.
2026-08-09 18:25:07 | OBSERVACION DE RED
Estado monitor: OBSERVACION
IP remota: 20.190.173.129
Puerto remoto: 443
IP local: 192.168.100.8
Puerto local: 63219
Estado TCP: ESTABLISHED
PID: 9136
Aplicacion: svchost
Veces vista: 25
Ya fue vista antes y sigue fuera de BASE.
Sigue en observacion con alertas controladas.
Requiere aprobacion manual para pasar a BASE.
2026-08-09 18:25:07 | OBSERVACION DE RED
Estado monitor: OBSERVACION
IP remota: 52.97.28.162
Puerto remoto: 443
IP local: 192.168.100.8
Puerto local: 63220
Estado TCP: ESTABLISHED
PID: 11472
Aplicacion: explorer
Veces vista: 23
Ya fue vista antes y sigue fuera de BASE.
Sigue en observacion con alertas controladas.
Requiere aprobacion manual para pasar a BASE.
2026-08-09 18:25:07 | NUEVA CONEXION DETECTADA
Estado monitor: NUEVA
IP remota: 20.99.134.80
Puerto remoto: 443
IP local: 192.168.100.8
Puerto local: 63396
Estado TCP: ESTABLISHED
PID: 9120
Aplicacion: SystemSettings
Veces vista: 1
2026-08-09 18:25:07 | OBSERVACION DE RED
Estado monitor: OBSERVACION
IP remota: 40.126.45.27
Puerto remoto: 443
IP local: 192.168.100.8
Puerto local: 63398
Estado TCP: ESTABLISHED
PID: 25948
Aplicacion: OneDrive
Veces vista: 3
Ya fue vista antes y sigue fuera de BASE.
Sigue en observacion con alertas controladas.
Requiere aprobacion manual para pasar a BASE.
2026-08-09 18:25:07 | NUEVA CONEXION DETECTADA
Estado monitor: NUEVA
IP remota: 2.23.164.35
Puerto remoto: 443
IP local: 192.168.100.8
Puerto local: 63399
Estado TCP: ESTABLISHED
PID: 9120
Aplicacion: SystemSettings
Veces vista: 1
2026-08-09 18:25:07 | OBSERVACION DE RED
Estado monitor: OBSERVACION
IP remota: 2.18.56.8
Puerto remoto: 443
IP local: 192.168.100.8
Puerto local: 65024
Estado TCP: ESTABLISHED
PID: 2536
Aplicacion: msedgewebview2
Veces vista: 25
Ya fue vista antes y sigue fuera de BASE.
Sigue en observacion con alertas controladas.
Requiere aprobacion manual para pasar a BASE.
2026-08-09 18:25:12 | Escaneo completado. Conexiones=98 Alertas=0 Observaciones=19 LearningMode=False
2026-08-09 18:34:57 | OBSERVACION DE RED
Estado monitor: OBSERVACION
IP remota: 142.251.133.227
Puerto remoto: 443
IP local: 192.168.100.8
Puerto local: 55099
Estado TCP: ESTABLISHED
PID: 8852
Aplicacion: chrome
Veces vista: 83
Ya fue vista antes y sigue fuera de BASE.
Sigue en observacion con alertas controladas.
Requiere aprobacion manual para pasar a BASE.
2026-08-09 18:34:57 | OBSERVACION DE RED
Estado monitor: OBSERVACION
IP remota: 200.42.122.18
Puerto remoto: 443
IP local: 192.168.100.8
Puerto local: 55100
Estado TCP: ESTABLISHED
PID: 3568
Aplicacion: servicehost
Veces vista: 39
Ya fue vista antes y sigue fuera de BASE.
Sigue en observacion con alertas controladas.
Requiere aprobacion manual para pasar a BASE.
2026-08-09 18:34:57 | OBSERVACION DE RED
Estado monitor: OBSERVACION
IP remota: 200.42.122.9
Puerto remoto: 443
IP local: 192.168.100.8
Puerto local: 60499
Estado TCP: ESTABLISHED
PID: 5300
Aplicacion: mc-fw-host
Veces vista: 5
Ya fue vista antes y sigue fuera de BASE.
Sigue en observacion con alertas controladas.
Requiere aprobacion manual para pasar a BASE.
2026-08-09 18:34:57 | NUEVA CONEXION DETECTADA
Estado monitor: NUEVA
IP remota: 161.69.232.0
Puerto remoto: 443
IP local: 192.168.100.8
Puerto local: 60500
Estado TCP: ESTABLISHED
PID: 5300
Aplicacion: mc-fw-host
Veces vista: 1
2026-08-09 18:34:57 | OBSERVACION DE RED
Estado monitor: OBSERVACION
Tipo: PUERTO EN ESCUCHA
IP local: 0.0.0.0
Puerto local: 64581
Estado TCP: LISTENING
PID: 5204
Aplicacion: RvControlSvc
Veces vista: 1
Sigue en observacion con alertas controladas.
Requiere aprobacion manual para pasar a BASE.
2026-08-09 18:35:01 | Escaneo completado. Conexiones=73 Alertas=0 Observaciones=5 LearningMode=False
2026-08-09 18:49:10 | OBSERVACION DE RED
Estado monitor: OBSERVACION
IP remota: 79.127.252.105
Puerto remoto: 443
IP local: 192.168.100.8
Puerto local: 49822
Estado TCP: ESTABLISHED
PID: 21992
Aplicacion: AnyDesk
Veces vista: 125
Ya fue vista antes y sigue fuera de BASE.
Sigue en observacion con alertas controladas.
Requiere aprobacion manual para pasar a BASE.
2026-08-09 18:49:10 | OBSERVACION DE RED
Estado monitor: OBSERVACION
IP remota: 108.177.123.188
Puerto remoto: 5228
IP local: 192.168.100.8
Puerto local: 51116
Estado TCP: ESTABLISHED
PID: 8852
Aplicacion: chrome
Veces vista: 596
Ya fue vista antes y sigue fuera de BASE.
Sigue en observacion con alertas controladas.
Requiere aprobacion manual para pasar a BASE.
2026-08-09 18:49:10 | OBSERVACION DE RED
Estado monitor: OBSERVACION
IP remota: 172.66.169.55
Puerto remoto: 443
IP local: 192.168.100.8
Puerto local: 60674
Estado TCP: ESTABLISHED
PID: 28900
Aplicacion: msedgewebview2
Veces vista: 36
Ya fue vista antes y sigue fuera de BASE.
Sigue en observacion con alertas controladas.
Requiere aprobacion manual para pasar a BASE.
2026-08-09 18:49:10 | OBSERVACION DE RED
Estado monitor: OBSERVACION
IP remota: 142.250.0.84
Puerto remoto: 443
IP local: 192.168.100.8
Puerto local: 63941
Estado TCP: ESTABLISHED
PID: 8852
Aplicacion: chrome
Veces vista: 20
Ya fue vista antes y sigue fuera de BASE.
Sigue en observacion con alertas controladas.
Requiere aprobacion manual para pasar a BASE.
2026-08-09 18:49:10 | NUEVA CONEXION DETECTADA
Estado monitor: NUEVA
IP remota: 104.18.41.237
Puerto remoto: 443
IP local: 192.168.100.8
Puerto local: 64720
Estado TCP: ESTABLISHED
PID: 8852
Aplicacion: chrome
Veces vista: 1
2026-08-09 18:49:10 | OBSERVACION DE RED
Estado monitor: OBSERVACION
IP remota: 192.168.100.6
Puerto remoto: 54172
IP local: 192.168.100.8
Puerto local: 7680
Estado TCP: ESTABLISHED
PID: 19164
Aplicacion: svchost
Veces vista: 1
Sigue en observacion con alertas controladas.
Requiere aprobacion manual para pasar a BASE.
2026-08-09 18:49:10 | OBSERVACION DE RED
Estado monitor: OBSERVACION
IP remota: 192.168.100.6
Puerto remoto: 54173
IP local: 192.168.100.8
Puerto local: 7680
Estado TCP: ESTABLISHED
PID: 19164
Aplicacion: svchost
Veces vista: 1
Sigue en observacion con alertas controladas.
Requiere aprobacion manual para pasar a BASE.
2026-08-09 18:49:10 | OBSERVACION DE RED
Estado monitor: OBSERVACION
IP remota: 192.168.100.6
Puerto remoto: 54174
IP local: 192.168.100.8
Puerto local: 7680
Estado TCP: ESTABLISHED
PID: 19164
Aplicacion: svchost
Veces vista: 1
Sigue en observacion con alertas controladas.
Requiere aprobacion manual para pasar a BASE.
2026-08-09 18:49:10 | OBSERVACION DE RED
Estado monitor: OBSERVACION
IP remota: 26.38.8.66
Puerto remoto: 62306
IP local: 26.137.80.247
Puerto local: 7680
Estado TCP: ESTABLISHED
PID: 19164
Aplicacion: svchost
Veces vista: 1
Sigue en observacion con alertas controladas.
Requiere aprobacion manual para pasar a BASE.
2026-08-09 18:49:10 | OBSERVACION DE RED
Estado monitor: OBSERVACION
Tipo: PUERTO EN ESCUCHA
IP local: 0.0.0.0
Puerto local: 54021
Estado TCP: LISTENING
PID: 5204
Aplicacion: RvControlSvc
Veces vista: 1
Sigue en observacion con alertas controladas.
Requiere aprobacion manual para pasar a BASE.
2026-08-09 18:49:10 | OBSERVACION DE RED
Estado monitor: OBSERVACION
Tipo: PUERTO EN ESCUCHA
IP local: 0.0.0.0
Puerto local: 59967
Estado TCP: LISTENING
PID: 5204
Aplicacion: RvControlSvc
Veces vista: 1
Sigue en observacion con alertas controladas.
Requiere aprobacion manual para pasar a BASE.
2026-08-09 18:49:10 | OBSERVACION DE RED
Estado monitor: OBSERVACION
Tipo: PUERTO EN ESCUCHA
IP local: 0.0.0.0
Puerto local: 7680
Estado TCP: LISTENING
PID: 19164
Aplicacion: svchost
Veces vista: 500
Ya fue vista antes y sigue fuera de BASE.
Sigue en observacion con alertas controladas.
Requiere aprobacion manual para pasar a BASE.
2026-08-09 18:49:10 | OBSERVACION DE RED
Estado monitor: OBSERVACION
Tipo: PUERTO EN ESCUCHA
IP local: 192.168.100.8
Puerto local: 52056
Estado TCP: LISTENING
PID: 5204
Aplicacion: RvControlSvc
Veces vista: 1
Sigue en observacion con alertas controladas.
Requiere aprobacion manual para pasar a BASE.
2026-08-09 18:49:10 | OBSERVACION DE RED
Estado monitor: OBSERVACION
Tipo: PUERTO EN ESCUCHA
IP local: 192.168.100.8
Puerto local: 54020
Estado TCP: LISTENING
PID: 5204
Aplicacion: RvControlSvc
Veces vista: 1
Sigue en observacion con alertas controladas.
Requiere aprobacion manual para pasar a BASE.
2026-08-09 18:49:14 | Escaneo completado. Conexiones=111 Alertas=0 Observaciones=14 LearningMode=False
2026-08-09 19:03:16 | NUEVA CONEXION DETECTADA
Estado monitor: NUEVA
IP remota: 104.18.41.237
Puerto remoto: 443
IP local: 192.168.100.8
Puerto local: 51042
Estado TCP: ESTABLISHED
PID: 8852
Aplicacion: chrome
Veces vista: 2
2026-08-09 19:03:16 | OBSERVACION DE RED
Estado monitor: OBSERVACION
IP remota: 142.251.156.2
Puerto remoto: 443
IP local: 192.168.100.8
Puerto local: 52436
Estado TCP: ESTABLISHED
PID: 8852
Aplicacion: chrome
Veces vista: 12
Ya fue vista antes y sigue fuera de BASE.
Sigue en observacion con alertas controladas.
Requiere aprobacion manual para pasar a BASE.
2026-08-09 19:03:16 | OBSERVACION DE RED
Estado monitor: OBSERVACION
IP remota: 200.42.122.8
Puerto remoto: 443
IP local: 192.168.100.8
Puerto local: 52776
Estado TCP: ESTABLISHED
PID: 28900
Aplicacion: msedgewebview2
Veces vista: 16
Ya fue vista antes y sigue fuera de BASE.
Sigue en observacion con alertas controladas.
Requiere aprobacion manual para pasar a BASE.
2026-08-09 19:03:16 | OBSERVACION DE RED
Estado monitor: OBSERVACION
IP remota: 52.97.28.162
Puerto remoto: 443
IP local: 192.168.100.8
Puerto local: 52974
Estado TCP: ESTABLISHED
PID: 11472
Aplicacion: explorer
Veces vista: 29
Ya fue vista antes y sigue fuera de BASE.
Sigue en observacion con alertas controladas.
Requiere aprobacion manual para pasar a BASE.
2026-08-09 19:03:16 | OBSERVACION DE RED
Estado monitor: OBSERVACION
IP remota: 136.110.189.215
Puerto remoto: 443
IP local: 192.168.100.8
Puerto local: 53338
Estado TCP: ESTABLISHED
PID: 28900
Aplicacion: msedgewebview2
Veces vista: 13
Ya fue vista antes y sigue fuera de BASE.
Sigue en observacion con alertas controladas.
Requiere aprobacion manual para pasar a BASE.
2026-08-09 19:03:16 | OBSERVACION DE RED
Estado monitor: OBSERVACION
IP remota: 200.42.122.17
Puerto remoto: 443
IP local: 192.168.100.8
Puerto local: 54710
Estado TCP: ESTABLISHED
PID: 28900
Aplicacion: msedgewebview2
Veces vista: 130
Ya fue vista antes y sigue fuera de BASE.
Sigue en observacion con alertas controladas.
Requiere aprobacion manual para pasar a BASE.
2026-08-09 19:03:16 | OBSERVACION DE RED
Estado monitor: OBSERVACION
IP remota: 138.97.177.156
Puerto remoto: 63251
IP local: 192.168.100.8
Puerto local: 54724
Estado TCP: ESTABLISHED
PID: 5204
Aplicacion: RvControlSvc
Veces vista: 78
Ya fue vista antes y sigue fuera de BASE.
Sigue en observacion con alertas controladas.
Requiere aprobacion manual para pasar a BASE.
2026-08-09 19:03:16 | OBSERVACION DE RED
Estado monitor: OBSERVACION
IP remota: 138.97.177.156
Puerto remoto: 62945
IP local: 192.168.100.8
Puerto local: 54725
Estado TCP: ESTABLISHED
PID: 5204
Aplicacion: RvControlSvc
Veces vista: 100
Ya fue vista antes y sigue fuera de BASE.
Sigue en observacion con alertas controladas.
Requiere aprobacion manual para pasar a BASE.
2026-08-09 19:03:16 | NUEVA CONEXION DETECTADA
Estado monitor: NUEVA
IP remota: 35.211.249.247
Puerto remoto: 443
IP local: 192.168.100.8
Puerto local: 54772
Estado TCP: ESTABLISHED
PID: 28900
Aplicacion: msedgewebview2
Veces vista: 1
2026-08-09 19:03:16 | OBSERVACION DE RED
Estado monitor: OBSERVACION
IP remota: 138.97.177.80
Puerto remoto: 60690
IP local: 192.168.100.8
Puerto local: 54799
Estado TCP: ESTABLISHED
PID: 5204
Aplicacion: RvControlSvc
Veces vista: 96
Ya fue vista antes y sigue fuera de BASE.
Sigue en observacion con alertas controladas.
Requiere aprobacion manual para pasar a BASE.
2026-08-09 19:03:16 | OBSERVACION DE RED
Estado monitor: OBSERVACION
IP remota: 173.237.43.231
Puerto remoto: 443
IP local: 192.168.100.8
Puerto local: 55739
Estado TCP: ESTABLISHED
PID: 28900
Aplicacion: msedgewebview2
Veces vista: 36
Ya fue vista antes y sigue fuera de BASE.
Sigue en observacion con alertas controladas.
Requiere aprobacion manual para pasar a BASE.
2026-08-09 19:03:16 | NUEVA CONEXION DETECTADA
Estado monitor: NUEVA
IP remota: 48.214.237.35
Puerto remoto: 443
IP local: 192.168.100.8
Puerto local: 56021
Estado TCP: ESTABLISHED
PID: 14800
Aplicacion: taskhostw
Veces vista: 1
2026-08-09 19:03:16 | NUEVA CONEXION DETECTADA
Estado monitor: NUEVA
IP remota: 35.211.249.247
Puerto remoto: 443
IP local: 192.168.100.8
Puerto local: 59824
Estado TCP: ESTABLISHED
PID: 28900
Aplicacion: msedgewebview2
Veces vista: 2
2026-08-09 19:03:16 | OBSERVACION DE RED
Estado monitor: OBSERVACION
IP remota: 5.255.255.77
Puerto remoto: 443
IP local: 192.168.100.8
Puerto local: 61196
Estado TCP: ESTABLISHED
PID: 28900
Aplicacion: msedgewebview2
Veces vista: 218
Ya fue vista antes y sigue fuera de BASE.
Sigue en observacion con alertas controladas.
Requiere aprobacion manual para pasar a BASE.
2026-08-09 19:03:16 | OBSERVACION DE RED
Estado monitor: OBSERVACION
IP remota: 31.13.94.52
Puerto remoto: 5222
IP local: 192.168.100.8
Puerto local: 63341
Estado TCP: ESTABLISHED
PID: 8852
Aplicacion: chrome
Veces vista: 78
Ya fue vista antes y sigue fuera de BASE.
Sigue en observacion con alertas controladas.
Requiere aprobacion manual para pasar a BASE.
2026-08-09 19:03:16 | OBSERVACION DE RED
Estado monitor: OBSERVACION
Tipo: PUERTO EN ESCUCHA
IP local: 192.168.100.8
Puerto local: 54869
Estado TCP: LISTENING
PID: 5204
Aplicacion: RvControlSvc
Veces vista: 1
Sigue en observacion con alertas controladas.
Requiere aprobacion manual para pasar a BASE.
2026-08-09 19:03:21 | Escaneo completado. Conexiones=90 Alertas=0 Observaciones=16 LearningMode=False
2026-08-09 19:24:21 | NUEVA CONEXION DETECTADA
Estado monitor: NUEVA
IP remota: 4.153.25.230
Puerto remoto: 443
IP local: 192.168.100.8
Puerto local: 49152
Estado TCP: ESTABLISHED
PID: 3800
Aplicacion: SnapTube
Veces vista: 1
2026-08-09 19:24:21 | OBSERVACION DE RED
Estado monitor: OBSERVACION
IP remota: 142.251.133.227
Puerto remoto: 443
IP local: 192.168.100.8
Puerto local: 49739
Estado TCP: ESTABLISHED
PID: 8852
Aplicacion: chrome
Veces vista: 84
Ya fue vista antes y sigue fuera de BASE.
Sigue en observacion con alertas controladas.
Requiere aprobacion manual para pasar a BASE.
2026-08-09 19:24:21 | OBSERVACION DE RED
Estado monitor: OBSERVACION
IP remota: 57.128.187.188
Puerto remoto: 17301
IP local: 192.168.100.8
Puerto local: 49763
Estado TCP: ESTABLISHED
PID: 5204
Aplicacion: RvControlSvc
Veces vista: 15
Ya fue vista antes y sigue fuera de BASE.
Sigue en observacion con alertas controladas.
Requiere aprobacion manual para pasar a BASE.
2026-08-09 19:24:21 | OBSERVACION DE RED
Estado monitor: OBSERVACION
IP remota: 142.251.157.4
Puerto remoto: 443
IP local: 192.168.100.8
Puerto local: 53829
Estado TCP: ESTABLISHED
PID: 8852
Aplicacion: chrome
Veces vista: 10
Ya fue vista antes y sigue fuera de BASE.
Sigue en observacion con alertas controladas.
Requiere aprobacion manual para pasar a BASE.
2026-08-09 19:24:21 | NUEVA CONEXION DETECTADA
Estado monitor: NUEVA
IP remota: 142.251.151.4
Puerto remoto: 443
IP local: 192.168.100.8
Puerto local: 64150
Estado TCP: ESTABLISHED
PID: 3800
Aplicacion: SnapTube
Veces vista: 1
2026-08-09 19:24:21 | NUEVA CONEXION DETECTADA
Estado monitor: NUEVA
IP remota: 138.97.176.236
Puerto remoto: 443
IP local: 192.168.100.8
Puerto local: 65525
Estado TCP: ESTABLISHED
PID: 3800
Aplicacion: SnapTube
Veces vista: 1
2026-08-09 19:24:21 | NUEVA CONEXION DETECTADA
Estado monitor: NUEVA
IP remota: 142.251.134.214
Puerto remoto: 443
IP local: 192.168.100.8
Puerto local: 65526
Estado TCP: ESTABLISHED
PID: 11140
Aplicacion: svchost
Veces vista: 1
2026-08-09 19:24:21 | OBSERVACION DE RED
Estado monitor: OBSERVACION
Tipo: PUERTO EN ESCUCHA
IP local: 0.0.0.0
Puerto local: 49764
Estado TCP: LISTENING
PID: 5204
Aplicacion: RvControlSvc
Veces vista: 1
Sigue en observacion con alertas controladas.
Requiere aprobacion manual para pasar a BASE.
2026-08-09 19:24:21 | OBSERVACION DE RED
Estado monitor: OBSERVACION
Tipo: PUERTO EN ESCUCHA
IP local: 127.0.0.1
Puerto local: 8080
Estado TCP: LISTENING
PID: 4
Aplicacion: System
Veces vista: 1
Sigue en observacion con alertas controladas.
Requiere aprobacion manual para pasar a BASE.
2026-08-09 19:24:21 | OBSERVACION DE RED
Estado monitor: OBSERVACION
Tipo: PUERTO EN ESCUCHA
IP local: 192.168.100.8
Puerto local: 49763
Estado TCP: LISTENING
PID: 5204
Aplicacion: RvControlSvc
Veces vista: 1
Sigue en observacion con alertas controladas.
Requiere aprobacion manual para pasar a BASE.
2026-08-09 19:24:21 | OBSERVACION DE RED
Estado monitor: OBSERVACION
Tipo: PUERTO EN ESCUCHA
IP local: 192.168.100.8
Puerto local: 56666
Estado TCP: LISTENING
PID: 5204
Aplicacion: RvControlSvc
Veces vista: 1
Sigue en observacion con alertas controladas.
Requiere aprobacion manual para pasar a BASE.
2026-08-09 19:24:25 | Escaneo completado. Conexiones=111 Alertas=0 Observaciones=11 LearningMode=False
2026-08-09 19:34:18 | OBSERVACION DE RED
Estado monitor: OBSERVACION
IP remota: 172.217.28.234
Puerto remoto: 443
IP local: 192.168.100.8
Puerto local: 52272
Estado TCP: ESTABLISHED
PID: 8852
Aplicacion: chrome
Veces vista: 68
Ya fue vista antes y sigue fuera de BASE.
Sigue en observacion con alertas controladas.
Requiere aprobacion manual para pasar a BASE.
2026-08-09 19:34:18 | OBSERVACION DE RED
Estado monitor: OBSERVACION
IP remota: 172.217.113.4
Puerto remoto: 443
IP local: 192.168.100.8
Puerto local: 53688
Estado TCP: ESTABLISHED
PID: 18420
Aplicacion: language_server_windows_x64
Veces vista: 246
Ya fue vista antes y sigue fuera de BASE.
Sigue en observacion con alertas controladas.
Requiere aprobacion manual para pasar a BASE.
2026-08-09 19:34:18 | OBSERVACION DE RED
Estado monitor: OBSERVACION
IP remota: 4.150.223.114
Puerto remoto: 443
IP local: 192.168.100.8
Puerto local: 59974
Estado TCP: ESTABLISHED
PID: 25948
Aplicacion: OneDrive
Veces vista: 4
Ya fue vista antes y sigue fuera de BASE.
Sigue en observacion con alertas controladas.
Requiere aprobacion manual para pasar a BASE.
2026-08-09 19:34:18 | OBSERVACION DE RED
Estado monitor: OBSERVACION
IP remota: 142.251.151.2
Puerto remoto: 443
IP local: 192.168.100.8
Puerto local: 61433
Estado TCP: ESTABLISHED
PID: 8852
Aplicacion: chrome
Veces vista: 9
Ya fue vista antes y sigue fuera de BASE.
Sigue en observacion con alertas controladas.
Requiere aprobacion manual para pasar a BASE.
2026-08-09 19:34:18 | OBSERVACION DE RED
Estado monitor: OBSERVACION
IP remota: 172.217.115.4
Puerto remoto: 443
IP local: 192.168.100.8
Puerto local: 61755
Estado TCP: ESTABLISHED
PID: 21312
Aplicacion: language_server_windows_x64
Veces vista: 256
Ya fue vista antes y sigue fuera de BASE.
Sigue en observacion con alertas controladas.
Requiere aprobacion manual para pasar a BASE.
2026-08-09 19:34:18 | OBSERVACION DE RED
Estado monitor: OBSERVACION
IP remota: 104.16.7.34
Puerto remoto: 443
IP local: 192.168.100.8
Puerto local: 61763
Estado TCP: ESTABLISHED
PID: 22940
Aplicacion: node
Veces vista: 3
Ya fue vista antes y sigue fuera de BASE.
Sigue en observacion con alertas controladas.
Requiere aprobacion manual para pasar a BASE.
2026-08-09 19:34:18 | OBSERVACION DE RED
Estado monitor: OBSERVACION
IP remota: 108.177.123.188
Puerto remoto: 5228
IP local: 192.168.100.8
Puerto local: 63174
Estado TCP: ESTABLISHED
PID: 8852
Aplicacion: chrome
Veces vista: 598
Ya fue vista antes y sigue fuera de BASE.
Sigue en observacion con alertas controladas.
Requiere aprobacion manual para pasar a BASE.
2026-08-09 19:34:18 | OBSERVACION DE RED
Estado monitor: OBSERVACION
Tipo: PUERTO EN ESCUCHA
IP local: 0.0.0.0
Puerto local: 59967
Estado TCP: LISTENING
PID: 5204
Aplicacion: RvControlSvc
Veces vista: 4
Ya fue vista antes y sigue fuera de BASE.
Sigue en observacion con alertas controladas.
Requiere aprobacion manual para pasar a BASE.
2026-08-09 19:34:18 | OBSERVACION DE RED
Estado monitor: OBSERVACION
Tipo: PUERTO EN ESCUCHA
IP local: 0.0.0.0
Puerto local: 7680
Estado TCP: LISTENING
PID: 19164
Aplicacion: svchost
Veces vista: 503
Ya fue vista antes y sigue fuera de BASE.
Sigue en observacion con alertas controladas.
Requiere aprobacion manual para pasar a BASE.
2026-08-09 19:34:18 | OBSERVACION DE RED
Estado monitor: OBSERVACION
Tipo: PUERTO EN ESCUCHA
IP local: 127.0.0.1
Puerto local: 55975
Estado TCP: LISTENING
PID: 27872
Aplicacion: Antigravity IDE
Veces vista: 1
Sigue en observacion con alertas controladas.
Requiere aprobacion manual para pasar a BASE.
2026-08-09 19:34:18 | OBSERVACION DE RED
Estado monitor: OBSERVACION
Tipo: PUERTO EN ESCUCHA
IP local: 127.0.0.1
Puerto local: 55978
Estado TCP: LISTENING
PID: 27872
Aplicacion: Antigravity IDE
Veces vista: 1
Sigue en observacion con alertas controladas.
Requiere aprobacion manual para pasar a BASE.
2026-08-09 19:34:18 | OBSERVACION DE RED
Estado monitor: OBSERVACION
Tipo: PUERTO EN ESCUCHA
IP local: 127.0.0.1
Puerto local: 55984
Estado TCP: LISTENING
PID: 18420
Aplicacion: language_server_windows_x64
Veces vista: 1
Sigue en observacion con alertas controladas.
Requiere aprobacion manual para pasar a BASE.
2026-08-09 19:34:18 | OBSERVACION DE RED
Estado monitor: OBSERVACION
Tipo: PUERTO EN ESCUCHA
IP local: 127.0.0.1
Puerto local: 55985
Estado TCP: LISTENING
PID: 18420
Aplicacion: language_server_windows_x64
Veces vista: 1
Sigue en observacion con alertas controladas.
Requiere aprobacion manual para pasar a BASE.
2026-08-09 19:34:18 | OBSERVACION DE RED
Estado monitor: OBSERVACION
Tipo: PUERTO EN ESCUCHA
IP local: 127.0.0.1
Puerto local: 61737
Estado TCP: LISTENING
PID: 9616
Aplicacion: Antigravity IDE
Veces vista: 1
Sigue en observacion con alertas controladas.
Requiere aprobacion manual para pasar a BASE.
2026-08-09 19:34:18 | OBSERVACION DE RED
Estado monitor: OBSERVACION
Tipo: PUERTO EN ESCUCHA
IP local: 127.0.0.1
Puerto local: 61738
Estado TCP: LISTENING
PID: 21312
Aplicacion: language_server_windows_x64
Veces vista: 1
Sigue en observacion con alertas controladas.
Requiere aprobacion manual para pasar a BASE.
2026-08-09 19:34:18 | OBSERVACION DE RED
Estado monitor: OBSERVACION
Tipo: PUERTO EN ESCUCHA
IP local: 127.0.0.1
Puerto local: 61739
Estado TCP: LISTENING
PID: 21312
Aplicacion: language_server_windows_x64
Veces vista: 1
Sigue en observacion con alertas controladas.
Requiere aprobacion manual para pasar a BASE.
2026-08-09 19:34:18 | OBSERVACION DE RED
Estado monitor: OBSERVACION
Tipo: PUERTO EN ESCUCHA
IP local: 127.0.0.1
Puerto local: 61761
Estado TCP: LISTENING
PID: 21312
Aplicacion: language_server_windows_x64
Veces vista: 2
Ya fue vista antes y sigue fuera de BASE.
Sigue en observacion con alertas controladas.
Requiere aprobacion manual para pasar a BASE.
2026-08-09 19:34:22 | Escaneo completado. Conexiones=119 Alertas=0 Observaciones=17 LearningMode=False
2026-08-09 19:44:19 | NUEVA CONEXION DETECTADA
Estado monitor: NUEVA
IP remota: 35.211.185.25
Puerto remoto: 443
IP local: 192.168.100.8
Puerto local: 50259
Estado TCP: ESTABLISHED
PID: 28900
Aplicacion: msedgewebview2
Veces vista: 1
2026-08-09 19:44:19 | NUEVA CONEXION DETECTADA
Estado monitor: NUEVA
IP remota: 35.211.185.25
Puerto remoto: 443
IP local: 192.168.100.8
Puerto local: 52869
Estado TCP: ESTABLISHED
PID: 28900
Aplicacion: msedgewebview2
Veces vista: 2
2026-08-09 19:44:19 | OBSERVACION DE RED
Estado monitor: OBSERVACION
IP remota: 151.101.192.223
Puerto remoto: 443
IP local: 192.168.100.8
Puerto local: 54992
Estado TCP: ESTABLISHED
PID: 23216
Aplicacion: svchost
Veces vista: 31
Ya fue vista antes y sigue fuera de BASE.
Sigue en observacion con alertas controladas.
Requiere aprobacion manual para pasar a BASE.
2026-08-09 19:44:19 | OBSERVACION DE RED
Estado monitor: OBSERVACION
IP remota: 2.18.57.126
Puerto remoto: 443
IP local: 192.168.100.8
Puerto local: 54994
Estado TCP: ESTABLISHED
PID: 19164
Aplicacion: svchost
Veces vista: 52
Ya fue vista antes y sigue fuera de BASE.
Sigue en observacion con alertas controladas.
Requiere aprobacion manual para pasar a BASE.
2026-08-09 19:44:19 | OBSERVACION DE RED
Estado monitor: OBSERVACION
IP remota: 172.217.119.4
Puerto remoto: 443
IP local: 192.168.100.8
Puerto local: 55057
Estado TCP: ESTABLISHED
PID: 18420
Aplicacion: language_server_windows_x64
Veces vista: 251
Ya fue vista antes y sigue fuera de BASE.
Sigue en observacion con alertas controladas.
Requiere aprobacion manual para pasar a BASE.
2026-08-09 19:44:19 | OBSERVACION DE RED
Estado monitor: OBSERVACION
IP remota: 43.169.50.1
Puerto remoto: 443
IP local: 192.168.100.8
Puerto local: 55725
Estado TCP: ESTABLISHED
PID: 28900
Aplicacion: msedgewebview2
Veces vista: 5
Ya fue vista antes y sigue fuera de BASE.
Sigue en observacion con alertas controladas.
Requiere aprobacion manual para pasar a BASE.
2026-08-09 19:44:19 | OBSERVACION DE RED
Estado monitor: OBSERVACION
IP remota: 173.237.43.231
Puerto remoto: 443
IP local: 192.168.100.8
Puerto local: 63671
Estado TCP: ESTABLISHED
PID: 28900
Aplicacion: msedgewebview2
Veces vista: 39
Ya fue vista antes y sigue fuera de BASE.
Sigue en observacion con alertas controladas.
Requiere aprobacion manual para pasar a BASE.
2026-08-09 19:44:19 | OBSERVACION DE RED
Estado monitor: OBSERVACION
IP remota: 142.251.152.2
Puerto remoto: 443
IP local: 192.168.100.8
Puerto local: 64236
Estado TCP: ESTABLISHED
PID: 8852
Aplicacion: chrome
Veces vista: 13
Ya fue vista antes y sigue fuera de BASE.
Sigue en observacion con alertas controladas.
Requiere aprobacion manual para pasar a BASE.
2026-08-09 19:44:23 | Escaneo completado. Conexiones=113 Alertas=0 Observaciones=8 LearningMode=False
2026-08-09 19:54:19 | OBSERVACION DE RED
Estado monitor: OBSERVACION
IP remota: 172.217.116.4
Puerto remoto: 443
IP local: 192.168.100.8
Puerto local: 53574
Estado TCP: ESTABLISHED
PID: 21312
Aplicacion: language_server_windows_x64
Veces vista: 217
Ya fue vista antes y sigue fuera de BASE.
Sigue en observacion con alertas controladas.
Requiere aprobacion manual para pasar a BASE.
2026-08-09 19:54:19 | OBSERVACION DE RED
Estado monitor: OBSERVACION
IP remota: 172.217.114.4
Puerto remoto: 443
IP local: 192.168.100.8
Puerto local: 53594
Estado TCP: ESTABLISHED
PID: 18420
Aplicacion: language_server_windows_x64
Veces vista: 225
Ya fue vista antes y sigue fuera de BASE.
Sigue en observacion con alertas controladas.
Requiere aprobacion manual para pasar a BASE.
2026-08-09 19:54:19 | OBSERVACION DE RED
Estado monitor: OBSERVACION
IP remota: 142.251.134.67
Puerto remoto: 443
IP local: 192.168.100.8
Puerto local: 54198
Estado TCP: ESTABLISHED
PID: 8852
Aplicacion: chrome
Veces vista: 24
Ya fue vista antes y sigue fuera de BASE.
Sigue en observacion con alertas controladas.
Requiere aprobacion manual para pasar a BASE.
2026-08-09 19:54:19 | OBSERVACION DE RED
Estado monitor: OBSERVACION
IP remota: 108.177.123.84
Puerto remoto: 443
IP local: 192.168.100.8
Puerto local: 55453
Estado TCP: ESTABLISHED
PID: 8852
Aplicacion: chrome
Veces vista: 49
Ya fue vista antes y sigue fuera de BASE.
Sigue en observacion con alertas controladas.
Requiere aprobacion manual para pasar a BASE.
2026-08-09 19:54:19 | OBSERVACION DE RED
Estado monitor: OBSERVACION
IP remota: 142.251.128.67
Puerto remoto: 443
IP local: 192.168.100.8
Puerto local: 55505
Estado TCP: ESTABLISHED
PID: 8852
Aplicacion: chrome
Veces vista: 110
Ya fue vista antes y sigue fuera de BASE.
Sigue en observacion con alertas controladas.
Requiere aprobacion manual para pasar a BASE.
2026-08-09 19:54:19 | NUEVA CONEXION DETECTADA
Estado monitor: NUEVA
IP remota: 43.169.51.1
Puerto remoto: 443
IP local: 192.168.100.8
Puerto local: 56037
Estado TCP: ESTABLISHED
PID: 28900
Aplicacion: msedgewebview2
Veces vista: 1
2026-08-09 19:54:19 | OBSERVACION DE RED
Estado monitor: OBSERVACION
IP remota: 52.123.245.42
Puerto remoto: 443
IP local: 192.168.100.8
Puerto local: 57406
Estado TCP: ESTABLISHED
PID: 16772
Aplicacion: MpDefenderCoreService
Veces vista: 9
Ya fue vista antes y sigue fuera de BASE.
Sigue en observacion con alertas controladas.
Requiere aprobacion manual para pasar a BASE.
2026-08-09 19:54:19 | OBSERVACION DE RED
Estado monitor: OBSERVACION
IP remota: 200.42.122.18
Puerto remoto: 443
IP local: 192.168.100.8
Puerto local: 61892
Estado TCP: ESTABLISHED
PID: 3568
Aplicacion: servicehost
Veces vista: 40
Ya fue vista antes y sigue fuera de BASE.
Sigue en observacion con alertas controladas.
Requiere aprobacion manual para pasar a BASE.
2026-08-09 19:54:19 | NUEVA CONEXION DETECTADA
Estado monitor: NUEVA
IP remota: 35.211.162.72
Puerto remoto: 443
IP local: 192.168.100.8
Puerto local: 63120
Estado TCP: ESTABLISHED
PID: 28900
Aplicacion: msedgewebview2
Veces vista: 1
2026-08-09 19:54:19 | NUEVA CONEXION DETECTADA
Estado monitor: NUEVA
IP remota: 35.211.162.72
Puerto remoto: 443
IP local: 192.168.100.8
Puerto local: 63518
Estado TCP: ESTABLISHED
PID: 28900
Aplicacion: msedgewebview2
Veces vista: 2
2026-08-09 19:54:19 | OBSERVACION DE RED
Estado monitor: OBSERVACION
IP remota: 172.217.112.4
Puerto remoto: 443
IP local: 192.168.100.8
Puerto local: 64613
Estado TCP: ESTABLISHED
PID: 8852
Aplicacion: chrome
Veces vista: 36
Ya fue vista antes y sigue fuera de BASE.
Sigue en observacion con alertas controladas.
Requiere aprobacion manual para pasar a BASE.
2026-08-09 19:54:19 | OBSERVACION DE RED
Estado monitor: OBSERVACION
Tipo: PUERTO EN ESCUCHA
IP local: 0.0.0.0
Puerto local: 53535
Estado TCP: LISTENING
PID: 5204
Aplicacion: RvControlSvc
Veces vista: 1
Sigue en observacion con alertas controladas.
Requiere aprobacion manual para pasar a BASE.
2026-08-09 19:54:19 | OBSERVACION DE RED
Estado monitor: OBSERVACION
Tipo: PUERTO EN ESCUCHA
IP local: 127.0.0.1
Puerto local: 8080
Estado TCP: LISTENING
PID: 4
Aplicacion: System
Veces vista: 4
Ya fue vista antes y sigue fuera de BASE.
Sigue en observacion con alertas controladas.
Requiere aprobacion manual para pasar a BASE.
2026-08-09 19:54:19 | OBSERVACION DE RED
Estado monitor: OBSERVACION
Tipo: PUERTO EN ESCUCHA
IP local: 192.168.100.8
Puerto local: 56666
Estado TCP: LISTENING
PID: 5204
Aplicacion: RvControlSvc
Veces vista: 4
Ya fue vista antes y sigue fuera de BASE.
Sigue en observacion con alertas controladas.
Requiere aprobacion manual para pasar a BASE.
2026-08-09 19:54:22 | Escaneo completado. Conexiones=115 Alertas=0 Observaciones=14 LearningMode=False
2026-08-09 20:04:21 | OBSERVACION DE RED
Estado monitor: OBSERVACION
IP remota: 35.207.51.65
Puerto remoto: 443
IP local: 192.168.100.8
Puerto local: 52552
Estado TCP: ESTABLISHED
PID: 28900
Aplicacion: msedgewebview2
Veces vista: 5
Ya fue vista antes y sigue fuera de BASE.
Sigue en observacion con alertas controladas.
Requiere aprobacion manual para pasar a BASE.
2026-08-09 20:04:21 | OBSERVACION DE RED
Estado monitor: OBSERVACION
IP remota: 151.101.64.223
Puerto remoto: 443
IP local: 192.168.100.8
Puerto local: 53976
Estado TCP: ESTABLISHED
PID: 23216
Aplicacion: svchost
Veces vista: 20
Ya fue vista antes y sigue fuera de BASE.
Sigue en observacion con alertas controladas.
Requiere aprobacion manual para pasar a BASE.
2026-08-09 20:04:21 | OBSERVACION DE RED
Estado monitor: OBSERVACION
IP remota: 142.251.153.2
Puerto remoto: 443
IP local: 192.168.100.8
Puerto local: 59318
Estado TCP: ESTABLISHED
PID: 8852
Aplicacion: chrome
Veces vista: 9
Ya fue vista antes y sigue fuera de BASE.
Sigue en observacion con alertas controladas.
Requiere aprobacion manual para pasar a BASE.
2026-08-09 20:04:21 | OBSERVACION DE RED
Estado monitor: OBSERVACION
IP remota: 172.217.118.4
Puerto remoto: 443
IP local: 192.168.100.8
Puerto local: 59372
Estado TCP: ESTABLISHED
PID: 18420
Aplicacion: language_server_windows_x64
Veces vista: 295
Ya fue vista antes y sigue fuera de BASE.
Sigue en observacion con alertas controladas.
Requiere aprobacion manual para pasar a BASE.
2026-08-09 20:04:21 | OBSERVACION DE RED
Estado monitor: OBSERVACION
IP remota: 200.42.122.9
Puerto remoto: 443
IP local: 192.168.100.8
Puerto local: 60002
Estado TCP: ESTABLISHED
PID: 28900
Aplicacion: msedgewebview2
Veces vista: 175
Ya fue vista antes y sigue fuera de BASE.
Sigue en observacion con alertas controladas.
Requiere aprobacion manual para pasar a BASE.
2026-08-09 20:04:21 | OBSERVACION DE RED
Estado monitor: OBSERVACION
IP remota: 108.177.123.188
Puerto remoto: 5228
IP local: 192.168.100.8
Puerto local: 63174
Estado TCP: ESTABLISHED
PID: 8852
Aplicacion: chrome
Veces vista: 601
Ya fue vista antes y sigue fuera de BASE.
Sigue en observacion con alertas controladas.
Requiere aprobacion manual para pasar a BASE.
2026-08-09 20:04:21 | OBSERVACION DE RED
Estado monitor: OBSERVACION
Tipo: PUERTO EN ESCUCHA
IP local: 0.0.0.0
Puerto local: 3000
Estado TCP: LISTENING
PID: 12192
Aplicacion: python
Veces vista: 1
Sigue en observacion con alertas controladas.
Requiere aprobacion manual para pasar a BASE.
2026-08-09 20:04:21 | OBSERVACION DE RED
Estado monitor: OBSERVACION
Tipo: PUERTO EN ESCUCHA
IP local: 127.0.0.1
Puerto local: 55975
Estado TCP: LISTENING
PID: 27872
Aplicacion: Antigravity IDE
Veces vista: 4
Ya fue vista antes y sigue fuera de BASE.
Sigue en observacion con alertas controladas.
Requiere aprobacion manual para pasar a BASE.
2026-08-09 20:04:21 | OBSERVACION DE RED
Estado monitor: OBSERVACION
Tipo: PUERTO EN ESCUCHA
IP local: 127.0.0.1
Puerto local: 55978
Estado TCP: LISTENING
PID: 27872
Aplicacion: Antigravity IDE
Veces vista: 4
Ya fue vista antes y sigue fuera de BASE.
Sigue en observacion con alertas controladas.
Requiere aprobacion manual para pasar a BASE.
2026-08-09 20:04:21 | OBSERVACION DE RED
Estado monitor: OBSERVACION
Tipo: PUERTO EN ESCUCHA
IP local: 127.0.0.1
Puerto local: 55984
Estado TCP: LISTENING
PID: 18420
Aplicacion: language_server_windows_x64
Veces vista: 4
Ya fue vista antes y sigue fuera de BASE.
Sigue en observacion con alertas controladas.
Requiere aprobacion manual para pasar a BASE.
2026-08-09 20:04:21 | OBSERVACION DE RED
Estado monitor: OBSERVACION
Tipo: PUERTO EN ESCUCHA
IP local: 127.0.0.1
Puerto local: 55985
Estado TCP: LISTENING
PID: 18420
Aplicacion: language_server_windows_x64
Veces vista: 4
Ya fue vista antes y sigue fuera de BASE.
Sigue en observacion con alertas controladas.
Requiere aprobacion manual para pasar a BASE.
2026-08-09 20:04:21 | OBSERVACION DE RED
Estado monitor: OBSERVACION
Tipo: PUERTO EN ESCUCHA
IP local: 127.0.0.1
Puerto local: 61737
Estado TCP: LISTENING
PID: 9616
Aplicacion: Antigravity IDE
Veces vista: 4
Ya fue vista antes y sigue fuera de BASE.
Sigue en observacion con alertas controladas.
Requiere aprobacion manual para pasar a BASE.
2026-08-09 20:04:21 | OBSERVACION DE RED
Estado monitor: OBSERVACION
Tipo: PUERTO EN ESCUCHA
IP local: 127.0.0.1
Puerto local: 61738
Estado TCP: LISTENING
PID: 21312
Aplicacion: language_server_windows_x64
Veces vista: 4
Ya fue vista antes y sigue fuera de BASE.
Sigue en observacion con alertas controladas.
Requiere aprobacion manual para pasar a BASE.
2026-08-09 20:04:21 | OBSERVACION DE RED
Estado monitor: OBSERVACION
Tipo: PUERTO EN ESCUCHA
IP local: 127.0.0.1
Puerto local: 61739
Estado TCP: LISTENING
PID: 21312
Aplicacion: language_server_windows_x64
Veces vista: 4
Ya fue vista antes y sigue fuera de BASE.
Sigue en observacion con alertas controladas.
Requiere aprobacion manual para pasar a BASE.
2026-08-09 20:04:21 | OBSERVACION DE RED
Estado monitor: OBSERVACION
Tipo: PUERTO EN ESCUCHA
IP local: 127.0.0.1
Puerto local: 61761
Estado TCP: LISTENING
PID: 21312
Aplicacion: language_server_windows_x64
Veces vista: 5
Ya fue vista antes y sigue fuera de BASE.
Sigue en observacion con alertas controladas.
Requiere aprobacion manual para pasar a BASE.
2026-08-09 20:04:25 | Escaneo completado. Conexiones=125 Alertas=0 Observaciones=15 LearningMode=False
2026-08-09 20:14:18 | OBSERVACION DE RED
Estado monitor: OBSERVACION
IP remota: 185.199.110.133
Puerto remoto: 443
IP local: 192.168.100.8
Puerto local: 50323
Estado TCP: ESTABLISHED
PID: 8852
Aplicacion: chrome
Veces vista: 39
Ya fue vista antes y sigue fuera de BASE.
Sigue en observacion con alertas controladas.
Requiere aprobacion manual para pasar a BASE.
2026-08-09 20:14:18 | OBSERVACION DE RED
Estado monitor: OBSERVACION
IP remota: 185.199.109.215
Puerto remoto: 443
IP local: 192.168.100.8
Puerto local: 50573
Estado TCP: ESTABLISHED
PID: 8852
Aplicacion: chrome
Veces vista: 7
Ya fue vista antes y sigue fuera de BASE.
Sigue en observacion con alertas controladas.
Requiere aprobacion manual para pasar a BASE.
2026-08-09 20:14:18 | OBSERVACION DE RED
Estado monitor: OBSERVACION
IP remota: 140.82.114.26
Puerto remoto: 443
IP local: 192.168.100.8
Puerto local: 51875
Estado TCP: ESTABLISHED
PID: 8852
Aplicacion: chrome
Veces vista: 33
Ya fue vista antes y sigue fuera de BASE.
Sigue en observacion con alertas controladas.
Requiere aprobacion manual para pasar a BASE.
2026-08-09 20:14:18 | NUEVA CONEXION DETECTADA
Estado monitor: NUEVA
IP remota: 18.224.157.87
Puerto remoto: 443
IP local: 192.168.100.8
Puerto local: 53320
Estado TCP: ESTABLISHED
PID: 8852
Aplicacion: chrome
Veces vista: 1
2026-08-09 20:14:18 | NUEVA CONEXION DETECTADA
Estado monitor: NUEVA
IP remota: 18.224.157.87
Puerto remoto: 443
IP local: 192.168.100.8
Puerto local: 54991
Estado TCP: ESTABLISHED
PID: 8852
Aplicacion: chrome
Veces vista: 2
2026-08-09 20:14:18 | OBSERVACION DE RED
Estado monitor: OBSERVACION
IP remota: 185.199.109.133
Puerto remoto: 443
IP local: 192.168.100.8
Puerto local: 56810
Estado TCP: ESTABLISHED
PID: 8852
Aplicacion: chrome
Veces vista: 35
Ya fue vista antes y sigue fuera de BASE.
Sigue en observacion con alertas controladas.
Requiere aprobacion manual para pasar a BASE.
2026-08-09 20:14:18 | OBSERVACION DE RED
Estado monitor: OBSERVACION
IP remota: 34.160.81.0
Puerto remoto: 443
IP local: 192.168.100.8
Puerto local: 57983
Estado TCP: ESTABLISHED
PID: 8852
Aplicacion: chrome
Veces vista: 53
Ya fue vista antes y sigue fuera de BASE.
Sigue en observacion con alertas controladas.
Requiere aprobacion manual para pasar a BASE.
2026-08-09 20:14:18 | NUEVA CONEXION DETECTADA
Estado monitor: NUEVA
IP remota: 18.119.202.51
Puerto remoto: 443
IP local: 192.168.100.8
Puerto local: 58831
Estado TCP: ESTABLISHED
PID: 8852
Aplicacion: chrome
Veces vista: 1
2026-08-09 20:14:18 | NUEVA CONEXION DETECTADA
Estado monitor: NUEVA
IP remota: 18.119.202.51
Puerto remoto: 443
IP local: 192.168.100.8
Puerto local: 60130
Estado TCP: ESTABLISHED
PID: 8852
Aplicacion: chrome
Veces vista: 2
2026-08-09 20:14:18 | OBSERVACION DE RED
Estado monitor: OBSERVACION
IP remota: 142.251.157.2
Puerto remoto: 443
IP local: 192.168.100.8
Puerto local: 61631
Estado TCP: ESTABLISHED
PID: 8852
Aplicacion: chrome
Veces vista: 7
Ya fue vista antes y sigue fuera de BASE.
Sigue en observacion con alertas controladas.
Requiere aprobacion manual para pasar a BASE.
2026-08-09 20:14:18 | OBSERVACION DE RED
Estado monitor: OBSERVACION
IP remota: 35.211.11.158
Puerto remoto: 443
IP local: 192.168.100.8
Puerto local: 61699
Estado TCP: ESTABLISHED
PID: 28900
Aplicacion: msedgewebview2
Veces vista: 5
Ya fue vista antes y sigue fuera de BASE.
Sigue en observacion con alertas controladas.
Requiere aprobacion manual para pasar a BASE.
2026-08-09 20:14:18 | OBSERVACION DE RED
Estado monitor: OBSERVACION
IP remota: 173.237.43.231
Puerto remoto: 443
IP local: 192.168.100.8
Puerto local: 63671
Estado TCP: ESTABLISHED
PID: 28900
Aplicacion: msedgewebview2
Veces vista: 42
Ya fue vista antes y sigue fuera de BASE.
Sigue en observacion con alertas controladas.
Requiere aprobacion manual para pasar a BASE.
2026-08-09 20:14:22 | Escaneo completado. Conexiones=79 Alertas=0 Observaciones=12 LearningMode=False
2026-08-09 21:21:47 | Worker iniciado. PID=18620 Origen=AutoStart
2026-08-09 21:21:49 | Aviso de autoarranque enviado por Telegram.
2026-08-09 21:22:21 | OBSERVACION DE RED
Estado monitor: OBSERVACION
IP remota: 188.172.244.148
Puerto remoto: 5938
IP local: 192.168.100.8
Puerto local: 49676
Estado TCP: ESTABLISHED
PID: 6248
Aplicacion: TeamViewer_Service
Veces vista: 1
Sigue en observacion con alertas controladas.
Requiere aprobacion manual para pasar a BASE.
2026-08-09 21:22:21 | OBSERVACION DE RED
Estado monitor: OBSERVACION
IP remota: 138.97.177.156
Puerto remoto: 62945
IP local: 192.168.100.8
Puerto local: 49695
Estado TCP: ESTABLISHED
PID: 5848
Aplicacion: RvControlSvc
Veces vista: 101
Ya fue vista antes y sigue fuera de BASE.
Sigue en observacion con alertas controladas.
Requiere aprobacion manual para pasar a BASE.
2026-08-09 21:22:21 | OBSERVACION DE RED
Estado monitor: OBSERVACION
IP remota: 138.97.177.80
Puerto remoto: 60690
IP local: 192.168.100.8
Puerto local: 49698
Estado TCP: ESTABLISHED
PID: 5848
Aplicacion: RvControlSvc
Veces vista: 97
Ya fue vista antes y sigue fuera de BASE.
Sigue en observacion con alertas controladas.
Requiere aprobacion manual para pasar a BASE.
2026-08-09 21:22:21 | OBSERVACION DE RED
Estado monitor: OBSERVACION
IP remota: 138.97.177.156
Puerto remoto: 63251
IP local: 192.168.100.8
Puerto local: 49702
Estado TCP: ESTABLISHED
PID: 5848
Aplicacion: RvControlSvc
Veces vista: 79
Ya fue vista antes y sigue fuera de BASE.
Sigue en observacion con alertas controladas.
Requiere aprobacion manual para pasar a BASE.
2026-08-09 21:22:21 | OBSERVACION DE RED
Estado monitor: OBSERVACION
IP remota: 52.97.23.210
Puerto remoto: 443
IP local: 192.168.100.8
Puerto local: 49714
Estado TCP: ESTABLISHED
PID: 14040
Aplicacion: SearchHost
Veces vista: 6
Ya fue vista antes y sigue fuera de BASE.
Sigue en observacion con alertas controladas.
Requiere aprobacion manual para pasar a BASE.
2026-08-09 21:22:21 | NUEVA CONEXION DETECTADA
Estado monitor: NUEVA
IP remota: 161.69.232.0
Puerto remoto: 443
IP local: 192.168.100.8
Puerto local: 49900
Estado TCP: ESTABLISHED
PID: 5536
Aplicacion: mc-fw-host
Veces vista: 2
2026-08-09 21:22:21 | OBSERVACION DE RED
Estado monitor: OBSERVACION
IP remota: 52.184.201.245
Puerto remoto: 443
IP local: 192.168.100.8
Puerto local: 49901
Estado TCP: ESTABLISHED
PID: 9912
Aplicacion: gamingservices
Veces vista: 8
Ya fue vista antes y sigue fuera de BASE.
Sigue en observacion con alertas controladas.
Requiere aprobacion manual para pasar a BASE.
2026-08-09 21:22:21 | OBSERVACION DE RED
Estado monitor: OBSERVACION
IP remota: 20.190.173.65
Puerto remoto: 443
IP local: 192.168.100.8
Puerto local: 49906
Estado TCP: ESTABLISHED
PID: 10624
Aplicacion: svchost
Veces vista: 21
Ya fue vista antes y sigue fuera de BASE.
Sigue en observacion con alertas controladas.
Requiere aprobacion manual para pasar a BASE.
2026-08-09 21:22:21 | NUEVA CONEXION DETECTADA
Estado monitor: NUEVA
IP remota: 40.90.8.153
Puerto remoto: 443
IP local: 192.168.100.8
Puerto local: 49912
Estado TCP: ESTABLISHED
PID: 9912
Aplicacion: gamingservices
Veces vista: 1
2026-08-09 21:22:21 | OBSERVACION DE RED
Estado monitor: OBSERVACION
IP remota: 20.190.173.68
Puerto remoto: 443
IP local: 192.168.100.8
Puerto local: 49916
Estado TCP: ESTABLISHED
PID: 10624
Aplicacion: svchost
Veces vista: 19
Ya fue vista antes y sigue fuera de BASE.
Sigue en observacion con alertas controladas.
Requiere aprobacion manual para pasar a BASE.
2026-08-09 21:22:21 | NUEVA CONEXION DETECTADA
Estado monitor: NUEVA
IP remota: 142.251.128.54
Puerto remoto: 443
IP local: 192.168.100.8
Puerto local: 49924
Estado TCP: ESTABLISHED
PID: 10284
Aplicacion: svchost
Veces vista: 1
2026-08-09 21:22:21 | OBSERVACION DE RED
Estado monitor: OBSERVACION
IP remota: 20.206.176.18
Puerto remoto: 443
IP local: 192.168.100.8
Puerto local: 51731
Estado TCP: ESTABLISHED
PID: 1360
Aplicacion: TeamViewer
Veces vista: 2
Ya fue vista antes y sigue fuera de BASE.
Sigue en observacion con alertas controladas.
Requiere aprobacion manual para pasar a BASE.
2026-08-09 21:22:21 | OBSERVACION DE RED
Estado monitor: OBSERVACION
IP remota: 52.97.23.210
Puerto remoto: 443
IP local: 192.168.100.8
Puerto local: 51734
Estado TCP: ESTABLISHED
PID: 16720
Aplicacion: msedgewebview2
Veces vista: 18
Ya fue vista antes y sigue fuera de BASE.
Sigue en observacion con alertas controladas.
Requiere aprobacion manual para pasar a BASE.
2026-08-09 21:22:21 | OBSERVACION DE RED
Estado monitor: OBSERVACION
IP remota: 150.171.110.36
Puerto remoto: 443
IP local: 192.168.100.8
Puerto local: 52458
Estado TCP: ESTABLISHED
PID: 12884
Aplicacion: svchost
Veces vista: 10
Ya fue vista antes y sigue fuera de BASE.
Sigue en observacion con alertas controladas.
Requiere aprobacion manual para pasar a BASE.
2026-08-09 21:22:21 | OBSERVACION DE RED
Estado monitor: OBSERVACION
IP remota: 128.85.75.152
Puerto remoto: 443
IP local: 192.168.100.8
Puerto local: 52459
Estado TCP: ESTABLISHED
PID: 10772
Aplicacion: svchost
Veces vista: 80
Ya fue vista antes y sigue fuera de BASE.
Sigue en observacion con alertas controladas.
Requiere aprobacion manual para pasar a BASE.
2026-08-09 21:22:21 | OBSERVACION DE RED
Estado monitor: OBSERVACION
IP remota: 20.96.236.177
Puerto remoto: 443
IP local: 192.168.100.8
Puerto local: 52470
Estado TCP: ESTABLISHED
PID: 1492
Aplicacion: backgroundTaskHost
Veces vista: 3
Ya fue vista antes y sigue fuera de BASE.
Sigue en observacion con alertas controladas.
Requiere aprobacion manual para pasar a BASE.
2026-08-09 21:22:21 | OBSERVACION DE RED
Estado monitor: OBSERVACION
IP remota: 13.223.19.204
Puerto remoto: 443
IP local: 192.168.100.8
Puerto local: 52472
Estado TCP: ESTABLISHED
PID: 5536
Aplicacion: mc-fw-host
Veces vista: 17
Ya fue vista antes y sigue fuera de BASE.
Sigue en observacion con alertas controladas.
Requiere aprobacion manual para pasar a BASE.
2026-08-09 21:22:21 | NUEVA CONEXION DETECTADA
Estado monitor: NUEVA
IP remota: 20.50.201.201
Puerto remoto: 443
IP local: 192.168.100.8
Puerto local: 52474
Estado TCP: ESTABLISHED
PID: 18376
Aplicacion: FileCoAuth
Veces vista: 1
2026-08-09 21:22:21 | OBSERVACION DE RED
Estado monitor: OBSERVACION
IP remota: 4.160.58.169
Puerto remoto: 443
IP local: 192.168.100.8
Puerto local: 52494
Estado TCP: ESTABLISHED
PID: 6020
Aplicacion: MsMpEng
Veces vista: 60
Ya fue vista antes y sigue fuera de BASE.
Sigue en observacion con alertas controladas.
Requiere aprobacion manual para pasar a BASE.
2026-08-09 21:22:21 | OBSERVACION DE RED
Estado monitor: OBSERVACION
IP remota: 13.107.139.11
Puerto remoto: 443
IP local: 192.168.100.8
Puerto local: 52496
Estado TCP: ESTABLISHED
PID: 18508
Aplicacion: OneDrive
Veces vista: 20
Ya fue vista antes y sigue fuera de BASE.
Sigue en observacion con alertas controladas.
Requiere aprobacion manual para pasar a BASE.
2026-08-09 21:22:21 | OBSERVACION DE RED
Estado monitor: OBSERVACION
IP remota: 4.228.132.40
Puerto remoto: 443
IP local: 192.168.100.8
Puerto local: 53564
Estado TCP: ESTABLISHED
PID: 17432
Aplicacion: smartscreen
Veces vista: 4
Ya fue vista antes y sigue fuera de BASE.
Sigue en observacion con alertas controladas.
Requiere aprobacion manual para pasar a BASE.
2026-08-09 21:22:21 | NUEVA CONEXION DETECTADA
Estado monitor: NUEVA
IP remota: 4.203.73.113
Puerto remoto: 443
IP local: 192.168.100.8
Puerto local: 53570
Estado TCP: ESTABLISHED
PID: 17432
Aplicacion: smartscreen
Veces vista: 1
2026-08-09 21:22:21 | NUEVA CONEXION DETECTADA
Estado monitor: NUEVA
IP remota: 4.203.73.113
Puerto remoto: 443
IP local: 192.168.100.8
Puerto local: 53571
Estado TCP: ESTABLISHED
PID: 17432
Aplicacion: smartscreen
Veces vista: 2
2026-08-09 21:22:21 | NUEVA CONEXION DETECTADA
Estado monitor: NUEVA
IP remota: 2.23.164.41
Puerto remoto: 443
IP local: 192.168.100.8
Puerto local: 55413
Estado TCP: ESTABLISHED
PID: 14040
Aplicacion: SearchHost
Veces vista: 1
2026-08-09 21:22:21 | OBSERVACION DE RED
Estado monitor: OBSERVACION
IP remota: 52.110.14.66
Puerto remoto: 443
IP local: 192.168.100.8
Puerto local: 55414
Estado TCP: ESTABLISHED
PID: 14052
Aplicacion: StartMenuExperienceHost
Veces vista: 10
Ya fue vista antes y sigue fuera de BASE.
Sigue en observacion con alertas controladas.
Requiere aprobacion manual para pasar a BASE.
2026-08-09 21:22:21 | OBSERVACION DE RED
Estado monitor: OBSERVACION
IP remota: 2.20.140.32
Puerto remoto: 443
IP local: 192.168.100.8
Puerto local: 56934
Estado TCP: ESTABLISHED
PID: 9912
Aplicacion: gamingservices
Veces vista: 11
Ya fue vista antes y sigue fuera de BASE.
Sigue en observacion con alertas controladas.
Requiere aprobacion manual para pasar a BASE.
2026-08-09 21:22:21 | OBSERVACION DE RED
Estado monitor: OBSERVACION
IP remota: 2.18.57.23
Puerto remoto: 443
IP local: 192.168.100.8
Puerto local: 56937
Estado TCP: ESTABLISHED
PID: 14412
Aplicacion: Lenovo.Modern.ImController
Veces vista: 13
Ya fue vista antes y sigue fuera de BASE.
Sigue en observacion con alertas controladas.
Requiere aprobacion manual para pasar a BASE.
2026-08-09 21:22:21 | OBSERVACION DE RED
Estado monitor: OBSERVACION
Tipo: PUERTO EN ESCUCHA
IP local: 0.0.0.0
Puerto local: 49669
Estado TCP: LISTENING
PID: 1484
Aplicacion: services
Veces vista: 1
Sigue en observacion con alertas controladas.
Requiere aprobacion manual para pasar a BASE.
2026-08-09 21:22:21 | OBSERVACION DE RED
Estado monitor: OBSERVACION
Tipo: PUERTO EN ESCUCHA
IP local: 0.0.0.0
Puerto local: 52486
Estado TCP: LISTENING
PID: 5848
Aplicacion: RvControlSvc
Veces vista: 1
Sigue en observacion con alertas controladas.
Requiere aprobacion manual para pasar a BASE.
2026-08-09 21:22:21 | OBSERVACION DE RED
Estado monitor: OBSERVACION
Tipo: PUERTO EN ESCUCHA
IP local: 192.168.100.8
Puerto local: 49686
Estado TCP: LISTENING
PID: 5848
Aplicacion: RvControlSvc
Veces vista: 1
Sigue en observacion con alertas controladas.
Requiere aprobacion manual para pasar a BASE.
2026-08-09 21:22:21 | OBSERVACION DE RED
Estado monitor: OBSERVACION
Tipo: PUERTO EN ESCUCHA
IP local: 192.168.100.8
Puerto local: 52485
Estado TCP: LISTENING
PID: 5848
Aplicacion: RvControlSvc
Veces vista: 1
Sigue en observacion con alertas controladas.
Requiere aprobacion manual para pasar a BASE.
2026-08-09 21:22:26 | Escaneo completado. Conexiones=104 Alertas=0 Observaciones=31 LearningMode=False
2026-08-09 21:32:05 | OBSERVACION DE RED
Estado monitor: OBSERVACION
IP remota: 52.110.14.67
Puerto remoto: 443
IP local: 192.168.100.8
Puerto local: 53838
Estado TCP: ESTABLISHED
PID: 12668
Aplicacion: explorer
Veces vista: 23
Ya fue vista antes y sigue fuera de BASE.
Sigue en observacion con alertas controladas.
Requiere aprobacion manual para pasar a BASE.
2026-08-09 21:32:05 | OBSERVACION DE RED
Estado monitor: OBSERVACION
IP remota: 200.42.122.17
Puerto remoto: 443
IP local: 192.168.100.8
Puerto local: 56674
Estado TCP: ESTABLISHED
PID: 20496
Aplicacion: msedgewebview2
Veces vista: 132
Ya fue vista antes y sigue fuera de BASE.
Sigue en observacion con alertas controladas.
Requiere aprobacion manual para pasar a BASE.
2026-08-09 21:32:05 | OBSERVACION DE RED
Estado monitor: OBSERVACION
IP remota: 52.110.14.81
Puerto remoto: 443
IP local: 192.168.100.8
Puerto local: 60749
Estado TCP: ESTABLISHED
PID: 12668
Aplicacion: explorer
Veces vista: 35
Ya fue vista antes y sigue fuera de BASE.
Sigue en observacion con alertas controladas.
Requiere aprobacion manual para pasar a BASE.
2026-08-09 21:32:05 | OBSERVACION DE RED
Estado monitor: OBSERVACION
Tipo: PUERTO EN ESCUCHA
IP local: 127.0.0.1
Puerto local: 63219
Estado TCP: LISTENING
PID: 18984
Aplicacion: helper
Veces vista: 1
Sigue en observacion con alertas controladas.
Requiere aprobacion manual para pasar a BASE.
2026-08-09 21:32:08 | Escaneo completado. Conexiones=70 Alertas=0 Observaciones=4 LearningMode=False
2026-08-09 21:42:05 | OBSERVACION DE RED
Estado monitor: OBSERVACION
IP remota: 34.149.50.64
Puerto remoto: 443
IP local: 192.168.100.8
Puerto local: 54267
Estado TCP: ESTABLISHED
PID: 20496
Aplicacion: msedgewebview2
Veces vista: 20
Ya fue vista antes y sigue fuera de BASE.
Sigue en observacion con alertas controladas.
Requiere aprobacion manual para pasar a BASE.
2026-08-09 21:42:05 | OBSERVACION DE RED
Estado monitor: OBSERVACION
IP remota: 31.13.94.52
Puerto remoto: 5222
IP local: 192.168.100.8
Puerto local: 56883
Estado TCP: ESTABLISHED
PID: 21452
Aplicacion: msedgewebview2
Veces vista: 205
Ya fue vista antes y sigue fuera de BASE.
Sigue en observacion con alertas controladas.
Requiere aprobacion manual para pasar a BASE.
2026-08-09 21:42:05 | OBSERVACION DE RED
Estado monitor: OBSERVACION
Tipo: PUERTO EN ESCUCHA
IP local: 0.0.0.0
Puerto local: 61928
Estado TCP: LISTENING
PID: 5848
Aplicacion: RvControlSvc
Veces vista: 1
Sigue en observacion con alertas controladas.
Requiere aprobacion manual para pasar a BASE.
2026-08-09 21:42:08 | Escaneo completado. Conexiones=68 Alertas=0 Observaciones=3 LearningMode=False
2026-08-09 21:52:10 | OBSERVACION DE RED
Estado monitor: OBSERVACION
IP remota: 188.172.244.148
Puerto remoto: 5938
IP local: 192.168.100.8
Puerto local: 49676
Estado TCP: ESTABLISHED
PID: 6248
Aplicacion: TeamViewer_Service
Veces vista: 4
Ya fue vista antes y sigue fuera de BASE.
Sigue en observacion con alertas controladas.
Requiere aprobacion manual para pasar a BASE.
2026-08-09 21:52:10 | OBSERVACION DE RED
Estado monitor: OBSERVACION
IP remota: 138.97.177.156
Puerto remoto: 62945
IP local: 192.168.100.8
Puerto local: 49695
Estado TCP: ESTABLISHED
PID: 5848
Aplicacion: RvControlSvc
Veces vista: 104
Ya fue vista antes y sigue fuera de BASE.
Sigue en observacion con alertas controladas.
Requiere aprobacion manual para pasar a BASE.
2026-08-09 21:52:10 | OBSERVACION DE RED
Estado monitor: OBSERVACION
IP remota: 138.97.177.80
Puerto remoto: 60690
IP local: 192.168.100.8
Puerto local: 49698
Estado TCP: ESTABLISHED
PID: 5848
Aplicacion: RvControlSvc
Veces vista: 100
Ya fue vista antes y sigue fuera de BASE.
Sigue en observacion con alertas controladas.
Requiere aprobacion manual para pasar a BASE.
2026-08-09 21:52:10 | OBSERVACION DE RED
Estado monitor: OBSERVACION
IP remota: 138.97.177.156
Puerto remoto: 63251
IP local: 192.168.100.8
Puerto local: 49702
Estado TCP: ESTABLISHED
PID: 5848
Aplicacion: RvControlSvc
Veces vista: 82
Ya fue vista antes y sigue fuera de BASE.
Sigue en observacion con alertas controladas.
Requiere aprobacion manual para pasar a BASE.
2026-08-09 21:52:10 | OBSERVACION DE RED
Estado monitor: OBSERVACION
IP remota: 172.66.169.55
Puerto remoto: 443
IP local: 192.168.100.8
Puerto local: 51109
Estado TCP: ESTABLISHED
PID: 20496
Aplicacion: msedgewebview2
Veces vista: 37
Ya fue vista antes y sigue fuera de BASE.
Sigue en observacion con alertas controladas.
Requiere aprobacion manual para pasar a BASE.
2026-08-09 21:52:10 | NUEVA CONEXION DETECTADA
Estado monitor: NUEVA
IP remota: 2.23.164.184
Puerto remoto: 443
IP local: 192.168.100.8
Puerto local: 51354
Estado TCP: ESTABLISHED
PID: 20496
Aplicacion: msedgewebview2
Veces vista: 2
2026-08-09 21:52:10 | NUEVA CONEXION DETECTADA
Estado monitor: NUEVA
IP remota: 3.163.139.70
Puerto remoto: 443
IP local: 192.168.100.8
Puerto local: 51397
Estado TCP: ESTABLISHED
PID: 20496
Aplicacion: msedgewebview2
Veces vista: 1
2026-08-09 21:52:10 | OBSERVACION DE RED
Estado monitor: OBSERVACION
IP remota: 192.184.68.254
Puerto remoto: 443
IP local: 192.168.100.8
Puerto local: 53080
Estado TCP: ESTABLISHED
PID: 20496
Aplicacion: msedgewebview2
Veces vista: 8
Ya fue vista antes y sigue fuera de BASE.
Sigue en observacion con alertas controladas.
Requiere aprobacion manual para pasar a BASE.
2026-08-09 21:52:10 | NUEVA CONEXION DETECTADA
Estado monitor: NUEVA
IP remota: 108.157.173.110
Puerto remoto: 443
IP local: 192.168.100.8
Puerto local: 54640
Estado TCP: ESTABLISHED
PID: 20496
Aplicacion: msedgewebview2
Veces vista: 1
2026-08-09 21:52:10 | OBSERVACION DE RED
Estado monitor: OBSERVACION
IP remota: 52.110.14.66
Puerto remoto: 443
IP local: 192.168.100.8
Puerto local: 55414
Estado TCP: ESTABLISHED
PID: 14052
Aplicacion: StartMenuExperienceHost
Veces vista: 16
Ya fue vista antes y sigue fuera de BASE.
Sigue en observacion con alertas controladas.
Requiere aprobacion manual para pasar a BASE.
2026-08-09 21:52:10 | NUEVA CONEXION DETECTADA
Estado monitor: NUEVA
IP remota: 3.160.119.30
Puerto remoto: 443
IP local: 192.168.100.8
Puerto local: 58296
Estado TCP: ESTABLISHED
PID: 20496
Aplicacion: msedgewebview2
Veces vista: 1
2026-08-09 21:52:10 | OBSERVACION DE RED
Estado monitor: OBSERVACION
IP remota: 200.42.122.9
Puerto remoto: 443
IP local: 192.168.100.8
Puerto local: 58453
Estado TCP: ESTABLISHED
PID: 20496
Aplicacion: msedgewebview2
Veces vista: 176
Ya fue vista antes y sigue fuera de BASE.
Sigue en observacion con alertas controladas.
Requiere aprobacion manual para pasar a BASE.
2026-08-09 21:52:10 | NUEVA CONEXION DETECTADA
Estado monitor: NUEVA
IP remota: 104.18.21.114
Puerto remoto: 443
IP local: 192.168.100.8
Puerto local: 58830
Estado TCP: ESTABLISHED
PID: 20496
Aplicacion: msedgewebview2
Veces vista: 2
2026-08-09 21:52:10 | OBSERVACION DE RED
Estado monitor: OBSERVACION
IP remota: 65.8.207.74
Puerto remoto: 443
IP local: 192.168.100.8
Puerto local: 63248
Estado TCP: ESTABLISHED
PID: 20496
Aplicacion: msedgewebview2
Veces vista: 2
Ya fue vista antes y sigue fuera de BASE.
Sigue en observacion con alertas controladas.
Requiere aprobacion manual para pasar a BASE.
2026-08-09 21:52:10 | OBSERVACION DE RED
Estado monitor: OBSERVACION
Tipo: PUERTO EN ESCUCHA
IP local: 0.0.0.0
Puerto local: 49669
Estado TCP: LISTENING
PID: 1484
Aplicacion: services
Veces vista: 4
Ya fue vista antes y sigue fuera de BASE.
Sigue en observacion con alertas controladas.
Requiere aprobacion manual para pasar a BASE.
2026-08-09 21:52:10 | OBSERVACION DE RED
Estado monitor: OBSERVACION
Tipo: PUERTO EN ESCUCHA
IP local: 0.0.0.0
Puerto local: 58242
Estado TCP: LISTENING
PID: 5848
Aplicacion: RvControlSvc
Veces vista: 1
Sigue en observacion con alertas controladas.
Requiere aprobacion manual para pasar a BASE.
2026-08-09 21:52:10 | OBSERVACION DE RED
Estado monitor: OBSERVACION
Tipo: PUERTO EN ESCUCHA
IP local: 192.168.100.8
Puerto local: 49686
Estado TCP: LISTENING
PID: 5848
Aplicacion: RvControlSvc
Veces vista: 4
Ya fue vista antes y sigue fuera de BASE.
Sigue en observacion con alertas controladas.
Requiere aprobacion manual para pasar a BASE.
2026-08-09 21:52:15 | Escaneo completado. Conexiones=79 Alertas=0 Observaciones=17 LearningMode=False
2026-08-09 22:02:06 | NUEVA CONEXION DETECTADA
Estado monitor: NUEVA
IP remota: 52.107.245.42
Puerto remoto: 443
IP local: 192.168.100.8
Puerto local: 51820
Estado TCP: ESTABLISHED
PID: 18508
Aplicacion: OneDrive
Veces vista: 1
2026-08-09 22:02:06 | NUEVA CONEXION DETECTADA
Estado monitor: NUEVA
IP remota: 4.207.44.71
Puerto remoto: 443
IP local: 192.168.100.8
Puerto local: 51821
Estado TCP: ESTABLISHED
PID: 18508
Aplicacion: OneDrive
Veces vista: 1
2026-08-09 22:02:06 | OBSERVACION DE RED
Estado monitor: OBSERVACION
Tipo: PUERTO EN ESCUCHA
IP local: 0.0.0.0
Puerto local: 56446
Estado TCP: LISTENING
PID: 5848
Aplicacion: RvControlSvc
Veces vista: 1
Sigue en observacion con alertas controladas.
Requiere aprobacion manual para pasar a BASE.
2026-08-09 22:02:06 | OBSERVACION DE RED
Estado monitor: OBSERVACION
Tipo: PUERTO EN ESCUCHA
IP local: 127.0.0.1
Puerto local: 63219
Estado TCP: LISTENING
PID: 18984
Aplicacion: helper
Veces vista: 4
Ya fue vista antes y sigue fuera de BASE.
Sigue en observacion con alertas controladas.
Requiere aprobacion manual para pasar a BASE.
2026-08-09 22:02:09 | Escaneo completado. Conexiones=59 Alertas=0 Observaciones=4 LearningMode=False
2026-08-09 22:12:05 | OBSERVACION DE RED
Estado monitor: OBSERVACION
IP remota: 31.13.94.52
Puerto remoto: 5222
IP local: 192.168.100.8
Puerto local: 51468
Estado TCP: ESTABLISHED
PID: 21452
Aplicacion: msedgewebview2
Veces vista: 208
Ya fue vista antes y sigue fuera de BASE.
Sigue en observacion con alertas controladas.
Requiere aprobacion manual para pasar a BASE.
2026-08-09 22:12:05 | OBSERVACION DE RED
Estado monitor: OBSERVACION
Tipo: PUERTO EN ESCUCHA
IP local: 0.0.0.0
Puerto local: 51484
Estado TCP: LISTENING
PID: 5848
Aplicacion: RvControlSvc
Veces vista: 1
Sigue en observacion con alertas controladas.
Requiere aprobacion manual para pasar a BASE.
2026-08-09 22:12:22 | Escaneo completado. Conexiones=58 Alertas=0 Observaciones=2 LearningMode=False
2026-08-10 08:44:24 | Worker iniciado. PID=20808 Origen=AutoStart
2026-08-10 08:44:26 | Aviso de autoarranque enviado por Telegram.
2026-08-10 08:45:03 | OBSERVACION DE RED
Estado monitor: OBSERVACION
IP remota: 52.110.14.80
Puerto remoto: 443
IP local: 172.19.19.119
Puerto local: 49671
Estado TCP: ESTABLISHED
PID: 14040
Aplicacion: StartMenuExperienceHost
Veces vista: 21
Ya fue vista antes y sigue fuera de BASE.
Sigue en observacion con alertas controladas.
Requiere aprobacion manual para pasar a BASE.
2026-08-10 08:45:03 | OBSERVACION DE RED
Estado monitor: OBSERVACION
IP remota: 200.42.122.10
Puerto remoto: 443
IP local: 172.19.19.119
Puerto local: 49673
Estado TCP: ESTABLISHED
PID: 14408
Aplicacion: Widgets
Veces vista: 5
Ya fue vista antes y sigue fuera de BASE.
Sigue en observacion con alertas controladas.
Requiere aprobacion manual para pasar a BASE.
2026-08-10 08:45:03 | OBSERVACION DE RED
Estado monitor: OBSERVACION
IP remota: 37.252.251.197
Puerto remoto: 5938
IP local: 172.19.19.119
Puerto local: 49674
Estado TCP: ESTABLISHED
PID: 5860
Aplicacion: TeamViewer_Service
Veces vista: 1
Sigue en observacion con alertas controladas.
Requiere aprobacion manual para pasar a BASE.
2026-08-10 08:45:03 | OBSERVACION DE RED
Estado monitor: OBSERVACION
IP remota: 23.1.219.47
Puerto remoto: 443
IP local: 172.19.19.119
Puerto local: 49676
Estado TCP: ESTABLISHED
PID: 14408
Aplicacion: Widgets
Veces vista: 4
Ya fue vista antes y sigue fuera de BASE.
Sigue en observacion con alertas controladas.
Requiere aprobacion manual para pasar a BASE.
2026-08-10 08:45:03 | OBSERVACION DE RED
Estado monitor: OBSERVACION
IP remota: 150.171.110.40
Puerto remoto: 443
IP local: 172.19.19.119
Puerto local: 49679
Estado TCP: ESTABLISHED
PID: 18016
Aplicacion: RuntimeBroker
Veces vista: 2
Ya fue vista antes y sigue fuera de BASE.
Sigue en observacion con alertas controladas.
Requiere aprobacion manual para pasar a BASE.
2026-08-10 08:45:03 | OBSERVACION DE RED
Estado monitor: OBSERVACION
IP remota: 148.113.190.78
Puerto remoto: 17301
IP local: 172.19.19.119
Puerto local: 49682
Estado TCP: ESTABLISHED
PID: 5712
Aplicacion: RvControlSvc
Veces vista: 946
Ya fue vista antes y sigue fuera de BASE.
Sigue en observacion con alertas controladas.
Requiere aprobacion manual para pasar a BASE.
2026-08-10 08:45:03 | OBSERVACION DE RED
Estado monitor: OBSERVACION
IP remota: 20.190.173.146
Puerto remoto: 443
IP local: 172.19.19.119
Puerto local: 49686
Estado TCP: ESTABLISHED
PID: 14564
Aplicacion: svchost
Veces vista: 18
Ya fue vista antes y sigue fuera de BASE.
Sigue en observacion con alertas controladas.
Requiere aprobacion manual para pasar a BASE.
2026-08-10 08:45:03 | OBSERVACION DE RED
Estado monitor: OBSERVACION
IP remota: 190.122.181.20
Puerto remoto: 52371
IP local: 172.19.19.119
Puerto local: 49689
Estado TCP: ESTABLISHED
PID: 5712
Aplicacion: RvControlSvc
Veces vista: 1
Sigue en observacion con alertas controladas.
Requiere aprobacion manual para pasar a BASE.
2026-08-10 08:45:03 | OBSERVACION DE RED
Estado monitor: OBSERVACION
IP remota: 138.97.177.156
Puerto remoto: 28943
IP local: 172.19.19.119
Puerto local: 49693
Estado TCP: ESTABLISHED
PID: 5712
Aplicacion: RvControlSvc
Veces vista: 1
Sigue en observacion con alertas controladas.
Requiere aprobacion manual para pasar a BASE.
2026-08-10 08:45:03 | OBSERVACION DE RED
Estado monitor: OBSERVACION
IP remota: 138.97.177.156
Puerto remoto: 43991
IP local: 172.19.19.119
Puerto local: 49698
Estado TCP: ESTABLISHED
PID: 5712
Aplicacion: RvControlSvc
Veces vista: 117
Ya fue vista antes y sigue fuera de BASE.
Sigue en observacion con alertas controladas.
Requiere aprobacion manual para pasar a BASE.
2026-08-10 08:45:03 | OBSERVACION DE RED
Estado monitor: OBSERVACION
IP remota: 138.97.177.156
Puerto remoto: 49708
IP local: 172.19.19.119
Puerto local: 49699
Estado TCP: ESTABLISHED
PID: 5712
Aplicacion: RvControlSvc
Veces vista: 4
Ya fue vista antes y sigue fuera de BASE.
Sigue en observacion con alertas controladas.
Requiere aprobacion manual para pasar a BASE.
2026-08-10 08:45:03 | OBSERVACION DE RED
Estado monitor: OBSERVACION
IP remota: 207.248.126.253
Puerto remoto: 56353
IP local: 172.19.19.119
Puerto local: 49700
Estado TCP: ESTABLISHED
PID: 5712
Aplicacion: RvControlSvc
Veces vista: 56
Ya fue vista antes y sigue fuera de BASE.
Sigue en observacion con alertas controladas.
Requiere aprobacion manual para pasar a BASE.
2026-08-10 08:45:03 | OBSERVACION DE RED
Estado monitor: OBSERVACION
IP remota: 138.97.177.156
Puerto remoto: 62945
IP local: 172.19.19.119
Puerto local: 49701
Estado TCP: ESTABLISHED
PID: 5712
Aplicacion: RvControlSvc
Veces vista: 107
Ya fue vista antes y sigue fuera de BASE.
Sigue en observacion con alertas controladas.
Requiere aprobacion manual para pasar a BASE.
2026-08-10 08:45:03 | OBSERVACION DE RED
Estado monitor: OBSERVACION
IP remota: 138.97.177.20
Puerto remoto: 50991
IP local: 172.19.19.119
Puerto local: 49702
Estado TCP: ESTABLISHED
PID: 5712
Aplicacion: RvControlSvc
Veces vista: 145
Ya fue vista antes y sigue fuera de BASE.
Sigue en observacion con alertas controladas.
Requiere aprobacion manual para pasar a BASE.
2026-08-10 08:45:03 | OBSERVACION DE RED
Estado monitor: OBSERVACION
IP remota: 138.97.177.80
Puerto remoto: 60690
IP local: 172.19.19.119
Puerto local: 49703
Estado TCP: ESTABLISHED
PID: 5712
Aplicacion: RvControlSvc
Veces vista: 103
Ya fue vista antes y sigue fuera de BASE.
Sigue en observacion con alertas controladas.
Requiere aprobacion manual para pasar a BASE.
2026-08-10 08:45:03 | OBSERVACION DE RED
Estado monitor: OBSERVACION
IP remota: 138.97.177.80
Puerto remoto: 64186
IP local: 172.19.19.119
Puerto local: 49704
Estado TCP: ESTABLISHED
PID: 5712
Aplicacion: RvControlSvc
Veces vista: 63
Ya fue vista antes y sigue fuera de BASE.
Sigue en observacion con alertas controladas.
Requiere aprobacion manual para pasar a BASE.
2026-08-10 08:45:03 | OBSERVACION DE RED
Estado monitor: OBSERVACION
IP remota: 168.90.73.130
Puerto remoto: 55558
IP local: 172.19.19.119
Puerto local: 49705
Estado TCP: ESTABLISHED
PID: 5712
Aplicacion: RvControlSvc
Veces vista: 92
Ya fue vista antes y sigue fuera de BASE.
Sigue en observacion con alertas controladas.
Requiere aprobacion manual para pasar a BASE.
2026-08-10 08:45:03 | OBSERVACION DE RED
Estado monitor: OBSERVACION
IP remota: 138.97.177.156
Puerto remoto: 63251
IP local: 172.19.19.119
Puerto local: 49706
Estado TCP: ESTABLISHED
PID: 5712
Aplicacion: RvControlSvc
Veces vista: 85
Ya fue vista antes y sigue fuera de BASE.
Sigue en observacion con alertas controladas.
Requiere aprobacion manual para pasar a BASE.
2026-08-10 08:45:03 | OBSERVACION DE RED
Estado monitor: OBSERVACION
IP remota: 172.19.19.196
Puerto remoto: 53778
IP local: 172.19.19.119
Puerto local: 49708
Estado TCP: ESTABLISHED
PID: 5712
Aplicacion: RvControlSvc
Veces vista: 1
Sigue en observacion con alertas controladas.
Requiere aprobacion manual para pasar a BASE.
2026-08-10 08:45:03 | OBSERVACION DE RED
Estado monitor: OBSERVACION
IP remota: 200.42.122.8
Puerto remoto: 443
IP local: 172.19.19.119
Puerto local: 49711
Estado TCP: ESTABLISHED
PID: 19104
Aplicacion: chrome
Veces vista: 58
Ya fue vista antes y sigue fuera de BASE.
Sigue en observacion con alertas controladas.
Requiere aprobacion manual para pasar a BASE.
2026-08-10 08:45:03 | OBSERVACION DE RED
Estado monitor: OBSERVACION
IP remota: 150.171.110.40
Puerto remoto: 443
IP local: 172.19.19.119
Puerto local: 49712
Estado TCP: ESTABLISHED
PID: 12640
Aplicacion: svchost
Veces vista: 25
Ya fue vista antes y sigue fuera de BASE.
Sigue en observacion con alertas controladas.
Requiere aprobacion manual para pasar a BASE.
2026-08-10 08:45:04 | OBSERVACION DE RED
Estado monitor: OBSERVACION
IP remota: 142.251.128.33
Puerto remoto: 443
IP local: 172.19.19.119
Puerto local: 50145
Estado TCP: ESTABLISHED
PID: 19104
Aplicacion: chrome
Veces vista: 36
Ya fue vista antes y sigue fuera de BASE.
Sigue en observacion con alertas controladas.
Requiere aprobacion manual para pasar a BASE.
2026-08-10 08:45:04 | OBSERVACION DE RED
Estado monitor: OBSERVACION
IP remota: 64.233.190.84
Puerto remoto: 443
IP local: 172.19.19.119
Puerto local: 50293
Estado TCP: ESTABLISHED
PID: 19104
Aplicacion: chrome
Veces vista: 37
Ya fue vista antes y sigue fuera de BASE.
Sigue en observacion con alertas controladas.
Requiere aprobacion manual para pasar a BASE.
2026-08-10 08:45:04 | OBSERVACION DE RED
Estado monitor: OBSERVACION
IP remota: 172.217.115.4
Puerto remoto: 443
IP local: 172.19.19.119
Puerto local: 51449
Estado TCP: ESTABLISHED
PID: 19104
Aplicacion: chrome
Veces vista: 32
Ya fue vista antes y sigue fuera de BASE.
Sigue en observacion con alertas controladas.
Requiere aprobacion manual para pasar a BASE.
2026-08-10 08:45:04 | OBSERVACION DE RED
Estado monitor: OBSERVACION
IP remota: 128.85.75.152
Puerto remoto: 443
IP local: 172.19.19.119
Puerto local: 54561
Estado TCP: ESTABLISHED
PID: 11256
Aplicacion: svchost
Veces vista: 83
Ya fue vista antes y sigue fuera de BASE.
Sigue en observacion con alertas controladas.
Requiere aprobacion manual para pasar a BASE.
2026-08-10 08:45:04 | OBSERVACION DE RED
Estado monitor: OBSERVACION
IP remota: 2.18.57.23
Puerto remoto: 443
IP local: 172.19.19.119
Puerto local: 54589
Estado TCP: ESTABLISHED
PID: 12636
Aplicacion: Lenovo.Modern.ImController
Veces vista: 14
Ya fue vista antes y sigue fuera de BASE.
Sigue en observacion con alertas controladas.
Requiere aprobacion manual para pasar a BASE.
2026-08-10 08:45:04 | OBSERVACION DE RED
Estado monitor: OBSERVACION
IP remota: 45.162.230.182
Puerto remoto: 17351
IP local: 172.19.19.119
Puerto local: 54603
Estado TCP: ESTABLISHED
PID: 5712
Aplicacion: RvControlSvc
Veces vista: 1930
Ya fue vista antes y sigue fuera de BASE.
Sigue en observacion con alertas controladas.
Requiere aprobacion manual para pasar a BASE.
2026-08-10 08:45:04 | OBSERVACION DE RED
Estado monitor: OBSERVACION
IP remota: 172.217.116.4
Puerto remoto: 443
IP local: 172.19.19.119
Puerto local: 54662
Estado TCP: ESTABLISHED
PID: 19104
Aplicacion: chrome
Veces vista: 35
Ya fue vista antes y sigue fuera de BASE.
Sigue en observacion con alertas controladas.
Requiere aprobacion manual para pasar a BASE.
2026-08-10 08:45:04 | OBSERVACION DE RED
Estado monitor: OBSERVACION
IP remota: 172.19.19.102
Puerto remoto: 4626
IP local: 172.19.19.119
Puerto local: 54710
Estado TCP: ESTABLISHED
PID: 5712
Aplicacion: RvControlSvc
Veces vista: 1
Sigue en observacion con alertas controladas.
Requiere aprobacion manual para pasar a BASE.
2026-08-10 08:45:04 | OBSERVACION DE RED
Estado monitor: OBSERVACION
IP remota: 172.19.19.128
Puerto remoto: 56340
IP local: 172.19.19.119
Puerto local: 54734
Estado TCP: ESTABLISHED
PID: 5712
Aplicacion: RvControlSvc
Veces vista: 1
Sigue en observacion con alertas controladas.
Requiere aprobacion manual para pasar a BASE.
2026-08-10 08:45:04 | OBSERVACION DE RED
Estado monitor: OBSERVACION
IP remota: 52.97.23.226
Puerto remoto: 443
IP local: 172.19.19.119
Puerto local: 54748
Estado TCP: ESTABLISHED
PID: 15664
Aplicacion: msedgewebview2
Veces vista: 26
Ya fue vista antes y sigue fuera de BASE.
Sigue en observacion con alertas controladas.
Requiere aprobacion manual para pasar a BASE.
2026-08-10 08:45:04 | NUEVA CONEXION DETECTADA
Estado monitor: NUEVA
IP remota: 142.251.128.150
Puerto remoto: 443
IP local: 172.19.19.119
Puerto local: 55264
Estado TCP: ESTABLISHED
PID: 13672
Aplicacion: svchost
Veces vista: 1
2026-08-10 08:45:04 | NUEVA CONEXION DETECTADA
Estado monitor: NUEVA
IP remota: 142.251.128.150
Puerto remoto: 443
IP local: 172.19.19.119
Puerto local: 55265
Estado TCP: ESTABLISHED
PID: 13672
Aplicacion: svchost
Veces vista: 2
2026-08-10 08:45:04 | OBSERVACION DE RED
Estado monitor: OBSERVACION
IP remota: 20.206.176.18
Puerto remoto: 443
IP local: 172.19.19.119
Puerto local: 55266
Estado TCP: ESTABLISHED
PID: 12872
Aplicacion: TeamViewer
Veces vista: 3
Ya fue vista antes y sigue fuera de BASE.
Sigue en observacion con alertas controladas.
Requiere aprobacion manual para pasar a BASE.
2026-08-10 08:45:04 | OBSERVACION DE RED
Estado monitor: OBSERVACION
IP remota: 104.18.24.232
Puerto remoto: 443
IP local: 172.19.19.119
Puerto local: 55398
Estado TCP: ESTABLISHED
PID: 19104
Aplicacion: chrome
Veces vista: 9
Ya fue vista antes y sigue fuera de BASE.
Sigue en observacion con alertas controladas.
Requiere aprobacion manual para pasar a BASE.
2026-08-10 08:45:04 | NUEVA CONEXION DETECTADA
Estado monitor: NUEVA
IP remota: 161.69.236.163
Puerto remoto: 443
IP local: 172.19.19.119
Puerto local: 56230
Estado TCP: ESTABLISHED
PID: 5868
Aplicacion: mc-fw-host
Veces vista: 1
2026-08-10 08:45:04 | NUEVA CONEXION DETECTADA
Estado monitor: NUEVA
IP remota: 161.69.236.163
Puerto remoto: 443
IP local: 172.19.19.119
Puerto local: 56233
Estado TCP: ESTABLISHED
PID: 5868
Aplicacion: mc-fw-host
Veces vista: 2
2026-08-10 08:45:04 | OBSERVACION DE RED
Estado monitor: OBSERVACION
IP remota: 172.179.57.158
Puerto remoto: 443
IP local: 172.19.19.119
Puerto local: 56258
Estado TCP: ESTABLISHED
PID: 18016
Aplicacion: RuntimeBroker
Veces vista: 4
Ya fue vista antes y sigue fuera de BASE.
Sigue en observacion con alertas controladas.
Requiere aprobacion manual para pasar a BASE.
2026-08-10 08:45:04 | OBSERVACION DE RED
Estado monitor: OBSERVACION
IP remota: 142.250.0.188
Puerto remoto: 5228
IP local: 172.19.19.119
Puerto local: 57122
Estado TCP: ESTABLISHED
PID: 19104
Aplicacion: chrome
Veces vista: 625
Ya fue vista antes y sigue fuera de BASE.
Sigue en observacion con alertas controladas.
Requiere aprobacion manual para pasar a BASE.
2026-08-10 08:45:04 | OBSERVACION DE RED
Estado monitor: OBSERVACION
IP remota: 190.122.183.105
Puerto remoto: 57028
IP local: 172.19.19.119
Puerto local: 63182
Estado TCP: ESTABLISHED
PID: 5712
Aplicacion: RvControlSvc
Veces vista: 1
Sigue en observacion con alertas controladas.
Requiere aprobacion manual para pasar a BASE.
2026-08-10 08:45:04 | NUEVA CONEXION DETECTADA
Estado monitor: NUEVA
IP remota: 161.69.236.163
Puerto remoto: 443
IP local: 172.19.19.119
Puerto local: 64101
Estado TCP: ESTABLISHED
PID: 5536
Aplicacion: servicehost
Veces vista: 1
2026-08-10 08:45:04 | OBSERVACION DE RED
Estado monitor: OBSERVACION
IP remota: 200.42.122.18
Puerto remoto: 443
IP local: 172.19.19.119
Puerto local: 64102
Estado TCP: ESTABLISHED
PID: 14408
Aplicacion: Widgets
Veces vista: 7
Ya fue vista antes y sigue fuera de BASE.
Sigue en observacion con alertas controladas.
Requiere aprobacion manual para pasar a BASE.
2026-08-10 08:45:04 | NUEVA CONEXION DETECTADA
Estado monitor: NUEVA
IP remota: 95.100.88.49
Puerto remoto: 443
IP local: 172.19.19.119
Puerto local: 64105
Estado TCP: ESTABLISHED
PID: 14068
Aplicacion: SearchHost
Veces vista: 1
2026-08-10 08:45:04 | OBSERVACION DE RED
Estado monitor: OBSERVACION
IP remota: 52.97.23.130
Puerto remoto: 443
IP local: 172.19.19.119
Puerto local: 64106
Estado TCP: ESTABLISHED
PID: 14068
Aplicacion: SearchHost
Veces vista: 13
Ya fue vista antes y sigue fuera de BASE.
Sigue en observacion con alertas controladas.
Requiere aprobacion manual para pasar a BASE.
2026-08-10 08:45:04 | OBSERVACION DE RED
Estado monitor: OBSERVACION
IP remota: 34.160.122.198
Puerto remoto: 443
IP local: 172.19.19.119
Puerto local: 64270
Estado TCP: ESTABLISHED
PID: 19104
Aplicacion: chrome
Veces vista: 24
Ya fue vista antes y sigue fuera de BASE.
Sigue en observacion con alertas controladas.
Requiere aprobacion manual para pasar a BASE.
2026-08-10 08:45:04 | OBSERVACION DE RED
Estado monitor: OBSERVACION
Tipo: PUERTO EN ESCUCHA
IP local: 0.0.0.0
Puerto local: 135
Estado TCP: LISTENING
PID: 1808
Aplicacion: svchost
Veces vista: 3329
Ya fue vista antes y sigue fuera de BASE.
Sigue en observacion con alertas controladas.
Requiere aprobacion manual para pasar a BASE.
2026-08-10 08:45:04 | OBSERVACION DE RED
Estado monitor: OBSERVACION
Tipo: PUERTO EN ESCUCHA
IP local: 0.0.0.0
Puerto local: 445
Estado TCP: LISTENING
PID: 4
Aplicacion: System
Veces vista: 3329
Ya fue vista antes y sigue fuera de BASE.
Sigue en observacion con alertas controladas.
Requiere aprobacion manual para pasar a BASE.
2026-08-10 08:45:04 | OBSERVACION DE RED
Estado monitor: OBSERVACION
Tipo: PUERTO EN ESCUCHA
IP local: 0.0.0.0
Puerto local: 49664
Estado TCP: LISTENING
PID: 1516
Aplicacion: lsass
Veces vista: 3329
Ya fue vista antes y sigue fuera de BASE.
Sigue en observacion con alertas controladas.
Requiere aprobacion manual para pasar a BASE.
2026-08-10 08:45:04 | OBSERVACION DE RED
Estado monitor: OBSERVACION
Tipo: PUERTO EN ESCUCHA
IP local: 0.0.0.0
Puerto local: 49665
Estado TCP: LISTENING
PID: 1336
Aplicacion: wininit
Veces vista: 3329
Ya fue vista antes y sigue fuera de BASE.
Sigue en observacion con alertas controladas.
Requiere aprobacion manual para pasar a BASE.
2026-08-10 08:45:04 | OBSERVACION DE RED
Estado monitor: OBSERVACION
Tipo: PUERTO EN ESCUCHA
IP local: 0.0.0.0
Puerto local: 49666
Estado TCP: LISTENING
PID: 2520
Aplicacion: svchost
Veces vista: 3329
Ya fue vista antes y sigue fuera de BASE.
Sigue en observacion con alertas controladas.
Requiere aprobacion manual para pasar a BASE.
2026-08-10 08:45:04 | OBSERVACION DE RED
Estado monitor: OBSERVACION
Tipo: PUERTO EN ESCUCHA
IP local: 0.0.0.0
Puerto local: 49667
Estado TCP: LISTENING
PID: 3316
Aplicacion: svchost
Veces vista: 3329
Ya fue vista antes y sigue fuera de BASE.
Sigue en observacion con alertas controladas.
Requiere aprobacion manual para pasar a BASE.
2026-08-10 08:45:04 | OBSERVACION DE RED
Estado monitor: OBSERVACION
Tipo: PUERTO EN ESCUCHA
IP local: 0.0.0.0
Puerto local: 49668
Estado TCP: LISTENING
PID: 4872
Aplicacion: spoolsv
Veces vista: 3329
Ya fue vista antes y sigue fuera de BASE.
Sigue en observacion con alertas controladas.
Requiere aprobacion manual para pasar a BASE.
2026-08-10 08:45:04 | OBSERVACION DE RED
Estado monitor: OBSERVACION
Tipo: PUERTO EN ESCUCHA
IP local: 0.0.0.0
Puerto local: 49670
Estado TCP: LISTENING
PID: 1488
Aplicacion: services
Veces vista: 2066
Ya fue vista antes y sigue fuera de BASE.
Sigue en observacion con alertas controladas.
Requiere aprobacion manual para pasar a BASE.
2026-08-10 08:45:04 | OBSERVACION DE RED
Estado monitor: OBSERVACION
Tipo: PUERTO EN ESCUCHA
IP local: 0.0.0.0
Puerto local: 5040
Estado TCP: LISTENING
PID: 12640
Aplicacion: svchost
Veces vista: 3325
Ya fue vista antes y sigue fuera de BASE.
Sigue en observacion con alertas controladas.
Requiere aprobacion manual para pasar a BASE.
2026-08-10 08:45:04 | OBSERVACION DE RED
Estado monitor: OBSERVACION
Tipo: PUERTO EN ESCUCHA
IP local: 0.0.0.0
Puerto local: 56277
Estado TCP: LISTENING
PID: 5712
Aplicacion: RvControlSvc
Veces vista: 1
Sigue en observacion con alertas controladas.
Requiere aprobacion manual para pasar a BASE.
2026-08-10 08:45:04 | OBSERVACION DE RED
Estado monitor: OBSERVACION
Tipo: PUERTO EN ESCUCHA
IP local: 0.0.0.0
Puerto local: 63184
Estado TCP: LISTENING
PID: 5712
Aplicacion: RvControlSvc
Veces vista: 1
Sigue en observacion con alertas controladas.
Requiere aprobacion manual para pasar a BASE.
2026-08-10 08:45:04 | OBSERVACION DE RED
Estado monitor: OBSERVACION
Tipo: PUERTO EN ESCUCHA
IP local: 0.0.0.0
Puerto local: 7070
Estado TCP: LISTENING
PID: 5064
Aplicacion: AnyDesk
Veces vista: 2724
Ya fue vista antes y sigue fuera de BASE.
Sigue en observacion con alertas controladas.
Requiere aprobacion manual para pasar a BASE.
2026-08-10 08:45:04 | OBSERVACION DE RED
Estado monitor: OBSERVACION
Tipo: PUERTO EN ESCUCHA
IP local: 127.0.0.1
Puerto local: 5939
Estado TCP: LISTENING
PID: 5860
Aplicacion: TeamViewer_Service
Veces vista: 392
Ya fue vista antes y sigue fuera de BASE.
Sigue en observacion con alertas controladas.
Requiere aprobacion manual para pasar a BASE.
2026-08-10 08:45:04 | OBSERVACION DE RED
Estado monitor: OBSERVACION
Tipo: PUERTO EN ESCUCHA
IP local: 172.19.19.119
Puerto local: 139
Estado TCP: LISTENING
PID: 4
Aplicacion: System
Veces vista: 84
Ya fue vista antes y sigue fuera de BASE.
Sigue en observacion con alertas controladas.
Requiere aprobacion manual para pasar a BASE.
2026-08-10 08:45:04 | OBSERVACION DE RED
Estado monitor: OBSERVACION
Tipo: PUERTO EN ESCUCHA
IP local: 172.19.19.119
Puerto local: 49682
Estado TCP: LISTENING
PID: 5712
Aplicacion: RvControlSvc
Veces vista: 1
Sigue en observacion con alertas controladas.
Requiere aprobacion manual para pasar a BASE.
2026-08-10 08:45:04 | OBSERVACION DE RED
Estado monitor: OBSERVACION
Tipo: PUERTO EN ESCUCHA
IP local: 172.19.19.119
Puerto local: 56276
Estado TCP: LISTENING
PID: 5712
Aplicacion: RvControlSvc
Veces vista: 1
Sigue en observacion con alertas controladas.
Requiere aprobacion manual para pasar a BASE.
2026-08-10 08:45:04 | OBSERVACION DE RED
Estado monitor: OBSERVACION
Tipo: PUERTO EN ESCUCHA
IP local: 172.19.19.119
Puerto local: 63182
Estado TCP: LISTENING
PID: 5712
Aplicacion: RvControlSvc
Veces vista: 1
Sigue en observacion con alertas controladas.
Requiere aprobacion manual para pasar a BASE.
2026-08-10 08:45:04 | OBSERVACION DE RED
Estado monitor: OBSERVACION
Tipo: PUERTO EN ESCUCHA
IP local: 192.168.56.1
Puerto local: 139
Estado TCP: LISTENING
PID: 4
Aplicacion: System
Veces vista: 3327
Ya fue vista antes y sigue fuera de BASE.
Sigue en observacion con alertas controladas.
Requiere aprobacion manual para pasar a BASE.
2026-08-10 08:45:04 | OBSERVACION DE RED
Estado monitor: OBSERVACION
Tipo: PUERTO EN ESCUCHA
IP local: 26.137.80.247
Puerto local: 139
Estado TCP: LISTENING
PID: 4
Aplicacion: System
Veces vista: 3285
Ya fue vista antes y sigue fuera de BASE.
Sigue en observacion con alertas controladas.
Requiere aprobacion manual para pasar a BASE.
2026-08-10 08:45:08 | Escaneo completado. Conexiones=175 Alertas=0 Observaciones=64 LearningMode=False
2026-08-10 08:54:58 | OBSERVACION DE RED
Estado monitor: OBSERVACION
IP remota: 200.42.122.9
Puerto remoto: 443
IP local: 172.19.19.119
Puerto local: 49206
Estado TCP: ESTABLISHED
PID: 15052
Aplicacion: msedgewebview2
Veces vista: 177
Ya fue vista antes y sigue fuera de BASE.
Sigue en observacion con alertas controladas.
Requiere aprobacion manual para pasar a BASE.
2026-08-10 08:54:58 | OBSERVACION DE RED
Estado monitor: OBSERVACION
IP remota: 68.67.180.244
Puerto remoto: 443
IP local: 172.19.19.119
Puerto local: 50401
Estado TCP: ESTABLISHED
PID: 18012
Aplicacion: msedgewebview2
Veces vista: 7
Ya fue vista antes y sigue fuera de BASE.
Sigue en observacion con alertas controladas.
Requiere aprobacion manual para pasar a BASE.
2026-08-10 08:54:58 | OBSERVACION DE RED
Estado monitor: OBSERVACION
IP remota: 104.16.145.246
Puerto remoto: 443
IP local: 172.19.19.119
Puerto local: 50901
Estado TCP: ESTABLISHED
PID: 6440
Aplicacion: LenovoVantage-(GenericMessagingAddin)
Veces vista: 7
Ya fue vista antes y sigue fuera de BASE.
Sigue en observacion con alertas controladas.
Requiere aprobacion manual para pasar a BASE.
2026-08-10 08:54:58 | OBSERVACION DE RED
Estado monitor: OBSERVACION
IP remota: 189.1.174.47
Puerto remoto: 443
IP local: 172.19.19.119
Puerto local: 53493
Estado TCP: ESTABLISHED
PID: 5064
Aplicacion: AnyDesk
Veces vista: 33
Ya fue vista antes y sigue fuera de BASE.
Sigue en observacion con alertas controladas.
Requiere aprobacion manual para pasar a BASE.
2026-08-10 08:54:58 | OBSERVACION DE RED
Estado monitor: OBSERVACION
IP remota: 172.19.19.15
Puerto remoto: 7070
IP local: 172.19.19.119
Puerto local: 53501
Estado TCP: ESTABLISHED
PID: 5064
Aplicacion: AnyDesk
Veces vista: 231
Ya fue vista antes y sigue fuera de BASE.
Sigue en observacion con alertas controladas.
Requiere aprobacion manual para pasar a BASE.
2026-08-10 08:54:58 | OBSERVACION DE RED
Estado monitor: OBSERVACION
IP remota: 142.251.128.131
Puerto remoto: 443
IP local: 172.19.19.119
Puerto local: 54535
Estado TCP: ESTABLISHED
PID: 19104
Aplicacion: chrome
Veces vista: 78
Ya fue vista antes y sigue fuera de BASE.
Sigue en observacion con alertas controladas.
Requiere aprobacion manual para pasar a BASE.
2026-08-10 08:54:58 | OBSERVACION DE RED
Estado monitor: OBSERVACION
IP remota: 142.251.0.188
Puerto remoto: 5228
IP local: 172.19.19.119
Puerto local: 55160
Estado TCP: ESTABLISHED
PID: 19104
Aplicacion: chrome
Veces vista: 481
Ya fue vista antes y sigue fuera de BASE.
Sigue en observacion con alertas controladas.
Requiere aprobacion manual para pasar a BASE.
2026-08-10 08:54:58 | OBSERVACION DE RED
Estado monitor: OBSERVACION
IP remota: 138.97.177.80
Puerto remoto: 8000
IP local: 172.19.19.119
Puerto local: 56538
Estado TCP: ESTABLISHED
PID: 19104
Aplicacion: chrome
Veces vista: 4
Ya fue vista antes y sigue fuera de BASE.
Sigue en observacion con alertas controladas.
Requiere aprobacion manual para pasar a BASE.
2026-08-10 08:54:58 | OBSERVACION DE RED
Estado monitor: OBSERVACION
IP remota: 142.251.128.67
Puerto remoto: 80
IP local: 172.19.19.119
Puerto local: 57292
Estado TCP: ESTABLISHED
PID: 5092
Aplicacion: svchost
Veces vista: 21
Ya fue vista antes y sigue fuera de BASE.
Sigue en observacion con alertas controladas.
Requiere aprobacion manual para pasar a BASE.
2026-08-10 08:54:58 | OBSERVACION DE RED
Estado monitor: OBSERVACION
IP remota: 98.136.144.138
Puerto remoto: 443
IP local: 172.19.19.119
Puerto local: 57809
Estado TCP: ESTABLISHED
PID: 19104
Aplicacion: chrome
Veces vista: 48
Ya fue vista antes y sigue fuera de BASE.
Sigue en observacion con alertas controladas.
Requiere aprobacion manual para pasar a BASE.
2026-08-10 08:54:58 | OBSERVACION DE RED
Estado monitor: OBSERVACION
IP remota: 23.11.35.158
Puerto remoto: 80
IP local: 172.19.19.119
Puerto local: 57858
Estado TCP: ESTABLISHED
PID: 5868
Aplicacion: mc-fw-host
Veces vista: 2
Ya fue vista antes y sigue fuera de BASE.
Sigue en observacion con alertas controladas.
Requiere aprobacion manual para pasar a BASE.
2026-08-10 08:54:58 | OBSERVACION DE RED
Estado monitor: OBSERVACION
IP remota: 104.17.207.5
Puerto remoto: 443
IP local: 172.19.19.119
Puerto local: 58351
Estado TCP: ESTABLISHED
PID: 19104
Aplicacion: chrome
Veces vista: 11
Ya fue vista antes y sigue fuera de BASE.
Sigue en observacion con alertas controladas.
Requiere aprobacion manual para pasar a BASE.
2026-08-10 08:54:58 | NUEVA CONEXION DETECTADA
Estado monitor: NUEVA
IP remota: 72.154.7.105
Puerto remoto: 443
IP local: 172.19.19.119
Puerto local: 58352
Estado TCP: ESTABLISHED
PID: 17252
Aplicacion: svchost
Veces vista: 1
2026-08-10 08:54:59 | NUEVA CONEXION DETECTADA
Estado monitor: NUEVA
IP remota: 200.42.122.26
Puerto remoto: 443
IP local: 172.19.19.119
Puerto local: 60167
Estado TCP: ESTABLISHED
PID: 5868
Aplicacion: mc-fw-host
Veces vista: 1
2026-08-10 08:54:59 | OBSERVACION DE RED
Estado monitor: OBSERVACION
IP remota: 151.101.129.44
Puerto remoto: 443
IP local: 172.19.19.119
Puerto local: 60680
Estado TCP: ESTABLISHED
PID: 18012
Aplicacion: msedgewebview2
Veces vista: 3
Ya fue vista antes y sigue fuera de BASE.
Sigue en observacion con alertas controladas.
Requiere aprobacion manual para pasar a BASE.
2026-08-10 08:54:59 | OBSERVACION DE RED
Estado monitor: OBSERVACION
IP remota: 173.237.43.231
Puerto remoto: 443
IP local: 172.19.19.119
Puerto local: 62787
Estado TCP: ESTABLISHED
PID: 15052
Aplicacion: msedgewebview2
Veces vista: 43
Ya fue vista antes y sigue fuera de BASE.
Sigue en observacion con alertas controladas.
Requiere aprobacion manual para pasar a BASE.
2026-08-10 08:54:59 | OBSERVACION DE RED
Estado monitor: OBSERVACION
IP remota: 172.19.19.107
Puerto remoto: 8009
IP local: 172.19.19.119
Puerto local: 62923
Estado TCP: ESTABLISHED
PID: 19104
Aplicacion: chrome
Veces vista: 1
Sigue en observacion con alertas controladas.
Requiere aprobacion manual para pasar a BASE.
2026-08-10 08:54:59 | OBSERVACION DE RED
Estado monitor: OBSERVACION
IP remota: 52.97.51.146
Puerto remoto: 443
IP local: 172.19.19.119
Puerto local: 63643
Estado TCP: ESTABLISHED
PID: 18012
Aplicacion: msedgewebview2
Veces vista: 18
Ya fue vista antes y sigue fuera de BASE.
Sigue en observacion con alertas controladas.
Requiere aprobacion manual para pasar a BASE.
2026-08-10 08:54:59 | OBSERVACION DE RED
Estado monitor: OBSERVACION
Tipo: PUERTO EN ESCUCHA
IP local: 0.0.0.0
Puerto local: 43141
Estado TCP: LISTENING
PID: 13752
Aplicacion: uTorrent
Veces vista: 1134
Ya fue vista antes y sigue fuera de BASE.
Sigue en observacion con alertas controladas.
Requiere aprobacion manual para pasar a BASE.
2026-08-10 08:54:59 | OBSERVACION DE RED
Estado monitor: OBSERVACION
Tipo: PUERTO EN ESCUCHA
IP local: 0.0.0.0
Puerto local: 53493
Estado TCP: LISTENING
PID: 5064
Aplicacion: AnyDesk
Veces vista: 1
Sigue en observacion con alertas controladas.
Requiere aprobacion manual para pasar a BASE.
2026-08-10 08:54:59 | OBSERVACION DE RED
Estado monitor: OBSERVACION
Tipo: PUERTO EN ESCUCHA
IP local: 127.0.0.1
Puerto local: 59251
Estado TCP: LISTENING
PID: 8880
Aplicacion: helper
Veces vista: 1121
Ya fue vista antes y sigue fuera de BASE.
Sigue en observacion con alertas controladas.
Requiere aprobacion manual para pasar a BASE.
2026-08-10 08:54:59 | OBSERVACION DE RED
Estado monitor: OBSERVACION
Tipo: PUERTO EN ESCUCHA
IP local: 127.0.0.1
Puerto local: 62647
Estado TCP: LISTENING
PID: 8880
Aplicacion: helper
Veces vista: 1
Sigue en observacion con alertas controladas.
Requiere aprobacion manual para pasar a BASE.
2026-08-10 08:55:03 | Escaneo completado. Conexiones=99 Alertas=0 Observaciones=22 LearningMode=False
2026-08-10 09:04:46 | OBSERVACION DE RED
Estado monitor: OBSERVACION
IP remota: 57.144.207.32
Puerto remoto: 5222
IP local: 172.19.19.119
Puerto local: 56261
Estado TCP: ESTABLISHED
PID: 19920
Aplicacion: msedgewebview2
Veces vista: 221
Ya fue vista antes y sigue fuera de BASE.
Sigue en observacion con alertas controladas.
Requiere aprobacion manual para pasar a BASE.
2026-08-10 09:04:47 | OBSERVACION DE RED
Estado monitor: OBSERVACION
IP remota: 207.248.124.93
Puerto remoto: 8080
IP local: 172.19.19.119
Puerto local: 61273
Estado TCP: ESTABLISHED
PID: 19104
Aplicacion: chrome
Veces vista: 16
Ya fue vista antes y sigue fuera de BASE.
Sigue en observacion con alertas controladas.
Requiere aprobacion manual para pasar a BASE.
2026-08-10 09:04:47 | OBSERVACION DE RED
Estado monitor: OBSERVACION
IP remota: 151.101.65.91
Puerto remoto: 443
IP local: 172.19.19.119
Puerto local: 61697
Estado TCP: ESTABLISHED
PID: 19104
Aplicacion: chrome
Veces vista: 76
Ya fue vista antes y sigue fuera de BASE.
Sigue en observacion con alertas controladas.
Requiere aprobacion manual para pasar a BASE.
2026-08-10 09:04:47 | OBSERVACION DE RED
Estado monitor: OBSERVACION
Tipo: PUERTO EN ESCUCHA
IP local: 0.0.0.0
Puerto local: 58099
Estado TCP: LISTENING
PID: 5712
Aplicacion: RvControlSvc
Veces vista: 1
Sigue en observacion con alertas controladas.
Requiere aprobacion manual para pasar a BASE.
2026-08-10 09:04:47 | OBSERVACION DE RED
Estado monitor: OBSERVACION
Tipo: PUERTO EN ESCUCHA
IP local: 0.0.0.0
Puerto local: 7680
Estado TCP: LISTENING
PID: 17252
Aplicacion: svchost
Veces vista: 504
Ya fue vista antes y sigue fuera de BASE.
Sigue en observacion con alertas controladas.
Requiere aprobacion manual para pasar a BASE.
2026-08-10 09:04:50 | Escaneo completado. Conexiones=70 Alertas=0 Observaciones=5 LearningMode=False
2026-08-10 09:14:46 | OBSERVACION DE RED
Estado monitor: OBSERVACION
IP remota: 52.110.14.80
Puerto remoto: 443
IP local: 172.19.19.119
Puerto local: 49671
Estado TCP: ESTABLISHED
PID: 14040
Aplicacion: StartMenuExperienceHost
Veces vista: 27
Ya fue vista antes y sigue fuera de BASE.
Sigue en observacion con alertas controladas.
Requiere aprobacion manual para pasar a BASE.
2026-08-10 09:14:46 | OBSERVACION DE RED
Estado monitor: OBSERVACION
IP remota: 37.252.251.197
Puerto remoto: 5938
IP local: 172.19.19.119
Puerto local: 49674
Estado TCP: ESTABLISHED
PID: 5860
Aplicacion: TeamViewer_Service
Veces vista: 4
Ya fue vista antes y sigue fuera de BASE.
Sigue en observacion con alertas controladas.
Requiere aprobacion manual para pasar a BASE.
2026-08-10 09:14:46 | OBSERVACION DE RED
Estado monitor: OBSERVACION
IP remota: 148.113.190.78
Puerto remoto: 17301
IP local: 172.19.19.119
Puerto local: 49682
Estado TCP: ESTABLISHED
PID: 5712
Aplicacion: RvControlSvc
Veces vista: 950
Ya fue vista antes y sigue fuera de BASE.
Sigue en observacion con alertas controladas.
Requiere aprobacion manual para pasar a BASE.
2026-08-10 09:14:46 | OBSERVACION DE RED
Estado monitor: OBSERVACION
IP remota: 190.122.181.20
Puerto remoto: 52371
IP local: 172.19.19.119
Puerto local: 49689
Estado TCP: ESTABLISHED
PID: 5712
Aplicacion: RvControlSvc
Veces vista: 4
Ya fue vista antes y sigue fuera de BASE.
Sigue en observacion con alertas controladas.
Requiere aprobacion manual para pasar a BASE.
2026-08-10 09:14:46 | OBSERVACION DE RED
Estado monitor: OBSERVACION
IP remota: 138.97.177.156
Puerto remoto: 28943
IP local: 172.19.19.119
Puerto local: 49693
Estado TCP: ESTABLISHED
PID: 5712
Aplicacion: RvControlSvc
Veces vista: 4
Ya fue vista antes y sigue fuera de BASE.
Sigue en observacion con alertas controladas.
Requiere aprobacion manual para pasar a BASE.
2026-08-10 09:14:46 | OBSERVACION DE RED
Estado monitor: OBSERVACION
IP remota: 138.97.177.156
Puerto remoto: 43991
IP local: 172.19.19.119
Puerto local: 49698
Estado TCP: ESTABLISHED
PID: 5712
Aplicacion: RvControlSvc
Veces vista: 120
Ya fue vista antes y sigue fuera de BASE.
Sigue en observacion con alertas controladas.
Requiere aprobacion manual para pasar a BASE.
2026-08-10 09:14:46 | OBSERVACION DE RED
Estado monitor: OBSERVACION
IP remota: 138.97.177.156
Puerto remoto: 49708
IP local: 172.19.19.119
Puerto local: 49699
Estado TCP: ESTABLISHED
PID: 5712
Aplicacion: RvControlSvc
Veces vista: 7
Ya fue vista antes y sigue fuera de BASE.
Sigue en observacion con alertas controladas.
Requiere aprobacion manual para pasar a BASE.
2026-08-10 09:14:46 | OBSERVACION DE RED
Estado monitor: OBSERVACION
IP remota: 207.248.126.253
Puerto remoto: 56353
IP local: 172.19.19.119
Puerto local: 49700
Estado TCP: ESTABLISHED
PID: 5712
Aplicacion: RvControlSvc
Veces vista: 59
Ya fue vista antes y sigue fuera de BASE.
Sigue en observacion con alertas controladas.
Requiere aprobacion manual para pasar a BASE.
2026-08-10 09:14:46 | OBSERVACION DE RED
Estado monitor: OBSERVACION
IP remota: 138.97.177.156
Puerto remoto: 62945
IP local: 172.19.19.119
Puerto local: 49701
Estado TCP: ESTABLISHED
PID: 5712
Aplicacion: RvControlSvc
Veces vista: 110
Ya fue vista antes y sigue fuera de BASE.
Sigue en observacion con alertas controladas.
Requiere aprobacion manual para pasar a BASE.
2026-08-10 09:14:46 | OBSERVACION DE RED
Estado monitor: OBSERVACION
IP remota: 138.97.177.20
Puerto remoto: 50991
IP local: 172.19.19.119
Puerto local: 49702
Estado TCP: ESTABLISHED
PID: 5712
Aplicacion: RvControlSvc
Veces vista: 148
Ya fue vista antes y sigue fuera de BASE.
Sigue en observacion con alertas controladas.
Requiere aprobacion manual para pasar a BASE.
2026-08-10 09:14:46 | OBSERVACION DE RED
Estado monitor: OBSERVACION
IP remota: 138.97.177.80
Puerto remoto: 60690
IP local: 172.19.19.119
Puerto local: 49703
Estado TCP: ESTABLISHED
PID: 5712
Aplicacion: RvControlSvc
Veces vista: 106
Ya fue vista antes y sigue fuera de BASE.
Sigue en observacion con alertas controladas.
Requiere aprobacion manual para pasar a BASE.
2026-08-10 09:14:46 | OBSERVACION DE RED
Estado monitor: OBSERVACION
IP remota: 138.97.177.80
Puerto remoto: 64186
IP local: 172.19.19.119
Puerto local: 49704
Estado TCP: ESTABLISHED
PID: 5712
Aplicacion: RvControlSvc
Veces vista: 66
Ya fue vista antes y sigue fuera de BASE.
Sigue en observacion con alertas controladas.
Requiere aprobacion manual para pasar a BASE.
2026-08-10 09:14:46 | OBSERVACION DE RED
Estado monitor: OBSERVACION
IP remota: 168.90.73.130
Puerto remoto: 55558
IP local: 172.19.19.119
Puerto local: 49705
Estado TCP: ESTABLISHED
PID: 5712
Aplicacion: RvControlSvc
Veces vista: 95
Ya fue vista antes y sigue fuera de BASE.
Sigue en observacion con alertas controladas.
Requiere aprobacion manual para pasar a BASE.
2026-08-10 09:14:46 | OBSERVACION DE RED
Estado monitor: OBSERVACION
IP remota: 138.97.177.156
Puerto remoto: 63251
IP local: 172.19.19.119
Puerto local: 49706
Estado TCP: ESTABLISHED
PID: 5712
Aplicacion: RvControlSvc
Veces vista: 88
Ya fue vista antes y sigue fuera de BASE.
Sigue en observacion con alertas controladas.
Requiere aprobacion manual para pasar a BASE.
2026-08-10 09:14:46 | OBSERVACION DE RED
Estado monitor: OBSERVACION
IP remota: 172.19.19.196
Puerto remoto: 53778
IP local: 172.19.19.119
Puerto local: 49708
Estado TCP: ESTABLISHED
PID: 5712
Aplicacion: RvControlSvc
Veces vista: 4
Ya fue vista antes y sigue fuera de BASE.
Sigue en observacion con alertas controladas.
Requiere aprobacion manual para pasar a BASE.
2026-08-10 09:14:46 | OBSERVACION DE RED
Estado monitor: OBSERVACION
IP remota: 45.162.230.182
Puerto remoto: 17351
IP local: 172.19.19.119
Puerto local: 54603
Estado TCP: ESTABLISHED
PID: 5712
Aplicacion: RvControlSvc
Veces vista: 1946
Ya fue vista antes y sigue fuera de BASE.
Sigue en observacion con alertas controladas.
Requiere aprobacion manual para pasar a BASE.
2026-08-10 09:14:46 | OBSERVACION DE RED
Estado monitor: OBSERVACION
IP remota: 172.19.19.102
Puerto remoto: 4626
IP local: 172.19.19.119
Puerto local: 54710
Estado TCP: ESTABLISHED
PID: 5712
Aplicacion: RvControlSvc
Veces vista: 4
Ya fue vista antes y sigue fuera de BASE.
Sigue en observacion con alertas controladas.
Requiere aprobacion manual para pasar a BASE.
2026-08-10 09:14:46 | OBSERVACION DE RED
Estado monitor: OBSERVACION
IP remota: 172.19.19.128
Puerto remoto: 56340
IP local: 172.19.19.119
Puerto local: 54734
Estado TCP: ESTABLISHED
PID: 5712
Aplicacion: RvControlSvc
Veces vista: 4
Ya fue vista antes y sigue fuera de BASE.
Sigue en observacion con alertas controladas.
Requiere aprobacion manual para pasar a BASE.
2026-08-10 09:14:46 | NUEVA CONEXION DETECTADA
Estado monitor: NUEVA
IP remota: 4.150.223.97
Puerto remoto: 443
IP local: 172.19.19.119
Puerto local: 56955
Estado TCP: ESTABLISHED
PID: 5544
Aplicacion: MpDefenderCoreService
Veces vista: 1
2026-08-10 09:14:46 | OBSERVACION DE RED
Estado monitor: OBSERVACION
Tipo: PUERTO EN ESCUCHA
IP local: 0.0.0.0
Puerto local: 135
Estado TCP: LISTENING
PID: 1808
Aplicacion: svchost
Veces vista: 3332
Ya fue vista antes y sigue fuera de BASE.
Sigue en observacion con alertas controladas.
Requiere aprobacion manual para pasar a BASE.
2026-08-10 09:14:46 | OBSERVACION DE RED
Estado monitor: OBSERVACION
Tipo: PUERTO EN ESCUCHA
IP local: 0.0.0.0
Puerto local: 445
Estado TCP: LISTENING
PID: 4
Aplicacion: System
Veces vista: 3332
Ya fue vista antes y sigue fuera de BASE.
Sigue en observacion con alertas controladas.
Requiere aprobacion manual para pasar a BASE.
2026-08-10 09:14:46 | OBSERVACION DE RED
Estado monitor: OBSERVACION
Tipo: PUERTO EN ESCUCHA
IP local: 0.0.0.0
Puerto local: 49664
Estado TCP: LISTENING
PID: 1516
Aplicacion: lsass
Veces vista: 3332
Ya fue vista antes y sigue fuera de BASE.
Sigue en observacion con alertas controladas.
Requiere aprobacion manual para pasar a BASE.
2026-08-10 09:14:46 | OBSERVACION DE RED
Estado monitor: OBSERVACION
Tipo: PUERTO EN ESCUCHA
IP local: 0.0.0.0
Puerto local: 49665
Estado TCP: LISTENING
PID: 1336
Aplicacion: wininit
Veces vista: 3332
Ya fue vista antes y sigue fuera de BASE.
Sigue en observacion con alertas controladas.
Requiere aprobacion manual para pasar a BASE.
2026-08-10 09:14:46 | OBSERVACION DE RED
Estado monitor: OBSERVACION
Tipo: PUERTO EN ESCUCHA
IP local: 0.0.0.0
Puerto local: 49666
Estado TCP: LISTENING
PID: 2520
Aplicacion: svchost
Veces vista: 3332
Ya fue vista antes y sigue fuera de BASE.
Sigue en observacion con alertas controladas.
Requiere aprobacion manual para pasar a BASE.
2026-08-10 09:14:46 | OBSERVACION DE RED
Estado monitor: OBSERVACION
Tipo: PUERTO EN ESCUCHA
IP local: 0.0.0.0
Puerto local: 49667
Estado TCP: LISTENING
PID: 3316
Aplicacion: svchost
Veces vista: 3332
Ya fue vista antes y sigue fuera de BASE.
Sigue en observacion con alertas controladas.
Requiere aprobacion manual para pasar a BASE.
2026-08-10 09:14:46 | OBSERVACION DE RED
Estado monitor: OBSERVACION
Tipo: PUERTO EN ESCUCHA
IP local: 0.0.0.0
Puerto local: 49668
Estado TCP: LISTENING
PID: 4872
Aplicacion: spoolsv
Veces vista: 3332
Ya fue vista antes y sigue fuera de BASE.
Sigue en observacion con alertas controladas.
Requiere aprobacion manual para pasar a BASE.
2026-08-10 09:14:46 | OBSERVACION DE RED
Estado monitor: OBSERVACION
Tipo: PUERTO EN ESCUCHA
IP local: 0.0.0.0
Puerto local: 49670
Estado TCP: LISTENING
PID: 1488
Aplicacion: services
Veces vista: 2069
Ya fue vista antes y sigue fuera de BASE.
Sigue en observacion con alertas controladas.
Requiere aprobacion manual para pasar a BASE.
2026-08-10 09:14:46 | OBSERVACION DE RED
Estado monitor: OBSERVACION
Tipo: PUERTO EN ESCUCHA
IP local: 0.0.0.0
Puerto local: 5040
Estado TCP: LISTENING
PID: 12640
Aplicacion: svchost
Veces vista: 3328
Ya fue vista antes y sigue fuera de BASE.
Sigue en observacion con alertas controladas.
Requiere aprobacion manual para pasar a BASE.
2026-08-10 09:14:47 | OBSERVACION DE RED
Estado monitor: OBSERVACION
Tipo: PUERTO EN ESCUCHA
IP local: 0.0.0.0
Puerto local: 7070
Estado TCP: LISTENING
PID: 5064
Aplicacion: AnyDesk
Veces vista: 2727
Ya fue vista antes y sigue fuera de BASE.
Sigue en observacion con alertas controladas.
Requiere aprobacion manual para pasar a BASE.
2026-08-10 09:14:47 | OBSERVACION DE RED
Estado monitor: OBSERVACION
Tipo: PUERTO EN ESCUCHA
IP local: 127.0.0.1
Puerto local: 5939
Estado TCP: LISTENING
PID: 5860
Aplicacion: TeamViewer_Service
Veces vista: 395
Ya fue vista antes y sigue fuera de BASE.
Sigue en observacion con alertas controladas.
Requiere aprobacion manual para pasar a BASE.
2026-08-10 09:14:47 | OBSERVACION DE RED
Estado monitor: OBSERVACION
Tipo: PUERTO EN ESCUCHA
IP local: 172.19.19.119
Puerto local: 139
Estado TCP: LISTENING
PID: 4
Aplicacion: System
Veces vista: 87
Ya fue vista antes y sigue fuera de BASE.
Sigue en observacion con alertas controladas.
Requiere aprobacion manual para pasar a BASE.
2026-08-10 09:14:47 | OBSERVACION DE RED
Estado monitor: OBSERVACION
Tipo: PUERTO EN ESCUCHA
IP local: 172.19.19.119
Puerto local: 49682
Estado TCP: LISTENING
PID: 5712
Aplicacion: RvControlSvc
Veces vista: 4
Ya fue vista antes y sigue fuera de BASE.
Sigue en observacion con alertas controladas.
Requiere aprobacion manual para pasar a BASE.
2026-08-10 09:14:47 | OBSERVACION DE RED
Estado monitor: OBSERVACION
Tipo: PUERTO EN ESCUCHA
IP local: 192.168.56.1
Puerto local: 139
Estado TCP: LISTENING
PID: 4
Aplicacion: System
Veces vista: 3330
Ya fue vista antes y sigue fuera de BASE.
Sigue en observacion con alertas controladas.
Requiere aprobacion manual para pasar a BASE.
2026-08-10 09:14:47 | OBSERVACION DE RED
Estado monitor: OBSERVACION
Tipo: PUERTO EN ESCUCHA
IP local: 26.137.80.247
Puerto local: 139
Estado TCP: LISTENING
PID: 4
Aplicacion: System
Veces vista: 3288
Ya fue vista antes y sigue fuera de BASE.
Sigue en observacion con alertas controladas.
Requiere aprobacion manual para pasar a BASE.
2026-08-10 09:14:50 | Escaneo completado. Conexiones=75 Alertas=0 Observaciones=34 LearningMode=False
2026-08-10 09:24:50 | NUEVA CONEXION DETECTADA
Estado monitor: NUEVA
IP remota: 124.174.94.139
Puerto remoto: 443
IP local: 172.19.19.119
Puerto local: 50744
Estado TCP: ESTABLISHED
PID: 19104
Aplicacion: chrome
Veces vista: 1
2026-08-10 09:24:50 | OBSERVACION DE RED
Estado monitor: OBSERVACION
IP remota: 151.101.129.91
Puerto remoto: 443
IP local: 172.19.19.119
Puerto local: 52527
Estado TCP: ESTABLISHED
PID: 19104
Aplicacion: chrome
Veces vista: 77
Ya fue vista antes y sigue fuera de BASE.
Sigue en observacion con alertas controladas.
Requiere aprobacion manual para pasar a BASE.
2026-08-10 09:24:50 | OBSERVACION DE RED
Estado monitor: OBSERVACION
IP remota: 189.1.174.47
Puerto remoto: 443
IP local: 172.19.19.119
Puerto local: 53393
Estado TCP: ESTABLISHED
PID: 5064
Aplicacion: AnyDesk
Veces vista: 36
Ya fue vista antes y sigue fuera de BASE.
Sigue en observacion con alertas controladas.
Requiere aprobacion manual para pasar a BASE.
2026-08-10 09:24:50 | OBSERVACION DE RED
Estado monitor: OBSERVACION
IP remota: 172.19.19.15
Puerto remoto: 7070
IP local: 172.19.19.119
Puerto local: 53394
Estado TCP: ESTABLISHED
PID: 5064
Aplicacion: AnyDesk
Veces vista: 234
Ya fue vista antes y sigue fuera de BASE.
Sigue en observacion con alertas controladas.
Requiere aprobacion manual para pasar a BASE.
2026-08-10 09:24:50 | OBSERVACION DE RED
Estado monitor: OBSERVACION
IP remota: 142.251.0.188
Puerto remoto: 5228
IP local: 172.19.19.119
Puerto local: 55160
Estado TCP: ESTABLISHED
PID: 19104
Aplicacion: chrome
Veces vista: 484
Ya fue vista antes y sigue fuera de BASE.
Sigue en observacion con alertas controladas.
Requiere aprobacion manual para pasar a BASE.
2026-08-10 09:24:50 | OBSERVACION DE RED
Estado monitor: OBSERVACION
IP remota: 104.16.79.73
Puerto remoto: 443
IP local: 172.19.19.119
Puerto local: 56566
Estado TCP: ESTABLISHED
PID: 19104
Aplicacion: chrome
Veces vista: 35
Ya fue vista antes y sigue fuera de BASE.
Sigue en observacion con alertas controladas.
Requiere aprobacion manual para pasar a BASE.
2026-08-10 09:24:50 | OBSERVACION DE RED
Estado monitor: OBSERVACION
IP remota: 200.42.122.24
Puerto remoto: 443
IP local: 172.19.19.119
Puerto local: 57602
Estado TCP: ESTABLISHED
PID: 19104
Aplicacion: chrome
Veces vista: 8
Ya fue vista antes y sigue fuera de BASE.
Sigue en observacion con alertas controladas.
Requiere aprobacion manual para pasar a BASE.
2026-08-10 09:24:50 | OBSERVACION DE RED
Estado monitor: OBSERVACION
IP remota: 172.217.116.4
Puerto remoto: 443
IP local: 172.19.19.119
Puerto local: 57810
Estado TCP: ESTABLISHED
PID: 19104
Aplicacion: chrome
Veces vista: 36
Ya fue vista antes y sigue fuera de BASE.
Sigue en observacion con alertas controladas.
Requiere aprobacion manual para pasar a BASE.
2026-08-10 09:24:50 | NUEVA CONEXION DETECTADA
Estado monitor: NUEVA
IP remota: 124.174.94.139
Puerto remoto: 443
IP local: 172.19.19.119
Puerto local: 60683
Estado TCP: ESTABLISHED
PID: 19104
Aplicacion: chrome
Veces vista: 2
2026-08-10 09:24:50 | OBSERVACION DE RED
Estado monitor: OBSERVACION
IP remota: 200.42.122.8
Puerto remoto: 443
IP local: 172.19.19.119
Puerto local: 62177
Estado TCP: ESTABLISHED
PID: 19104
Aplicacion: chrome
Veces vista: 59
Ya fue vista antes y sigue fuera de BASE.
Sigue en observacion con alertas controladas.
Requiere aprobacion manual para pasar a BASE.
2026-08-10 09:24:50 | OBSERVACION DE RED
Estado monitor: OBSERVACION
IP remota: 172.19.19.107
Puerto remoto: 8009
IP local: 172.19.19.119
Puerto local: 62923
Estado TCP: ESTABLISHED
PID: 19104
Aplicacion: chrome
Veces vista: 4
Ya fue vista antes y sigue fuera de BASE.
Sigue en observacion con alertas controladas.
Requiere aprobacion manual para pasar a BASE.
2026-08-10 09:24:50 | NUEVA CONEXION DETECTADA
Estado monitor: NUEVA
IP remota: 124.174.94.0
Puerto remoto: 443
IP local: 172.19.19.119
Puerto local: 63081
Estado TCP: ESTABLISHED
PID: 19104
Aplicacion: chrome
Veces vista: 1
2026-08-10 09:24:50 | OBSERVACION DE RED
Estado monitor: OBSERVACION
IP remota: 52.110.14.80
Puerto remoto: 443
IP local: 172.19.19.119
Puerto local: 64764
Estado TCP: ESTABLISHED
PID: 12424
Aplicacion: explorer
Veces vista: 9
Ya fue vista antes y sigue fuera de BASE.
Sigue en observacion con alertas controladas.
Requiere aprobacion manual para pasar a BASE.
2026-08-10 09:24:50 | OBSERVACION DE RED
Estado monitor: OBSERVACION
IP remota: 52.97.23.226
Puerto remoto: 443
IP local: 172.19.19.119
Puerto local: 64767
Estado TCP: ESTABLISHED
PID: 12424
Aplicacion: explorer
Veces vista: 42
Ya fue vista antes y sigue fuera de BASE.
Sigue en observacion con alertas controladas.
Requiere aprobacion manual para pasar a BASE.
2026-08-10 09:24:50 | OBSERVACION DE RED
Estado monitor: OBSERVACION
Tipo: PUERTO EN ESCUCHA
IP local: 0.0.0.0
Puerto local: 53393
Estado TCP: LISTENING
PID: 5064
Aplicacion: AnyDesk
Veces vista: 1
Sigue en observacion con alertas controladas.
Requiere aprobacion manual para pasar a BASE.
2026-08-10 09:24:53 | Escaneo completado. Conexiones=70 Alertas=0 Observaciones=15 LearningMode=False
2026-08-10 09:34:45 | OBSERVACION DE RED
Estado monitor: OBSERVACION
Tipo: PUERTO EN ESCUCHA
IP local: 0.0.0.0
Puerto local: 58099
Estado TCP: LISTENING
PID: 5712
Aplicacion: RvControlSvc
Veces vista: 4
Ya fue vista antes y sigue fuera de BASE.
Sigue en observacion con alertas controladas.
Requiere aprobacion manual para pasar a BASE.
2026-08-10 09:34:45 | OBSERVACION DE RED
Estado monitor: OBSERVACION
Tipo: PUERTO EN ESCUCHA
IP local: 0.0.0.0
Puerto local: 7680
Estado TCP: LISTENING
PID: 17252
Aplicacion: svchost
Veces vista: 507
Ya fue vista antes y sigue fuera de BASE.
Sigue en observacion con alertas controladas.
Requiere aprobacion manual para pasar a BASE.
2026-08-10 09:34:45 | OBSERVACION DE RED
Estado monitor: OBSERVACION
Tipo: PUERTO EN ESCUCHA
IP local: 127.0.0.1
Puerto local: 5000
Estado TCP: LISTENING
PID: 21184
Aplicacion: NapsePromo
Veces vista: 10
Ya fue vista antes y sigue fuera de BASE.
Sigue en observacion con alertas controladas.
Requiere aprobacion manual para pasar a BASE.
2026-08-10 09:34:49 | Escaneo completado. Conexiones=54 Alertas=0 Observaciones=3 LearningMode=False
2026-08-10 09:44:50 | OBSERVACION DE RED
Estado monitor: OBSERVACION
IP remota: 148.113.190.78
Puerto remoto: 17301
IP local: 172.19.19.119
Puerto local: 49682
Estado TCP: ESTABLISHED
PID: 5712
Aplicacion: RvControlSvc
Veces vista: 953
Ya fue vista antes y sigue fuera de BASE.
Sigue en observacion con alertas controladas.
Requiere aprobacion manual para pasar a BASE.
2026-08-10 09:44:50 | OBSERVACION DE RED
Estado monitor: OBSERVACION
IP remota: 190.122.181.20
Puerto remoto: 52371
IP local: 172.19.19.119
Puerto local: 49689
Estado TCP: ESTABLISHED
PID: 5712
Aplicacion: RvControlSvc
Veces vista: 7
Ya fue vista antes y sigue fuera de BASE.
Sigue en observacion con alertas controladas.
Requiere aprobacion manual para pasar a BASE.
2026-08-10 09:44:50 | OBSERVACION DE RED
Estado monitor: OBSERVACION
IP remota: 138.97.177.156
Puerto remoto: 28943
IP local: 172.19.19.119
Puerto local: 49693
Estado TCP: ESTABLISHED
PID: 5712
Aplicacion: RvControlSvc
Veces vista: 7
Ya fue vista antes y sigue fuera de BASE.
Sigue en observacion con alertas controladas.
Requiere aprobacion manual para pasar a BASE.
2026-08-10 09:44:50 | OBSERVACION DE RED
Estado monitor: OBSERVACION
IP remota: 138.97.177.156
Puerto remoto: 43991
IP local: 172.19.19.119
Puerto local: 49698
Estado TCP: ESTABLISHED
PID: 5712
Aplicacion: RvControlSvc
Veces vista: 123
Ya fue vista antes y sigue fuera de BASE.
Sigue en observacion con alertas controladas.
Requiere aprobacion manual para pasar a BASE.
2026-08-10 09:44:50 | OBSERVACION DE RED
Estado monitor: OBSERVACION
IP remota: 138.97.177.156
Puerto remoto: 49708
IP local: 172.19.19.119
Puerto local: 49699
Estado TCP: ESTABLISHED
PID: 5712
Aplicacion: RvControlSvc
Veces vista: 10
Ya fue vista antes y sigue fuera de BASE.
Sigue en observacion con alertas controladas.
Requiere aprobacion manual para pasar a BASE.
2026-08-10 09:44:50 | OBSERVACION DE RED
Estado monitor: OBSERVACION
IP remota: 207.248.126.253
Puerto remoto: 56353
IP local: 172.19.19.119
Puerto local: 49700
Estado TCP: ESTABLISHED
PID: 5712
Aplicacion: RvControlSvc
Veces vista: 62
Ya fue vista antes y sigue fuera de BASE.
Sigue en observacion con alertas controladas.
Requiere aprobacion manual para pasar a BASE.
2026-08-10 09:44:50 | OBSERVACION DE RED
Estado monitor: OBSERVACION
IP remota: 138.97.177.156
Puerto remoto: 62945
IP local: 172.19.19.119
Puerto local: 49701
Estado TCP: ESTABLISHED
PID: 5712
Aplicacion: RvControlSvc
Veces vista: 113
Ya fue vista antes y sigue fuera de BASE.
Sigue en observacion con alertas controladas.
Requiere aprobacion manual para pasar a BASE.
2026-08-10 09:44:50 | OBSERVACION DE RED
Estado monitor: OBSERVACION
IP remota: 138.97.177.20
Puerto remoto: 50991
IP local: 172.19.19.119
Puerto local: 49702
Estado TCP: ESTABLISHED
PID: 5712
Aplicacion: RvControlSvc
Veces vista: 151
Ya fue vista antes y sigue fuera de BASE.
Sigue en observacion con alertas controladas.
Requiere aprobacion manual para pasar a BASE.
2026-08-10 09:44:50 | OBSERVACION DE RED
Estado monitor: OBSERVACION
IP remota: 138.97.177.80
Puerto remoto: 60690
IP local: 172.19.19.119
Puerto local: 49703
Estado TCP: ESTABLISHED
PID: 5712
Aplicacion: RvControlSvc
Veces vista: 109
Ya fue vista antes y sigue fuera de BASE.
Sigue en observacion con alertas controladas.
Requiere aprobacion manual para pasar a BASE.
2026-08-10 09:44:50 | OBSERVACION DE RED
Estado monitor: OBSERVACION
IP remota: 138.97.177.80
Puerto remoto: 64186
IP local: 172.19.19.119
Puerto local: 49704
Estado TCP: ESTABLISHED
PID: 5712
Aplicacion: RvControlSvc
Veces vista: 69
Ya fue vista antes y sigue fuera de BASE.
Sigue en observacion con alertas controladas.
Requiere aprobacion manual para pasar a BASE.
2026-08-10 09:44:50 | OBSERVACION DE RED
Estado monitor: OBSERVACION
IP remota: 168.90.73.130
Puerto remoto: 55558
IP local: 172.19.19.119
Puerto local: 49705
Estado TCP: ESTABLISHED
PID: 5712
Aplicacion: RvControlSvc
Veces vista: 98
Ya fue vista antes y sigue fuera de BASE.
Sigue en observacion con alertas controladas.
Requiere aprobacion manual para pasar a BASE.
2026-08-10 09:44:50 | OBSERVACION DE RED
Estado monitor: OBSERVACION
IP remota: 138.97.177.156
Puerto remoto: 63251
IP local: 172.19.19.119
Puerto local: 49706
Estado TCP: ESTABLISHED
PID: 5712
Aplicacion: RvControlSvc
Veces vista: 91
Ya fue vista antes y sigue fuera de BASE.
Sigue en observacion con alertas controladas.
Requiere aprobacion manual para pasar a BASE.
2026-08-10 09:44:50 | OBSERVACION DE RED
Estado monitor: OBSERVACION
IP remota: 172.19.19.196
Puerto remoto: 53778
IP local: 172.19.19.119
Puerto local: 49708
Estado TCP: ESTABLISHED
PID: 5712
Aplicacion: RvControlSvc
Veces vista: 7
Ya fue vista antes y sigue fuera de BASE.
Sigue en observacion con alertas controladas.
Requiere aprobacion manual para pasar a BASE.
2026-08-10 09:44:50 | OBSERVACION DE RED
Estado monitor: OBSERVACION
IP remota: 172.217.119.4
Puerto remoto: 443
IP local: 172.19.19.119
Puerto local: 49793
Estado TCP: ESTABLISHED
PID: 19104
Aplicacion: chrome
Veces vista: 38
Ya fue vista antes y sigue fuera de BASE.
Sigue en observacion con alertas controladas.
Requiere aprobacion manual para pasar a BASE.
2026-08-10 09:44:50 | OBSERVACION DE RED
Estado monitor: OBSERVACION
IP remota: 142.251.134.193
Puerto remoto: 443
IP local: 172.19.19.119
Puerto local: 52382
Estado TCP: ESTABLISHED
PID: 19104
Aplicacion: chrome
Veces vista: 24
Ya fue vista antes y sigue fuera de BASE.
Sigue en observacion con alertas controladas.
Requiere aprobacion manual para pasar a BASE.
2026-08-10 09:44:50 | OBSERVACION DE RED
Estado monitor: OBSERVACION
IP remota: 45.162.230.182
Puerto remoto: 17351
IP local: 172.19.19.119
Puerto local: 54603
Estado TCP: ESTABLISHED
PID: 5712
Aplicacion: RvControlSvc
Veces vista: 1958
Ya fue vista antes y sigue fuera de BASE.
Sigue en observacion con alertas controladas.
Requiere aprobacion manual para pasar a BASE.
2026-08-10 09:44:50 | OBSERVACION DE RED
Estado monitor: OBSERVACION
IP remota: 142.251.134.78
Puerto remoto: 443
IP local: 172.19.19.119
Puerto local: 54691
Estado TCP: ESTABLISHED
PID: 19104
Aplicacion: chrome
Veces vista: 89
Ya fue vista antes y sigue fuera de BASE.
Sigue en observacion con alertas controladas.
Requiere aprobacion manual para pasar a BASE.
2026-08-10 09:44:50 | OBSERVACION DE RED
Estado monitor: OBSERVACION
IP remota: 172.19.19.102
Puerto remoto: 4626
IP local: 172.19.19.119
Puerto local: 54710
Estado TCP: ESTABLISHED
PID: 5712
Aplicacion: RvControlSvc
Veces vista: 7
Ya fue vista antes y sigue fuera de BASE.
Sigue en observacion con alertas controladas.
Requiere aprobacion manual para pasar a BASE.
2026-08-10 09:44:50 | OBSERVACION DE RED
Estado monitor: OBSERVACION
IP remota: 172.19.19.128
Puerto remoto: 56340
IP local: 172.19.19.119
Puerto local: 54734
Estado TCP: ESTABLISHED
PID: 5712
Aplicacion: RvControlSvc
Veces vista: 7
Ya fue vista antes y sigue fuera de BASE.
Sigue en observacion con alertas controladas.
Requiere aprobacion manual para pasar a BASE.
2026-08-10 09:44:50 | OBSERVACION DE RED
Estado monitor: OBSERVACION
IP remota: 200.42.122.18
Puerto remoto: 443
IP local: 172.19.19.119
Puerto local: 58151
Estado TCP: ESTABLISHED
PID: 14408
Aplicacion: Widgets
Veces vista: 8
Ya fue vista antes y sigue fuera de BASE.
Sigue en observacion con alertas controladas.
Requiere aprobacion manual para pasar a BASE.
2026-08-10 09:44:50 | OBSERVACION DE RED
Estado monitor: OBSERVACION
IP remota: 200.42.122.8
Puerto remoto: 443
IP local: 172.19.19.119
Puerto local: 58152
Estado TCP: ESTABLISHED
PID: 5536
Aplicacion: servicehost
Veces vista: 46
Ya fue vista antes y sigue fuera de BASE.
Sigue en observacion con alertas controladas.
Requiere aprobacion manual para pasar a BASE.
2026-08-10 09:44:50 | OBSERVACION DE RED
Estado monitor: OBSERVACION
IP remota: 200.42.122.8
Puerto remoto: 443
IP local: 172.19.19.119
Puerto local: 58153
Estado TCP: ESTABLISHED
PID: 5868
Aplicacion: mc-fw-host
Veces vista: 52
Ya fue vista antes y sigue fuera de BASE.
Sigue en observacion con alertas controladas.
Requiere aprobacion manual para pasar a BASE.
2026-08-10 09:44:50 | NUEVA CONEXION DETECTADA
Estado monitor: NUEVA
IP remota: 4.150.223.97
Puerto remoto: 443
IP local: 172.19.19.119
Puerto local: 58154
Estado TCP: ESTABLISHED
PID: 5544
Aplicacion: MpDefenderCoreService
Veces vista: 2
2026-08-10 09:44:50 | OBSERVACION DE RED
Estado monitor: OBSERVACION
IP remota: 142.251.128.131
Puerto remoto: 443
IP local: 172.19.19.119
Puerto local: 60568
Estado TCP: ESTABLISHED
PID: 19104
Aplicacion: chrome
Veces vista: 79
Ya fue vista antes y sigue fuera de BASE.
Sigue en observacion con alertas controladas.
Requiere aprobacion manual para pasar a BASE.
2026-08-10 09:44:50 | OBSERVACION DE RED
Estado monitor: OBSERVACION
Tipo: PUERTO EN ESCUCHA
IP local: 0.0.0.0
Puerto local: 135
Estado TCP: LISTENING
PID: 1808
Aplicacion: svchost
Veces vista: 3335
Ya fue vista antes y sigue fuera de BASE.
Sigue en observacion con alertas controladas.
Requiere aprobacion manual para pasar a BASE.
2026-08-10 09:44:50 | OBSERVACION DE RED
Estado monitor: OBSERVACION
Tipo: PUERTO EN ESCUCHA
IP local: 0.0.0.0
Puerto local: 445
Estado TCP: LISTENING
PID: 4
Aplicacion: System
Veces vista: 3335
Ya fue vista antes y sigue fuera de BASE.
Sigue en observacion con alertas controladas.
Requiere aprobacion manual para pasar a BASE.
2026-08-10 09:44:50 | OBSERVACION DE RED
Estado monitor: OBSERVACION
Tipo: PUERTO EN ESCUCHA
IP local: 0.0.0.0
Puerto local: 49664
Estado TCP: LISTENING
PID: 1516
Aplicacion: lsass
Veces vista: 3335
Ya fue vista antes y sigue fuera de BASE.
Sigue en observacion con alertas controladas.
Requiere aprobacion manual para pasar a BASE.
2026-08-10 09:44:50 | OBSERVACION DE RED
Estado monitor: OBSERVACION
Tipo: PUERTO EN ESCUCHA
IP local: 0.0.0.0
Puerto local: 49665
Estado TCP: LISTENING
PID: 1336
Aplicacion: wininit
Veces vista: 3335
Ya fue vista antes y sigue fuera de BASE.
Sigue en observacion con alertas controladas.
Requiere aprobacion manual para pasar a BASE.
2026-08-10 09:44:50 | OBSERVACION DE RED
Estado monitor: OBSERVACION
Tipo: PUERTO EN ESCUCHA
IP local: 0.0.0.0
Puerto local: 49666
Estado TCP: LISTENING
PID: 2520
Aplicacion: svchost
Veces vista: 3335
Ya fue vista antes y sigue fuera de BASE.
Sigue en observacion con alertas controladas.
Requiere aprobacion manual para pasar a BASE.
2026-08-10 09:44:50 | OBSERVACION DE RED
Estado monitor: OBSERVACION
Tipo: PUERTO EN ESCUCHA
IP local: 0.0.0.0
Puerto local: 49667
Estado TCP: LISTENING
PID: 3316
Aplicacion: svchost
Veces vista: 3335
Ya fue vista antes y sigue fuera de BASE.
Sigue en observacion con alertas controladas.
Requiere aprobacion manual para pasar a BASE.
2026-08-10 09:44:50 | OBSERVACION DE RED
Estado monitor: OBSERVACION
Tipo: PUERTO EN ESCUCHA
IP local: 0.0.0.0
Puerto local: 49668
Estado TCP: LISTENING
PID: 4872
Aplicacion: spoolsv
Veces vista: 3335
Ya fue vista antes y sigue fuera de BASE.
Sigue en observacion con alertas controladas.
Requiere aprobacion manual para pasar a BASE.
2026-08-10 09:44:50 | OBSERVACION DE RED
Estado monitor: OBSERVACION
Tipo: PUERTO EN ESCUCHA
IP local: 0.0.0.0
Puerto local: 49670
Estado TCP: LISTENING
PID: 1488
Aplicacion: services
Veces vista: 2072
Ya fue vista antes y sigue fuera de BASE.
Sigue en observacion con alertas controladas.
Requiere aprobacion manual para pasar a BASE.
2026-08-10 09:44:50 | OBSERVACION DE RED
Estado monitor: OBSERVACION
Tipo: PUERTO EN ESCUCHA
IP local: 0.0.0.0
Puerto local: 5040
Estado TCP: LISTENING
PID: 12640
Aplicacion: svchost
Veces vista: 3331
Ya fue vista antes y sigue fuera de BASE.
Sigue en observacion con alertas controladas.
Requiere aprobacion manual para pasar a BASE.
2026-08-10 09:44:50 | OBSERVACION DE RED
Estado monitor: OBSERVACION
Tipo: PUERTO EN ESCUCHA
IP local: 0.0.0.0
Puerto local: 7070
Estado TCP: LISTENING
PID: 5064
Aplicacion: AnyDesk
Veces vista: 2730
Ya fue vista antes y sigue fuera de BASE.
Sigue en observacion con alertas controladas.
Requiere aprobacion manual para pasar a BASE.
2026-08-10 09:44:50 | OBSERVACION DE RED
Estado monitor: OBSERVACION
Tipo: PUERTO EN ESCUCHA
IP local: 127.0.0.1
Puerto local: 5939
Estado TCP: LISTENING
PID: 5860
Aplicacion: TeamViewer_Service
Veces vista: 398
Ya fue vista antes y sigue fuera de BASE.
Sigue en observacion con alertas controladas.
Requiere aprobacion manual para pasar a BASE.
2026-08-10 09:44:50 | OBSERVACION DE RED
Estado monitor: OBSERVACION
Tipo: PUERTO EN ESCUCHA
IP local: 172.19.19.119
Puerto local: 139
Estado TCP: LISTENING
PID: 4
Aplicacion: System
Veces vista: 90
Ya fue vista antes y sigue fuera de BASE.
Sigue en observacion con alertas controladas.
Requiere aprobacion manual para pasar a BASE.
2026-08-10 09:44:50 | OBSERVACION DE RED
Estado monitor: OBSERVACION
Tipo: PUERTO EN ESCUCHA
IP local: 172.19.19.119
Puerto local: 49682
Estado TCP: LISTENING
PID: 5712
Aplicacion: RvControlSvc
Veces vista: 7
Ya fue vista antes y sigue fuera de BASE.
Sigue en observacion con alertas controladas.
Requiere aprobacion manual para pasar a BASE.
2026-08-10 09:44:50 | OBSERVACION DE RED
Estado monitor: OBSERVACION
Tipo: PUERTO EN ESCUCHA
IP local: 192.168.56.1
Puerto local: 139
Estado TCP: LISTENING
PID: 4
Aplicacion: System
Veces vista: 3333
Ya fue vista antes y sigue fuera de BASE.
Sigue en observacion con alertas controladas.
Requiere aprobacion manual para pasar a BASE.
2026-08-10 09:44:50 | OBSERVACION DE RED
Estado monitor: OBSERVACION
Tipo: PUERTO EN ESCUCHA
IP local: 26.137.80.247
Puerto local: 139
Estado TCP: LISTENING
PID: 4
Aplicacion: System
Veces vista: 3291
Ya fue vista antes y sigue fuera de BASE.
Sigue en observacion con alertas controladas.
Requiere aprobacion manual para pasar a BASE.
2026-08-10 09:44:53 | Escaneo completado. Conexiones=83 Alertas=0 Observaciones=39 LearningMode=False
2026-08-10 09:54:47 | OBSERVACION DE RED
Estado monitor: OBSERVACION
IP remota: 34.149.66.163
Puerto remoto: 443
IP local: 172.19.19.119
Puerto local: 53780
Estado TCP: ESTABLISHED
PID: 19104
Aplicacion: chrome
Veces vista: 34
Ya fue vista antes y sigue fuera de BASE.
Sigue en observacion con alertas controladas.
Requiere aprobacion manual para pasar a BASE.
2026-08-10 09:54:47 | OBSERVACION DE RED
Estado monitor: OBSERVACION
IP remota: 142.251.0.188
Puerto remoto: 5228
IP local: 172.19.19.119
Puerto local: 55160
Estado TCP: ESTABLISHED
PID: 19104
Aplicacion: chrome
Veces vista: 487
Ya fue vista antes y sigue fuera de BASE.
Sigue en observacion con alertas controladas.
Requiere aprobacion manual para pasar a BASE.
2026-08-10 09:54:47 | OBSERVACION DE RED
Estado monitor: OBSERVACION
IP remota: 142.251.128.67
Puerto remoto: 80
IP local: 172.19.19.119
Puerto local: 62127
Estado TCP: ESTABLISHED
PID: 5092
Aplicacion: svchost
Veces vista: 22
Ya fue vista antes y sigue fuera de BASE.
Sigue en observacion con alertas controladas.
Requiere aprobacion manual para pasar a BASE.
2026-08-10 09:54:47 | OBSERVACION DE RED
Estado monitor: OBSERVACION
IP remota: 151.101.218.172
Puerto remoto: 80
IP local: 172.19.19.119
Puerto local: 62128
Estado TCP: ESTABLISHED
PID: 5092
Aplicacion: svchost
Veces vista: 34
Ya fue vista antes y sigue fuera de BASE.
Sigue en observacion con alertas controladas.
Requiere aprobacion manual para pasar a BASE.
2026-08-10 09:54:47 | OBSERVACION DE RED
Estado monitor: OBSERVACION
IP remota: 172.19.19.107
Puerto remoto: 8009
IP local: 172.19.19.119
Puerto local: 62923
Estado TCP: ESTABLISHED
PID: 19104
Aplicacion: chrome
Veces vista: 7
Ya fue vista antes y sigue fuera de BASE.
Sigue en observacion con alertas controladas.
Requiere aprobacion manual para pasar a BASE.
2026-08-10 09:54:47 | OBSERVACION DE RED
Estado monitor: OBSERVACION
IP remota: 189.1.174.47
Puerto remoto: 443
IP local: 172.19.19.119
Puerto local: 63988
Estado TCP: ESTABLISHED
PID: 5064
Aplicacion: AnyDesk
Veces vista: 39
Ya fue vista antes y sigue fuera de BASE.
Sigue en observacion con alertas controladas.
Requiere aprobacion manual para pasar a BASE.
2026-08-10 09:54:47 | OBSERVACION DE RED
Estado monitor: OBSERVACION
IP remota: 172.19.19.15
Puerto remoto: 7070
IP local: 172.19.19.119
Puerto local: 63989
Estado TCP: ESTABLISHED
PID: 5064
Aplicacion: AnyDesk
Veces vista: 237
Ya fue vista antes y sigue fuera de BASE.
Sigue en observacion con alertas controladas.
Requiere aprobacion manual para pasar a BASE.
2026-08-10 09:54:47 | OBSERVACION DE RED
Estado monitor: OBSERVACION
Tipo: PUERTO EN ESCUCHA
IP local: 0.0.0.0
Puerto local: 63988
Estado TCP: LISTENING
PID: 5064
Aplicacion: AnyDesk
Veces vista: 1
Sigue en observacion con alertas controladas.
Requiere aprobacion manual para pasar a BASE.
2026-08-10 09:54:50 | Escaneo completado. Conexiones=53 Alertas=0 Observaciones=8 LearningMode=False
2026-08-10 10:04:47 | OBSERVACION DE RED
Estado monitor: OBSERVACION
Tipo: PUERTO EN ESCUCHA
IP local: 0.0.0.0
Puerto local: 58099
Estado TCP: LISTENING
PID: 5712
Aplicacion: RvControlSvc
Veces vista: 7
Ya fue vista antes y sigue fuera de BASE.
Sigue en observacion con alertas controladas.
Requiere aprobacion manual para pasar a BASE.
2026-08-10 10:04:47 | OBSERVACION DE RED
Estado monitor: OBSERVACION
Tipo: PUERTO EN ESCUCHA
IP local: 0.0.0.0
Puerto local: 7680
Estado TCP: LISTENING
PID: 17252
Aplicacion: svchost
Veces vista: 510
Ya fue vista antes y sigue fuera de BASE.
Sigue en observacion con alertas controladas.
Requiere aprobacion manual para pasar a BASE.
2026-08-10 10:04:50 | Escaneo completado. Conexiones=55 Alertas=0 Observaciones=2 LearningMode=False
2026-08-10 10:14:47 | OBSERVACION DE RED
Estado monitor: OBSERVACION
IP remota: 138.97.177.156
Puerto remoto: 62772
IP local: 172.19.19.119
Puerto local: 49682
Estado TCP: ESTABLISHED
PID: 5712
Aplicacion: RvControlSvc
Veces vista: 1
Sigue en observacion con alertas controladas.
Requiere aprobacion manual para pasar a BASE.
2026-08-10 10:14:47 | OBSERVACION DE RED
Estado monitor: OBSERVACION
IP remota: 148.113.190.78
Puerto remoto: 17301
IP local: 172.19.19.119
Puerto local: 49682
Estado TCP: ESTABLISHED
PID: 5712
Aplicacion: RvControlSvc
Veces vista: 956
Ya fue vista antes y sigue fuera de BASE.
Sigue en observacion con alertas controladas.
Requiere aprobacion manual para pasar a BASE.
2026-08-10 10:14:47 | OBSERVACION DE RED
Estado monitor: OBSERVACION
IP remota: 190.122.181.20
Puerto remoto: 52371
IP local: 172.19.19.119
Puerto local: 49689
Estado TCP: ESTABLISHED
PID: 5712
Aplicacion: RvControlSvc
Veces vista: 10
Ya fue vista antes y sigue fuera de BASE.
Sigue en observacion con alertas controladas.
Requiere aprobacion manual para pasar a BASE.
2026-08-10 10:14:47 | OBSERVACION DE RED
Estado monitor: OBSERVACION
IP remota: 138.97.177.156
Puerto remoto: 28943
IP local: 172.19.19.119
Puerto local: 49693
Estado TCP: ESTABLISHED
PID: 5712
Aplicacion: RvControlSvc
Veces vista: 10
Ya fue vista antes y sigue fuera de BASE.
Sigue en observacion con alertas controladas.
Requiere aprobacion manual para pasar a BASE.
2026-08-10 10:14:47 | OBSERVACION DE RED
Estado monitor: OBSERVACION
IP remota: 138.97.177.156
Puerto remoto: 43991
IP local: 172.19.19.119
Puerto local: 49698
Estado TCP: ESTABLISHED
PID: 5712
Aplicacion: RvControlSvc
Veces vista: 126
Ya fue vista antes y sigue fuera de BASE.
Sigue en observacion con alertas controladas.
Requiere aprobacion manual para pasar a BASE.
2026-08-10 10:14:47 | OBSERVACION DE RED
Estado monitor: OBSERVACION
IP remota: 138.97.177.156
Puerto remoto: 49708
IP local: 172.19.19.119
Puerto local: 49699
Estado TCP: ESTABLISHED
PID: 5712
Aplicacion: RvControlSvc
Veces vista: 13
Ya fue vista antes y sigue fuera de BASE.
Sigue en observacion con alertas controladas.
Requiere aprobacion manual para pasar a BASE.
2026-08-10 10:14:47 | OBSERVACION DE RED
Estado monitor: OBSERVACION
IP remota: 207.248.126.253
Puerto remoto: 56353
IP local: 172.19.19.119
Puerto local: 49700
Estado TCP: ESTABLISHED
PID: 5712
Aplicacion: RvControlSvc
Veces vista: 65
Ya fue vista antes y sigue fuera de BASE.
Sigue en observacion con alertas controladas.
Requiere aprobacion manual para pasar a BASE.
2026-08-10 10:14:47 | OBSERVACION DE RED
Estado monitor: OBSERVACION
IP remota: 138.97.177.156
Puerto remoto: 62945
IP local: 172.19.19.119
Puerto local: 49701
Estado TCP: ESTABLISHED
PID: 5712
Aplicacion: RvControlSvc
Veces vista: 116
Ya fue vista antes y sigue fuera de BASE.
Sigue en observacion con alertas controladas.
Requiere aprobacion manual para pasar a BASE.
2026-08-10 10:14:47 | OBSERVACION DE RED
Estado monitor: OBSERVACION
IP remota: 138.97.177.20
Puerto remoto: 50991
IP local: 172.19.19.119
Puerto local: 49702
Estado TCP: ESTABLISHED
PID: 5712
Aplicacion: RvControlSvc
Veces vista: 154
Ya fue vista antes y sigue fuera de BASE.
Sigue en observacion con alertas controladas.
Requiere aprobacion manual para pasar a BASE.
2026-08-10 10:14:47 | OBSERVACION DE RED
Estado monitor: OBSERVACION
IP remota: 138.97.177.80
Puerto remoto: 60690
IP local: 172.19.19.119
Puerto local: 49703
Estado TCP: ESTABLISHED
PID: 5712
Aplicacion: RvControlSvc
Veces vista: 112
Ya fue vista antes y sigue fuera de BASE.
Sigue en observacion con alertas controladas.
Requiere aprobacion manual para pasar a BASE.
2026-08-10 10:14:47 | OBSERVACION DE RED
Estado monitor: OBSERVACION
IP remota: 138.97.177.80
Puerto remoto: 64186
IP local: 172.19.19.119
Puerto local: 49704
Estado TCP: ESTABLISHED
PID: 5712
Aplicacion: RvControlSvc
Veces vista: 72
Ya fue vista antes y sigue fuera de BASE.
Sigue en observacion con alertas controladas.
Requiere aprobacion manual para pasar a BASE.
2026-08-10 10:14:47 | OBSERVACION DE RED
Estado monitor: OBSERVACION
IP remota: 168.90.73.130
Puerto remoto: 55558
IP local: 172.19.19.119
Puerto local: 49705
Estado TCP: ESTABLISHED
PID: 5712
Aplicacion: RvControlSvc
Veces vista: 101
Ya fue vista antes y sigue fuera de BASE.
Sigue en observacion con alertas controladas.
Requiere aprobacion manual para pasar a BASE.
2026-08-10 10:14:47 | OBSERVACION DE RED
Estado monitor: OBSERVACION
IP remota: 138.97.177.156
Puerto remoto: 63251
IP local: 172.19.19.119
Puerto local: 49706
Estado TCP: ESTABLISHED
PID: 5712
Aplicacion: RvControlSvc
Veces vista: 94
Ya fue vista antes y sigue fuera de BASE.
Sigue en observacion con alertas controladas.
Requiere aprobacion manual para pasar a BASE.
2026-08-10 10:14:47 | OBSERVACION DE RED
Estado monitor: OBSERVACION
IP remota: 172.19.19.196
Puerto remoto: 53778
IP local: 172.19.19.119
Puerto local: 49708
Estado TCP: ESTABLISHED
PID: 5712
Aplicacion: RvControlSvc
Veces vista: 10
Ya fue vista antes y sigue fuera de BASE.
Sigue en observacion con alertas controladas.
Requiere aprobacion manual para pasar a BASE.
2026-08-10 10:14:47 | OBSERVACION DE RED
Estado monitor: OBSERVACION
IP remota: 52.168.117.168
Puerto remoto: 443
IP local: 172.19.19.119
Puerto local: 49969
Estado TCP: ESTABLISHED
PID: 5544
Aplicacion: MpDefenderCoreService
Veces vista: 4
Ya fue vista antes y sigue fuera de BASE.
Sigue en observacion con alertas controladas.
Requiere aprobacion manual para pasar a BASE.
2026-08-10 10:14:47 | OBSERVACION DE RED
Estado monitor: OBSERVACION
IP remota: 162.43.190.119
Puerto remoto: 443
IP local: 172.19.19.119
Puerto local: 50410
Estado TCP: ESTABLISHED
PID: 5064
Aplicacion: AnyDesk
Veces vista: 72
Ya fue vista antes y sigue fuera de BASE.
Sigue en observacion con alertas controladas.
Requiere aprobacion manual para pasar a BASE.
2026-08-10 10:14:47 | OBSERVACION DE RED
Estado monitor: OBSERVACION
IP remota: 45.162.230.182
Puerto remoto: 17351
IP local: 172.19.19.119
Puerto local: 54603
Estado TCP: ESTABLISHED
PID: 5712
Aplicacion: RvControlSvc
Veces vista: 1967
Ya fue vista antes y sigue fuera de BASE.
Sigue en observacion con alertas controladas.
Requiere aprobacion manual para pasar a BASE.
2026-08-10 10:14:47 | OBSERVACION DE RED
Estado monitor: OBSERVACION
IP remota: 172.19.19.102
Puerto remoto: 4626
IP local: 172.19.19.119
Puerto local: 54710
Estado TCP: ESTABLISHED
PID: 5712
Aplicacion: RvControlSvc
Veces vista: 10
Ya fue vista antes y sigue fuera de BASE.
Sigue en observacion con alertas controladas.
Requiere aprobacion manual para pasar a BASE.
2026-08-10 10:14:47 | OBSERVACION DE RED
Estado monitor: OBSERVACION
IP remota: 172.19.19.128
Puerto remoto: 56340
IP local: 172.19.19.119
Puerto local: 54734
Estado TCP: ESTABLISHED
PID: 5712
Aplicacion: RvControlSvc
Veces vista: 10
Ya fue vista antes y sigue fuera de BASE.
Sigue en observacion con alertas controladas.
Requiere aprobacion manual para pasar a BASE.
2026-08-10 10:14:47 | OBSERVACION DE RED
Estado monitor: OBSERVACION
Tipo: PUERTO EN ESCUCHA
IP local: 0.0.0.0
Puerto local: 135
Estado TCP: LISTENING
PID: 1808
Aplicacion: svchost
Veces vista: 3338
Ya fue vista antes y sigue fuera de BASE.
Sigue en observacion con alertas controladas.
Requiere aprobacion manual para pasar a BASE.
2026-08-10 10:14:47 | OBSERVACION DE RED
Estado monitor: OBSERVACION
Tipo: PUERTO EN ESCUCHA
IP local: 0.0.0.0
Puerto local: 445
Estado TCP: LISTENING
PID: 4
Aplicacion: System
Veces vista: 3338
Ya fue vista antes y sigue fuera de BASE.
Sigue en observacion con alertas controladas.
Requiere aprobacion manual para pasar a BASE.
2026-08-10 10:14:47 | OBSERVACION DE RED
Estado monitor: OBSERVACION
Tipo: PUERTO EN ESCUCHA
IP local: 0.0.0.0
Puerto local: 49664
Estado TCP: LISTENING
PID: 1516
Aplicacion: lsass
Veces vista: 3338
Ya fue vista antes y sigue fuera de BASE.
Sigue en observacion con alertas controladas.
Requiere aprobacion manual para pasar a BASE.
2026-08-10 10:14:47 | OBSERVACION DE RED
Estado monitor: OBSERVACION
Tipo: PUERTO EN ESCUCHA
IP local: 0.0.0.0
Puerto local: 49665
Estado TCP: LISTENING
PID: 1336
Aplicacion: wininit
Veces vista: 3338
Ya fue vista antes y sigue fuera de BASE.
Sigue en observacion con alertas controladas.
Requiere aprobacion manual para pasar a BASE.
2026-08-10 10:14:47 | OBSERVACION DE RED
Estado monitor: OBSERVACION
Tipo: PUERTO EN ESCUCHA
IP local: 0.0.0.0
Puerto local: 49666
Estado TCP: LISTENING
PID: 2520
Aplicacion: svchost
Veces vista: 3338
Ya fue vista antes y sigue fuera de BASE.
Sigue en observacion con alertas controladas.
Requiere aprobacion manual para pasar a BASE.
2026-08-10 10:14:47 | OBSERVACION DE RED
Estado monitor: OBSERVACION
Tipo: PUERTO EN ESCUCHA
IP local: 0.0.0.0
Puerto local: 49667
Estado TCP: LISTENING
PID: 3316
Aplicacion: svchost
Veces vista: 3338
Ya fue vista antes y sigue fuera de BASE.
Sigue en observacion con alertas controladas.
Requiere aprobacion manual para pasar a BASE.
2026-08-10 10:14:47 | OBSERVACION DE RED
Estado monitor: OBSERVACION
Tipo: PUERTO EN ESCUCHA
IP local: 0.0.0.0
Puerto local: 49668
Estado TCP: LISTENING
PID: 4872
Aplicacion: spoolsv
Veces vista: 3338
Ya fue vista antes y sigue fuera de BASE.
Sigue en observacion con alertas controladas.
Requiere aprobacion manual para pasar a BASE.
2026-08-10 10:14:47 | OBSERVACION DE RED
Estado monitor: OBSERVACION
Tipo: PUERTO EN ESCUCHA
IP local: 0.0.0.0
Puerto local: 49670
Estado TCP: LISTENING
PID: 1488
Aplicacion: services
Veces vista: 2075
Ya fue vista antes y sigue fuera de BASE.
Sigue en observacion con alertas controladas.
Requiere aprobacion manual para pasar a BASE.
2026-08-10 10:14:47 | OBSERVACION DE RED
Estado monitor: OBSERVACION
Tipo: PUERTO EN ESCUCHA
IP local: 0.0.0.0
Puerto local: 5040
Estado TCP: LISTENING
PID: 12640
Aplicacion: svchost
Veces vista: 3334
Ya fue vista antes y sigue fuera de BASE.
Sigue en observacion con alertas controladas.
Requiere aprobacion manual para pasar a BASE.
2026-08-10 10:14:47 | OBSERVACION DE RED
Estado monitor: OBSERVACION
Tipo: PUERTO EN ESCUCHA
IP local: 0.0.0.0
Puerto local: 50410
Estado TCP: LISTENING
PID: 5064
Aplicacion: AnyDesk
Veces vista: 1
Sigue en observacion con alertas controladas.
Requiere aprobacion manual para pasar a BASE.
2026-08-10 10:14:47 | OBSERVACION DE RED
Estado monitor: OBSERVACION
Tipo: PUERTO EN ESCUCHA
IP local: 0.0.0.0
Puerto local: 57526
Estado TCP: LISTENING
PID: 5712
Aplicacion: RvControlSvc
Veces vista: 1
Sigue en observacion con alertas controladas.
Requiere aprobacion manual para pasar a BASE.
2026-08-10 10:14:47 | OBSERVACION DE RED
Estado monitor: OBSERVACION
Tipo: PUERTO EN ESCUCHA
IP local: 0.0.0.0
Puerto local: 7070
Estado TCP: LISTENING
PID: 5064
Aplicacion: AnyDesk
Veces vista: 2733
Ya fue vista antes y sigue fuera de BASE.
Sigue en observacion con alertas controladas.
Requiere aprobacion manual para pasar a BASE.
2026-08-10 10:14:47 | OBSERVACION DE RED
Estado monitor: OBSERVACION
Tipo: PUERTO EN ESCUCHA
IP local: 127.0.0.1
Puerto local: 5939
Estado TCP: LISTENING
PID: 5860
Aplicacion: TeamViewer_Service
Veces vista: 401
Ya fue vista antes y sigue fuera de BASE.
Sigue en observacion con alertas controladas.
Requiere aprobacion manual para pasar a BASE.
2026-08-10 10:14:47 | OBSERVACION DE RED
Estado monitor: OBSERVACION
Tipo: PUERTO EN ESCUCHA
IP local: 172.19.19.119
Puerto local: 139
Estado TCP: LISTENING
PID: 4
Aplicacion: System
Veces vista: 93
Ya fue vista antes y sigue fuera de BASE.
Sigue en observacion con alertas controladas.
Requiere aprobacion manual para pasar a BASE.
2026-08-10 10:14:47 | OBSERVACION DE RED
Estado monitor: OBSERVACION
Tipo: PUERTO EN ESCUCHA
IP local: 172.19.19.119
Puerto local: 49682
Estado TCP: LISTENING
PID: 5712
Aplicacion: RvControlSvc
Veces vista: 10
Ya fue vista antes y sigue fuera de BASE.
Sigue en observacion con alertas controladas.
Requiere aprobacion manual para pasar a BASE.
2026-08-10 10:14:47 | OBSERVACION DE RED
Estado monitor: OBSERVACION
Tipo: PUERTO EN ESCUCHA
IP local: 192.168.56.1
Puerto local: 139
Estado TCP: LISTENING
PID: 4
Aplicacion: System
Veces vista: 3336
Ya fue vista antes y sigue fuera de BASE.
Sigue en observacion con alertas controladas.
Requiere aprobacion manual para pasar a BASE.
2026-08-10 10:14:47 | OBSERVACION DE RED
Estado monitor: OBSERVACION
Tipo: PUERTO EN ESCUCHA
IP local: 26.137.80.247
Puerto local: 139
Estado TCP: LISTENING
PID: 4
Aplicacion: System
Veces vista: 3294
Ya fue vista antes y sigue fuera de BASE.
Sigue en observacion con alertas controladas.
Requiere aprobacion manual para pasar a BASE.
2026-08-10 10:14:50 | Escaneo completado. Conexiones=52 Alertas=0 Observaciones=36 LearningMode=False
2026-08-10 10:24:48 | OBSERVACION DE RED
Estado monitor: OBSERVACION
IP remota: 34.149.66.163
Puerto remoto: 443
IP local: 172.19.19.119
Puerto local: 55022
Estado TCP: ESTABLISHED
PID: 19104
Aplicacion: chrome
Veces vista: 36
Ya fue vista antes y sigue fuera de BASE.
Sigue en observacion con alertas controladas.
Requiere aprobacion manual para pasar a BASE.
2026-08-10 10:24:48 | OBSERVACION DE RED
Estado monitor: OBSERVACION
IP remota: 142.251.0.188
Puerto remoto: 5228
IP local: 172.19.19.119
Puerto local: 55160
Estado TCP: ESTABLISHED
PID: 19104
Aplicacion: chrome
Veces vista: 490
Ya fue vista antes y sigue fuera de BASE.
Sigue en observacion con alertas controladas.
Requiere aprobacion manual para pasar a BASE.
2026-08-10 10:24:48 | OBSERVACION DE RED
Estado monitor: OBSERVACION
IP remota: 23.103.238.75
Puerto remoto: 443
IP local: 172.19.19.119
Puerto local: 60906
Estado TCP: ESTABLISHED
PID: 18012
Aplicacion: msedgewebview2
Veces vista: 2
Ya fue vista antes y sigue fuera de BASE.
Sigue en observacion con alertas controladas.
Requiere aprobacion manual para pasar a BASE.
2026-08-10 10:24:48 | OBSERVACION DE RED
Estado monitor: OBSERVACION
IP remota: 172.19.19.107
Puerto remoto: 8009
IP local: 172.19.19.119
Puerto local: 62923
Estado TCP: ESTABLISHED
PID: 19104
Aplicacion: chrome
Veces vista: 10
Ya fue vista antes y sigue fuera de BASE.
Sigue en observacion con alertas controladas.
Requiere aprobacion manual para pasar a BASE.
2026-08-10 10:24:48 | OBSERVACION DE RED
Estado monitor: OBSERVACION
Tipo: PUERTO EN ESCUCHA
IP local: 0.0.0.0
Puerto local: 53375
Estado TCP: LISTENING
PID: 5712
Aplicacion: RvControlSvc
Veces vista: 1
Sigue en observacion con alertas controladas.
Requiere aprobacion manual para pasar a BASE.
2026-08-10 10:24:51 | Escaneo completado. Conexiones=50 Alertas=0 Observaciones=5 LearningMode=False
2026-08-10 10:34:50 | OBSERVACION DE RED
Estado monitor: OBSERVACION
IP remota: 207.248.124.93
Puerto remoto: 52062
IP local: 172.19.19.119
Puerto local: 49682
Estado TCP: ESTABLISHED
PID: 5712
Aplicacion: RvControlSvc
Veces vista: 1
Sigue en observacion con alertas controladas.
Requiere aprobacion manual para pasar a BASE.
2026-08-10 10:34:50 | OBSERVACION DE RED
Estado monitor: OBSERVACION
IP remota: 172.217.117.4
Puerto remoto: 443
IP local: 172.19.19.119
Puerto local: 59954
Estado TCP: ESTABLISHED
PID: 19104
Aplicacion: chrome
Veces vista: 37
Ya fue vista antes y sigue fuera de BASE.
Sigue en observacion con alertas controladas.
Requiere aprobacion manual para pasar a BASE.
2026-08-10 10:34:50 | OBSERVACION DE RED
Estado monitor: OBSERVACION
IP remota: 200.42.122.8
Puerto remoto: 443
IP local: 172.19.19.119
Puerto local: 61962
Estado TCP: ESTABLISHED
PID: 5868
Aplicacion: mc-fw-host
Veces vista: 53
Ya fue vista antes y sigue fuera de BASE.
Sigue en observacion con alertas controladas.
Requiere aprobacion manual para pasar a BASE.
2026-08-10 10:34:50 | NUEVA CONEXION DETECTADA
Estado monitor: NUEVA
IP remota: 161.69.236.224
Puerto remoto: 443
IP local: 172.19.19.119
Puerto local: 61963
Estado TCP: ESTABLISHED
PID: 5868
Aplicacion: mc-fw-host
Veces vista: 2
2026-08-10 10:34:50 | OBSERVACION DE RED
Estado monitor: OBSERVACION
Tipo: PUERTO EN ESCUCHA
IP local: 0.0.0.0
Puerto local: 55834
Estado TCP: LISTENING
PID: 5712
Aplicacion: RvControlSvc
Veces vista: 1
Sigue en observacion con alertas controladas.
Requiere aprobacion manual para pasar a BASE.
2026-08-10 10:34:50 | OBSERVACION DE RED
Estado monitor: OBSERVACION
Tipo: PUERTO EN ESCUCHA
IP local: 0.0.0.0
Puerto local: 55842
Estado TCP: LISTENING
PID: 5064
Aplicacion: AnyDesk
Veces vista: 1
Sigue en observacion con alertas controladas.
Requiere aprobacion manual para pasar a BASE.
2026-08-10 10:34:50 | OBSERVACION DE RED
Estado monitor: OBSERVACION
Tipo: PUERTO EN ESCUCHA
IP local: 0.0.0.0
Puerto local: 7680
Estado TCP: LISTENING
PID: 17252
Aplicacion: svchost
Veces vista: 513
Ya fue vista antes y sigue fuera de BASE.
Sigue en observacion con alertas controladas.
Requiere aprobacion manual para pasar a BASE.
2026-08-10 10:34:53 | Escaneo completado. Conexiones=55 Alertas=0 Observaciones=7 LearningMode=False
2026-08-10 10:44:52 | OBSERVACION DE RED
Estado monitor: OBSERVACION
IP remota: 138.97.177.156
Puerto remoto: 62772
IP local: 172.19.19.119
Puerto local: 49682
Estado TCP: ESTABLISHED
PID: 5712
Aplicacion: RvControlSvc
Veces vista: 4
Ya fue vista antes y sigue fuera de BASE.
Sigue en observacion con alertas controladas.
Requiere aprobacion manual para pasar a BASE.
2026-08-10 10:44:52 | OBSERVACION DE RED
Estado monitor: OBSERVACION
IP remota: 148.113.190.78
Puerto remoto: 17301
IP local: 172.19.19.119
Puerto local: 49682
Estado TCP: ESTABLISHED
PID: 5712
Aplicacion: RvControlSvc
Veces vista: 959
Ya fue vista antes y sigue fuera de BASE.
Sigue en observacion con alertas controladas.
Requiere aprobacion manual para pasar a BASE.
2026-08-10 10:44:52 | OBSERVACION DE RED
Estado monitor: OBSERVACION
IP remota: 190.122.181.20
Puerto remoto: 52371
IP local: 172.19.19.119
Puerto local: 49689
Estado TCP: ESTABLISHED
PID: 5712
Aplicacion: RvControlSvc
Veces vista: 13
Ya fue vista antes y sigue fuera de BASE.
Sigue en observacion con alertas controladas.
Requiere aprobacion manual para pasar a BASE.
2026-08-10 10:44:52 | OBSERVACION DE RED
Estado monitor: OBSERVACION
IP remota: 138.97.177.156
Puerto remoto: 28943
IP local: 172.19.19.119
Puerto local: 49693
Estado TCP: ESTABLISHED
PID: 5712
Aplicacion: RvControlSvc
Veces vista: 13
Ya fue vista antes y sigue fuera de BASE.
Sigue en observacion con alertas controladas.
Requiere aprobacion manual para pasar a BASE.
2026-08-10 10:44:52 | OBSERVACION DE RED
Estado monitor: OBSERVACION
IP remota: 138.97.177.156
Puerto remoto: 43991
IP local: 172.19.19.119
Puerto local: 49698
Estado TCP: ESTABLISHED
PID: 5712
Aplicacion: RvControlSvc
Veces vista: 129
Ya fue vista antes y sigue fuera de BASE.
Sigue en observacion con alertas controladas.
Requiere aprobacion manual para pasar a BASE.
2026-08-10 10:44:52 | OBSERVACION DE RED
Estado monitor: OBSERVACION
IP remota: 138.97.177.156
Puerto remoto: 49708
IP local: 172.19.19.119
Puerto local: 49699
Estado TCP: ESTABLISHED
PID: 5712
Aplicacion: RvControlSvc
Veces vista: 16
Ya fue vista antes y sigue fuera de BASE.
Sigue en observacion con alertas controladas.
Requiere aprobacion manual para pasar a BASE.
2026-08-10 10:44:52 | OBSERVACION DE RED
Estado monitor: OBSERVACION
IP remota: 207.248.126.253
Puerto remoto: 56353
IP local: 172.19.19.119
Puerto local: 49700
Estado TCP: ESTABLISHED
PID: 5712
Aplicacion: RvControlSvc
Veces vista: 68
Ya fue vista antes y sigue fuera de BASE.
Sigue en observacion con alertas controladas.
Requiere aprobacion manual para pasar a BASE.
2026-08-10 10:44:52 | OBSERVACION DE RED
Estado monitor: OBSERVACION
IP remota: 138.97.177.156
Puerto remoto: 62945
IP local: 172.19.19.119
Puerto local: 49701
Estado TCP: ESTABLISHED
PID: 5712
Aplicacion: RvControlSvc
Veces vista: 119
Ya fue vista antes y sigue fuera de BASE.
Sigue en observacion con alertas controladas.
Requiere aprobacion manual para pasar a BASE.
2026-08-10 10:44:52 | OBSERVACION DE RED
Estado monitor: OBSERVACION
IP remota: 138.97.177.20
Puerto remoto: 50991
IP local: 172.19.19.119
Puerto local: 49702
Estado TCP: ESTABLISHED
PID: 5712
Aplicacion: RvControlSvc
Veces vista: 157
Ya fue vista antes y sigue fuera de BASE.
Sigue en observacion con alertas controladas.
Requiere aprobacion manual para pasar a BASE.
2026-08-10 10:44:52 | OBSERVACION DE RED
Estado monitor: OBSERVACION
IP remota: 138.97.177.80
Puerto remoto: 60690
IP local: 172.19.19.119
Puerto local: 49703
Estado TCP: ESTABLISHED
PID: 5712
Aplicacion: RvControlSvc
Veces vista: 115
Ya fue vista antes y sigue fuera de BASE.
Sigue en observacion con alertas controladas.
Requiere aprobacion manual para pasar a BASE.
2026-08-10 10:44:52 | OBSERVACION DE RED
Estado monitor: OBSERVACION
IP remota: 138.97.177.80
Puerto remoto: 64186
IP local: 172.19.19.119
Puerto local: 49704
Estado TCP: ESTABLISHED
PID: 5712
Aplicacion: RvControlSvc
Veces vista: 75
Ya fue vista antes y sigue fuera de BASE.
Sigue en observacion con alertas controladas.
Requiere aprobacion manual para pasar a BASE.
2026-08-10 10:44:52 | OBSERVACION DE RED
Estado monitor: OBSERVACION
IP remota: 168.90.73.130
Puerto remoto: 55558
IP local: 172.19.19.119
Puerto local: 49705
Estado TCP: ESTABLISHED
PID: 5712
Aplicacion: RvControlSvc
Veces vista: 104
Ya fue vista antes y sigue fuera de BASE.
Sigue en observacion con alertas controladas.
Requiere aprobacion manual para pasar a BASE.
2026-08-10 10:44:52 | OBSERVACION DE RED
Estado monitor: OBSERVACION
IP remota: 138.97.177.156
Puerto remoto: 63251
IP local: 172.19.19.119
Puerto local: 49706
Estado TCP: ESTABLISHED
PID: 5712
Aplicacion: RvControlSvc
Veces vista: 97
Ya fue vista antes y sigue fuera de BASE.
Sigue en observacion con alertas controladas.
Requiere aprobacion manual para pasar a BASE.
2026-08-10 10:44:52 | OBSERVACION DE RED
Estado monitor: OBSERVACION
IP remota: 172.19.19.196
Puerto remoto: 53778
IP local: 172.19.19.119
Puerto local: 49708
Estado TCP: ESTABLISHED
PID: 5712
Aplicacion: RvControlSvc
Veces vista: 13
Ya fue vista antes y sigue fuera de BASE.
Sigue en observacion con alertas controladas.
Requiere aprobacion manual para pasar a BASE.
2026-08-10 10:44:52 | OBSERVACION DE RED
Estado monitor: OBSERVACION
IP remota: 172.217.118.4
Puerto remoto: 443
IP local: 172.19.19.119
Puerto local: 50841
Estado TCP: ESTABLISHED
PID: 20888
Aplicacion: language_server_windows_x64
Veces vista: 297
Ya fue vista antes y sigue fuera de BASE.
Sigue en observacion con alertas controladas.
Requiere aprobacion manual para pasar a BASE.
2026-08-10 10:44:52 | OBSERVACION DE RED
Estado monitor: OBSERVACION
IP remota: 172.217.116.4
Puerto remoto: 443
IP local: 172.19.19.119
Puerto local: 50857
Estado TCP: ESTABLISHED
PID: 20888
Aplicacion: language_server_windows_x64
Veces vista: 220
Ya fue vista antes y sigue fuera de BASE.
Sigue en observacion con alertas controladas.
Requiere aprobacion manual para pasar a BASE.
2026-08-10 10:44:52 | OBSERVACION DE RED
Estado monitor: OBSERVACION
IP remota: 45.162.230.182
Puerto remoto: 17351
IP local: 172.19.19.119
Puerto local: 54603
Estado TCP: ESTABLISHED
PID: 5712
Aplicacion: RvControlSvc
Veces vista: 1974
Ya fue vista antes y sigue fuera de BASE.
Sigue en observacion con alertas controladas.
Requiere aprobacion manual para pasar a BASE.
2026-08-10 10:44:52 | OBSERVACION DE RED
Estado monitor: OBSERVACION
IP remota: 172.19.19.102
Puerto remoto: 4626
IP local: 172.19.19.119
Puerto local: 54710
Estado TCP: ESTABLISHED
PID: 5712
Aplicacion: RvControlSvc
Veces vista: 13
Ya fue vista antes y sigue fuera de BASE.
Sigue en observacion con alertas controladas.
Requiere aprobacion manual para pasar a BASE.
2026-08-10 10:44:52 | OBSERVACION DE RED
Estado monitor: OBSERVACION
IP remota: 172.19.19.128
Puerto remoto: 56340
IP local: 172.19.19.119
Puerto local: 54734
Estado TCP: ESTABLISHED
PID: 5712
Aplicacion: RvControlSvc
Veces vista: 13
Ya fue vista antes y sigue fuera de BASE.
Sigue en observacion con alertas controladas.
Requiere aprobacion manual para pasar a BASE.
2026-08-10 10:44:52 | OBSERVACION DE RED
Estado monitor: OBSERVACION
IP remota: 172.217.28.234
Puerto remoto: 443
IP local: 172.19.19.119
Puerto local: 55570
Estado TCP: ESTABLISHED
PID: 19104
Aplicacion: chrome
Veces vista: 69
Ya fue vista antes y sigue fuera de BASE.
Sigue en observacion con alertas controladas.
Requiere aprobacion manual para pasar a BASE.
2026-08-10 10:44:52 | OBSERVACION DE RED
Estado monitor: OBSERVACION
IP remota: 172.217.114.4
Puerto remoto: 443
IP local: 172.19.19.119
Puerto local: 57758
Estado TCP: ESTABLISHED
PID: 21900
Aplicacion: language_server_windows_x64
Veces vista: 226
Ya fue vista antes y sigue fuera de BASE.
Sigue en observacion con alertas controladas.
Requiere aprobacion manual para pasar a BASE.
2026-08-10 10:44:52 | OBSERVACION DE RED
Estado monitor: OBSERVACION
IP remota: 162.43.190.119
Puerto remoto: 443
IP local: 172.19.19.119
Puerto local: 57805
Estado TCP: ESTABLISHED
PID: 5064
Aplicacion: AnyDesk
Veces vista: 75
Ya fue vista antes y sigue fuera de BASE.
Sigue en observacion con alertas controladas.
Requiere aprobacion manual para pasar a BASE.
2026-08-10 10:44:52 | OBSERVACION DE RED
Estado monitor: OBSERVACION
IP remota: 142.251.128.129
Puerto remoto: 443
IP local: 172.19.19.119
Puerto local: 63989
Estado TCP: ESTABLISHED
PID: 21900
Aplicacion: language_server_windows_x64
Veces vista: 37
Ya fue vista antes y sigue fuera de BASE.
Sigue en observacion con alertas controladas.
Requiere aprobacion manual para pasar a BASE.
2026-08-10 10:44:52 | OBSERVACION DE RED
Estado monitor: OBSERVACION
IP remota: 200.42.122.8
Puerto remoto: 443
IP local: 172.19.19.119
Puerto local: 63995
Estado TCP: ESTABLISHED
PID: 5536
Aplicacion: servicehost
Veces vista: 47
Ya fue vista antes y sigue fuera de BASE.
Sigue en observacion con alertas controladas.
Requiere aprobacion manual para pasar a BASE.
2026-08-10 10:44:52 | OBSERVACION DE RED
Estado monitor: OBSERVACION
IP remota: 4.150.223.112
Puerto remoto: 443
IP local: 172.19.19.119
Puerto local: 63997
Estado TCP: ESTABLISHED
PID: 5544
Aplicacion: MpDefenderCoreService
Veces vista: 3
Ya fue vista antes y sigue fuera de BASE.
Sigue en observacion con alertas controladas.
Requiere aprobacion manual para pasar a BASE.
2026-08-10 10:44:52 | OBSERVACION DE RED
Estado monitor: OBSERVACION
Tipo: PUERTO EN ESCUCHA
IP local: 0.0.0.0
Puerto local: 135
Estado TCP: LISTENING
PID: 1808
Aplicacion: svchost
Veces vista: 3341
Ya fue vista antes y sigue fuera de BASE.
Sigue en observacion con alertas controladas.
Requiere aprobacion manual para pasar a BASE.
2026-08-10 10:44:52 | OBSERVACION DE RED
Estado monitor: OBSERVACION
Tipo: PUERTO EN ESCUCHA
IP local: 0.0.0.0
Puerto local: 445
Estado TCP: LISTENING
PID: 4
Aplicacion: System
Veces vista: 3341
Ya fue vista antes y sigue fuera de BASE.
Sigue en observacion con alertas controladas.
Requiere aprobacion manual para pasar a BASE.
2026-08-10 10:44:52 | OBSERVACION DE RED
Estado monitor: OBSERVACION
Tipo: PUERTO EN ESCUCHA
IP local: 0.0.0.0
Puerto local: 49664
Estado TCP: LISTENING
PID: 1516
Aplicacion: lsass
Veces vista: 3341
Ya fue vista antes y sigue fuera de BASE.
Sigue en observacion con alertas controladas.
Requiere aprobacion manual para pasar a BASE.
2026-08-10 10:44:52 | OBSERVACION DE RED
Estado monitor: OBSERVACION
Tipo: PUERTO EN ESCUCHA
IP local: 0.0.0.0
Puerto local: 49665
Estado TCP: LISTENING
PID: 1336
Aplicacion: wininit
Veces vista: 3341
Ya fue vista antes y sigue fuera de BASE.
Sigue en observacion con alertas controladas.
Requiere aprobacion manual para pasar a BASE.
2026-08-10 10:44:52 | OBSERVACION DE RED
Estado monitor: OBSERVACION
Tipo: PUERTO EN ESCUCHA
IP local: 0.0.0.0
Puerto local: 49666
Estado TCP: LISTENING
PID: 2520
Aplicacion: svchost
Veces vista: 3341
Ya fue vista antes y sigue fuera de BASE.
Sigue en observacion con alertas controladas.
Requiere aprobacion manual para pasar a BASE.
2026-08-10 10:44:52 | OBSERVACION DE RED
Estado monitor: OBSERVACION
Tipo: PUERTO EN ESCUCHA
IP local: 0.0.0.0
Puerto local: 49667
Estado TCP: LISTENING
PID: 3316
Aplicacion: svchost
Veces vista: 3341
Ya fue vista antes y sigue fuera de BASE.
Sigue en observacion con alertas controladas.
Requiere aprobacion manual para pasar a BASE.
2026-08-10 10:44:52 | OBSERVACION DE RED
Estado monitor: OBSERVACION
Tipo: PUERTO EN ESCUCHA
IP local: 0.0.0.0
Puerto local: 49668
Estado TCP: LISTENING
PID: 4872
Aplicacion: spoolsv
Veces vista: 3341
Ya fue vista antes y sigue fuera de BASE.
Sigue en observacion con alertas controladas.
Requiere aprobacion manual para pasar a BASE.
2026-08-10 10:44:52 | OBSERVACION DE RED
Estado monitor: OBSERVACION
Tipo: PUERTO EN ESCUCHA
IP local: 0.0.0.0
Puerto local: 49670
Estado TCP: LISTENING
PID: 1488
Aplicacion: services
Veces vista: 2078
Ya fue vista antes y sigue fuera de BASE.
Sigue en observacion con alertas controladas.
Requiere aprobacion manual para pasar a BASE.
2026-08-10 10:44:52 | OBSERVACION DE RED
Estado monitor: OBSERVACION
Tipo: PUERTO EN ESCUCHA
IP local: 0.0.0.0
Puerto local: 5040
Estado TCP: LISTENING
PID: 12640
Aplicacion: svchost
Veces vista: 3337
Ya fue vista antes y sigue fuera de BASE.
Sigue en observacion con alertas controladas.
Requiere aprobacion manual para pasar a BASE.
2026-08-10 10:44:52 | OBSERVACION DE RED
Estado monitor: OBSERVACION
Tipo: PUERTO EN ESCUCHA
IP local: 0.0.0.0
Puerto local: 57805
Estado TCP: LISTENING
PID: 5064
Aplicacion: AnyDesk
Veces vista: 1
Sigue en observacion con alertas controladas.
Requiere aprobacion manual para pasar a BASE.
2026-08-10 10:44:52 | OBSERVACION DE RED
Estado monitor: OBSERVACION
Tipo: PUERTO EN ESCUCHA
IP local: 0.0.0.0
Puerto local: 7070
Estado TCP: LISTENING
PID: 5064
Aplicacion: AnyDesk
Veces vista: 2736
Ya fue vista antes y sigue fuera de BASE.
Sigue en observacion con alertas controladas.
Requiere aprobacion manual para pasar a BASE.
2026-08-10 10:44:52 | OBSERVACION DE RED
Estado monitor: OBSERVACION
Tipo: PUERTO EN ESCUCHA
IP local: 127.0.0.1
Puerto local: 50824
Estado TCP: LISTENING
PID: 11028
Aplicacion: Antigravity IDE
Veces vista: 1
Sigue en observacion con alertas controladas.
Requiere aprobacion manual para pasar a BASE.
2026-08-10 10:44:52 | OBSERVACION DE RED
Estado monitor: OBSERVACION
Tipo: PUERTO EN ESCUCHA
IP local: 127.0.0.1
Puerto local: 50825
Estado TCP: LISTENING
PID: 11028
Aplicacion: Antigravity IDE
Veces vista: 1
Sigue en observacion con alertas controladas.
Requiere aprobacion manual para pasar a BASE.
2026-08-10 10:44:52 | OBSERVACION DE RED
Estado monitor: OBSERVACION
Tipo: PUERTO EN ESCUCHA
IP local: 127.0.0.1
Puerto local: 50827
Estado TCP: LISTENING
PID: 20888
Aplicacion: language_server_windows_x64
Veces vista: 1
Sigue en observacion con alertas controladas.
Requiere aprobacion manual para pasar a BASE.
2026-08-10 10:44:52 | OBSERVACION DE RED
Estado monitor: OBSERVACION
Tipo: PUERTO EN ESCUCHA
IP local: 127.0.0.1
Puerto local: 50828
Estado TCP: LISTENING
PID: 20888
Aplicacion: language_server_windows_x64
Veces vista: 1
Sigue en observacion con alertas controladas.
Requiere aprobacion manual para pasar a BASE.
2026-08-10 10:44:52 | OBSERVACION DE RED
Estado monitor: OBSERVACION
Tipo: PUERTO EN ESCUCHA
IP local: 127.0.0.1
Puerto local: 51330
Estado TCP: LISTENING
PID: 21900
Aplicacion: language_server_windows_x64
Veces vista: 1
Sigue en observacion con alertas controladas.
Requiere aprobacion manual para pasar a BASE.
2026-08-10 10:44:52 | OBSERVACION DE RED
Estado monitor: OBSERVACION
Tipo: PUERTO EN ESCUCHA
IP local: 127.0.0.1
Puerto local: 5939
Estado TCP: LISTENING
PID: 5860
Aplicacion: TeamViewer_Service
Veces vista: 404
Ya fue vista antes y sigue fuera de BASE.
Sigue en observacion con alertas controladas.
Requiere aprobacion manual para pasar a BASE.
2026-08-10 10:44:52 | OBSERVACION DE RED
Estado monitor: OBSERVACION
Tipo: PUERTO EN ESCUCHA
IP local: 127.0.0.1
Puerto local: 64876
Estado TCP: LISTENING
PID: 15152
Aplicacion: Antigravity IDE
Veces vista: 1
Sigue en observacion con alertas controladas.
Requiere aprobacion manual para pasar a BASE.
2026-08-10 10:44:52 | OBSERVACION DE RED
Estado monitor: OBSERVACION
Tipo: PUERTO EN ESCUCHA
IP local: 127.0.0.1
Puerto local: 64878
Estado TCP: LISTENING
PID: 21900
Aplicacion: language_server_windows_x64
Veces vista: 1
Sigue en observacion con alertas controladas.
Requiere aprobacion manual para pasar a BASE.
2026-08-10 10:44:52 | OBSERVACION DE RED
Estado monitor: OBSERVACION
Tipo: PUERTO EN ESCUCHA
IP local: 127.0.0.1
Puerto local: 64879
Estado TCP: LISTENING
PID: 21900
Aplicacion: language_server_windows_x64
Veces vista: 1
Sigue en observacion con alertas controladas.
Requiere aprobacion manual para pasar a BASE.
2026-08-10 10:44:52 | OBSERVACION DE RED
Estado monitor: OBSERVACION
Tipo: PUERTO EN ESCUCHA
IP local: 172.19.19.119
Puerto local: 139
Estado TCP: LISTENING
PID: 4
Aplicacion: System
Veces vista: 96
Ya fue vista antes y sigue fuera de BASE.
Sigue en observacion con alertas controladas.
Requiere aprobacion manual para pasar a BASE.
2026-08-10 10:44:52 | OBSERVACION DE RED
Estado monitor: OBSERVACION
Tipo: PUERTO EN ESCUCHA
IP local: 172.19.19.119
Puerto local: 49682
Estado TCP: LISTENING
PID: 5712
Aplicacion: RvControlSvc
Veces vista: 13
Ya fue vista antes y sigue fuera de BASE.
Sigue en observacion con alertas controladas.
Requiere aprobacion manual para pasar a BASE.
2026-08-10 10:44:52 | OBSERVACION DE RED
Estado monitor: OBSERVACION
Tipo: PUERTO EN ESCUCHA
IP local: 192.168.56.1
Puerto local: 139
Estado TCP: LISTENING
PID: 4
Aplicacion: System
Veces vista: 3339
Ya fue vista antes y sigue fuera de BASE.
Sigue en observacion con alertas controladas.
Requiere aprobacion manual para pasar a BASE.
2026-08-10 10:44:52 | OBSERVACION DE RED
Estado monitor: OBSERVACION
Tipo: PUERTO EN ESCUCHA
IP local: 26.137.80.247
Puerto local: 139
Estado TCP: LISTENING
PID: 4
Aplicacion: System
Veces vista: 3297
Ya fue vista antes y sigue fuera de BASE.
Sigue en observacion con alertas controladas.
Requiere aprobacion manual para pasar a BASE.
2026-08-10 10:44:55 | Escaneo completado. Conexiones=128 Alertas=0 Observaciones=49 LearningMode=False
2026-08-10 10:54:51 | OBSERVACION DE RED
Estado monitor: OBSERVACION
IP remota: 172.217.115.4
Puerto remoto: 443
IP local: 172.19.19.119
Puerto local: 50067
Estado TCP: ESTABLISHED
PID: 20888
Aplicacion: language_server_windows_x64
Veces vista: 258
Ya fue vista antes y sigue fuera de BASE.
Sigue en observacion con alertas controladas.
Requiere aprobacion manual para pasar a BASE.
2026-08-10 10:54:51 | OBSERVACION DE RED
Estado monitor: OBSERVACION
IP remota: 200.42.122.32
Puerto remoto: 443
IP local: 172.19.19.119
Puerto local: 50076
Estado TCP: ESTABLISHED
PID: 14408
Aplicacion: Widgets
Veces vista: 3
Ya fue vista antes y sigue fuera de BASE.
Sigue en observacion con alertas controladas.
Requiere aprobacion manual para pasar a BASE.
2026-08-10 10:54:51 | OBSERVACION DE RED
Estado monitor: OBSERVACION
IP remota: 142.251.0.188
Puerto remoto: 5228
IP local: 172.19.19.119
Puerto local: 55160
Estado TCP: ESTABLISHED
PID: 19104
Aplicacion: chrome
Veces vista: 493
Ya fue vista antes y sigue fuera de BASE.
Sigue en observacion con alertas controladas.
Requiere aprobacion manual para pasar a BASE.
2026-08-10 10:54:51 | OBSERVACION DE RED
Estado monitor: OBSERVACION
IP remota: 172.217.118.4
Puerto remoto: 443
IP local: 172.19.19.119
Puerto local: 56018
Estado TCP: ESTABLISHED
PID: 19104
Aplicacion: chrome
Veces vista: 48
Ya fue vista antes y sigue fuera de BASE.
Sigue en observacion con alertas controladas.
Requiere aprobacion manual para pasar a BASE.
2026-08-10 10:54:51 | OBSERVACION DE RED
Estado monitor: OBSERVACION
IP remota: 172.19.19.107
Puerto remoto: 8009
IP local: 172.19.19.119
Puerto local: 62923
Estado TCP: ESTABLISHED
PID: 19104
Aplicacion: chrome
Veces vista: 13
Ya fue vista antes y sigue fuera de BASE.
Sigue en observacion con alertas controladas.
Requiere aprobacion manual para pasar a BASE.
2026-08-10 10:54:51 | OBSERVACION DE RED
Estado monitor: OBSERVACION
IP remota: 142.251.128.131
Puerto remoto: 443
IP local: 172.19.19.119
Puerto local: 64823
Estado TCP: ESTABLISHED
PID: 19104
Aplicacion: chrome
Veces vista: 81
Ya fue vista antes y sigue fuera de BASE.
Sigue en observacion con alertas controladas.
Requiere aprobacion manual para pasar a BASE.
2026-08-10 10:54:51 | OBSERVACION DE RED
Estado monitor: OBSERVACION
IP remota: 172.19.19.127
Puerto remoto: 57521
IP local: 172.19.19.119
Puerto local: 64851
Estado TCP: ESTABLISHED
PID: 5712
Aplicacion: RvControlSvc
Veces vista: 1
Sigue en observacion con alertas controladas.
Requiere aprobacion manual para pasar a BASE.
2026-08-10 10:54:51 | OBSERVACION DE RED
Estado monitor: OBSERVACION
IP remota: 142.251.129.74
Puerto remoto: 443
IP local: 172.19.19.119
Puerto local: 65138
Estado TCP: ESTABLISHED
PID: 19104
Aplicacion: chrome
Veces vista: 70
Ya fue vista antes y sigue fuera de BASE.
Sigue en observacion con alertas controladas.
Requiere aprobacion manual para pasar a BASE.
2026-08-10 10:54:51 | OBSERVACION DE RED
Estado monitor: OBSERVACION
Tipo: PUERTO EN ESCUCHA
IP local: 0.0.0.0
Puerto local: 64824
Estado TCP: LISTENING
PID: 5712
Aplicacion: RvControlSvc
Veces vista: 1
Sigue en observacion con alertas controladas.
Requiere aprobacion manual para pasar a BASE.
2026-08-10 10:54:54 | Escaneo completado. Conexiones=107 Alertas=0 Observaciones=9 LearningMode=False
2026-08-10 11:04:51 | OBSERVACION DE RED
Estado monitor: OBSERVACION
IP remota: 172.217.192.84
Puerto remoto: 443
IP local: 172.19.19.119
Puerto local: 49669
Estado TCP: ESTABLISHED
PID: 19104
Aplicacion: chrome
Veces vista: 287
Ya fue vista antes y sigue fuera de BASE.
Sigue en observacion con alertas controladas.
Requiere aprobacion manual para pasar a BASE.
2026-08-10 11:04:51 | OBSERVACION DE RED
Estado monitor: OBSERVACION
IP remota: 207.248.124.93
Puerto remoto: 52062
IP local: 172.19.19.119
Puerto local: 49682
Estado TCP: ESTABLISHED
PID: 5712
Aplicacion: RvControlSvc
Veces vista: 4
Ya fue vista antes y sigue fuera de BASE.
Sigue en observacion con alertas controladas.
Requiere aprobacion manual para pasar a BASE.
2026-08-10 11:04:51 | OBSERVACION DE RED
Estado monitor: OBSERVACION
IP remota: 34.149.66.163
Puerto remoto: 443
IP local: 172.19.19.119
Puerto local: 51370
Estado TCP: ESTABLISHED
PID: 19104
Aplicacion: chrome
Veces vista: 37
Ya fue vista antes y sigue fuera de BASE.
Sigue en observacion con alertas controladas.
Requiere aprobacion manual para pasar a BASE.
2026-08-10 11:04:54 | Escaneo completado. Conexiones=110 Alertas=0 Observaciones=3 LearningMode=False
2026-08-10 11:14:54 | OBSERVACION DE RED
Estado monitor: OBSERVACION
IP remota: 138.97.177.156
Puerto remoto: 62772
IP local: 172.19.19.119
Puerto local: 49682
Estado TCP: ESTABLISHED
PID: 5712
Aplicacion: RvControlSvc
Veces vista: 7
Ya fue vista antes y sigue fuera de BASE.
Sigue en observacion con alertas controladas.
Requiere aprobacion manual para pasar a BASE.
2026-08-10 11:14:54 | OBSERVACION DE RED
Estado monitor: OBSERVACION
IP remota: 148.113.190.78
Puerto remoto: 17301
IP local: 172.19.19.119
Puerto local: 49682
Estado TCP: ESTABLISHED
PID: 5712
Aplicacion: RvControlSvc
Veces vista: 962
Ya fue vista antes y sigue fuera de BASE.
Sigue en observacion con alertas controladas.
Requiere aprobacion manual para pasar a BASE.
2026-08-10 11:14:54 | OBSERVACION DE RED
Estado monitor: OBSERVACION
IP remota: 190.122.181.20
Puerto remoto: 52371
IP local: 172.19.19.119
Puerto local: 49689
Estado TCP: ESTABLISHED
PID: 5712
Aplicacion: RvControlSvc
Veces vista: 16
Ya fue vista antes y sigue fuera de BASE.
Sigue en observacion con alertas controladas.
Requiere aprobacion manual para pasar a BASE.
2026-08-10 11:14:54 | OBSERVACION DE RED
Estado monitor: OBSERVACION
IP remota: 138.97.177.156
Puerto remoto: 28943
IP local: 172.19.19.119
Puerto local: 49693
Estado TCP: ESTABLISHED
PID: 5712
Aplicacion: RvControlSvc
Veces vista: 16
Ya fue vista antes y sigue fuera de BASE.
Sigue en observacion con alertas controladas.
Requiere aprobacion manual para pasar a BASE.
2026-08-10 11:14:54 | OBSERVACION DE RED
Estado monitor: OBSERVACION
IP remota: 138.97.177.156
Puerto remoto: 43991
IP local: 172.19.19.119
Puerto local: 49698
Estado TCP: ESTABLISHED
PID: 5712
Aplicacion: RvControlSvc
Veces vista: 132
Ya fue vista antes y sigue fuera de BASE.
Sigue en observacion con alertas controladas.
Requiere aprobacion manual para pasar a BASE.
2026-08-10 11:14:54 | OBSERVACION DE RED
Estado monitor: OBSERVACION
IP remota: 138.97.177.156
Puerto remoto: 49708
IP local: 172.19.19.119
Puerto local: 49699
Estado TCP: ESTABLISHED
PID: 5712
Aplicacion: RvControlSvc
Veces vista: 19
Ya fue vista antes y sigue fuera de BASE.
Sigue en observacion con alertas controladas.
Requiere aprobacion manual para pasar a BASE.
2026-08-10 11:14:54 | OBSERVACION DE RED
Estado monitor: OBSERVACION
IP remota: 207.248.126.253
Puerto remoto: 56353
IP local: 172.19.19.119
Puerto local: 49700
Estado TCP: ESTABLISHED
PID: 5712
Aplicacion: RvControlSvc
Veces vista: 71
Ya fue vista antes y sigue fuera de BASE.
Sigue en observacion con alertas controladas.
Requiere aprobacion manual para pasar a BASE.
2026-08-10 11:14:54 | OBSERVACION DE RED
Estado monitor: OBSERVACION
IP remota: 138.97.177.156
Puerto remoto: 62945
IP local: 172.19.19.119
Puerto local: 49701
Estado TCP: ESTABLISHED
PID: 5712
Aplicacion: RvControlSvc
Veces vista: 122
Ya fue vista antes y sigue fuera de BASE.
Sigue en observacion con alertas controladas.
Requiere aprobacion manual para pasar a BASE.
2026-08-10 11:14:54 | OBSERVACION DE RED
Estado monitor: OBSERVACION
IP remota: 138.97.177.20
Puerto remoto: 50991
IP local: 172.19.19.119
Puerto local: 49702
Estado TCP: ESTABLISHED
PID: 5712
Aplicacion: RvControlSvc
Veces vista: 160
Ya fue vista antes y sigue fuera de BASE.
Sigue en observacion con alertas controladas.
Requiere aprobacion manual para pasar a BASE.
2026-08-10 11:14:54 | OBSERVACION DE RED
Estado monitor: OBSERVACION
IP remota: 138.97.177.80
Puerto remoto: 60690
IP local: 172.19.19.119
Puerto local: 49703
Estado TCP: ESTABLISHED
PID: 5712
Aplicacion: RvControlSvc
Veces vista: 118
Ya fue vista antes y sigue fuera de BASE.
Sigue en observacion con alertas controladas.
Requiere aprobacion manual para pasar a BASE.
2026-08-10 11:14:54 | OBSERVACION DE RED
Estado monitor: OBSERVACION
IP remota: 138.97.177.80
Puerto remoto: 64186
IP local: 172.19.19.119
Puerto local: 49704
Estado TCP: ESTABLISHED
PID: 5712
Aplicacion: RvControlSvc
Veces vista: 78
Ya fue vista antes y sigue fuera de BASE.
Sigue en observacion con alertas controladas.
Requiere aprobacion manual para pasar a BASE.
2026-08-10 11:14:54 | OBSERVACION DE RED
Estado monitor: OBSERVACION
IP remota: 168.90.73.130
Puerto remoto: 55558
IP local: 172.19.19.119
Puerto local: 49705
Estado TCP: ESTABLISHED
PID: 5712
Aplicacion: RvControlSvc
Veces vista: 107
Ya fue vista antes y sigue fuera de BASE.
Sigue en observacion con alertas controladas.
Requiere aprobacion manual para pasar a BASE.
2026-08-10 11:14:54 | OBSERVACION DE RED
Estado monitor: OBSERVACION
IP remota: 138.97.177.156
Puerto remoto: 63251
IP local: 172.19.19.119
Puerto local: 49706
Estado TCP: ESTABLISHED
PID: 5712
Aplicacion: RvControlSvc
Veces vista: 100
Ya fue vista antes y sigue fuera de BASE.
Sigue en observacion con alertas controladas.
Requiere aprobacion manual para pasar a BASE.
2026-08-10 11:14:54 | OBSERVACION DE RED
Estado monitor: OBSERVACION
IP remota: 172.19.19.196
Puerto remoto: 53778
IP local: 172.19.19.119
Puerto local: 49708
Estado TCP: ESTABLISHED
PID: 5712
Aplicacion: RvControlSvc
Veces vista: 16
Ya fue vista antes y sigue fuera de BASE.
Sigue en observacion con alertas controladas.
Requiere aprobacion manual para pasar a BASE.
2026-08-10 11:14:54 | OBSERVACION DE RED
Estado monitor: OBSERVACION
IP remota: 172.217.114.4
Puerto remoto: 443
IP local: 172.19.19.119
Puerto local: 50737
Estado TCP: ESTABLISHED
PID: 21900
Aplicacion: language_server_windows_x64
Veces vista: 228
Ya fue vista antes y sigue fuera de BASE.
Sigue en observacion con alertas controladas.
Requiere aprobacion manual para pasar a BASE.
2026-08-10 11:14:54 | OBSERVACION DE RED
Estado monitor: OBSERVACION
IP remota: 4.150.223.112
Puerto remoto: 443
IP local: 172.19.19.119
Puerto local: 52102
Estado TCP: ESTABLISHED
PID: 5544
Aplicacion: MpDefenderCoreService
Veces vista: 4
Ya fue vista antes y sigue fuera de BASE.
Sigue en observacion con alertas controladas.
Requiere aprobacion manual para pasar a BASE.
2026-08-10 11:14:54 | OBSERVACION DE RED
Estado monitor: OBSERVACION
IP remota: 45.162.230.182
Puerto remoto: 17351
IP local: 172.19.19.119
Puerto local: 54603
Estado TCP: ESTABLISHED
PID: 5712
Aplicacion: RvControlSvc
Veces vista: 1980
Ya fue vista antes y sigue fuera de BASE.
Sigue en observacion con alertas controladas.
Requiere aprobacion manual para pasar a BASE.
2026-08-10 11:14:54 | OBSERVACION DE RED
Estado monitor: OBSERVACION
IP remota: 172.19.19.102
Puerto remoto: 4626
IP local: 172.19.19.119
Puerto local: 54710
Estado TCP: ESTABLISHED
PID: 5712
Aplicacion: RvControlSvc
Veces vista: 16
Ya fue vista antes y sigue fuera de BASE.
Sigue en observacion con alertas controladas.
Requiere aprobacion manual para pasar a BASE.
2026-08-10 11:14:54 | OBSERVACION DE RED
Estado monitor: OBSERVACION
IP remota: 172.19.19.128
Puerto remoto: 56340
IP local: 172.19.19.119
Puerto local: 54734
Estado TCP: ESTABLISHED
PID: 5712
Aplicacion: RvControlSvc
Veces vista: 16
Ya fue vista antes y sigue fuera de BASE.
Sigue en observacion con alertas controladas.
Requiere aprobacion manual para pasar a BASE.
2026-08-10 11:14:54 | OBSERVACION DE RED
Estado monitor: OBSERVACION
IP remota: 162.43.190.119
Puerto remoto: 443
IP local: 172.19.19.119
Puerto local: 57805
Estado TCP: ESTABLISHED
PID: 5064
Aplicacion: AnyDesk
Veces vista: 78
Ya fue vista antes y sigue fuera de BASE.
Sigue en observacion con alertas controladas.
Requiere aprobacion manual para pasar a BASE.
2026-08-10 11:14:54 | OBSERVACION DE RED
Estado monitor: OBSERVACION
IP remota: 172.217.119.4
Puerto remoto: 443
IP local: 172.19.19.119
Puerto local: 64611
Estado TCP: ESTABLISHED
PID: 21900
Aplicacion: language_server_windows_x64
Veces vista: 255
Ya fue vista antes y sigue fuera de BASE.
Sigue en observacion con alertas controladas.
Requiere aprobacion manual para pasar a BASE.
2026-08-10 11:14:54 | OBSERVACION DE RED
Estado monitor: OBSERVACION
Tipo: PUERTO EN ESCUCHA
IP local: 0.0.0.0
Puerto local: 135
Estado TCP: LISTENING
PID: 1808
Aplicacion: svchost
Veces vista: 3344
Ya fue vista antes y sigue fuera de BASE.
Sigue en observacion con alertas controladas.
Requiere aprobacion manual para pasar a BASE.
2026-08-10 11:14:54 | OBSERVACION DE RED
Estado monitor: OBSERVACION
Tipo: PUERTO EN ESCUCHA
IP local: 0.0.0.0
Puerto local: 445
Estado TCP: LISTENING
PID: 4
Aplicacion: System
Veces vista: 3344
Ya fue vista antes y sigue fuera de BASE.
Sigue en observacion con alertas controladas.
Requiere aprobacion manual para pasar a BASE.
2026-08-10 11:14:54 | OBSERVACION DE RED
Estado monitor: OBSERVACION
Tipo: PUERTO EN ESCUCHA
IP local: 0.0.0.0
Puerto local: 49664
Estado TCP: LISTENING
PID: 1516
Aplicacion: lsass
Veces vista: 3344
Ya fue vista antes y sigue fuera de BASE.
Sigue en observacion con alertas controladas.
Requiere aprobacion manual para pasar a BASE.
2026-08-10 11:14:54 | OBSERVACION DE RED
Estado monitor: OBSERVACION
Tipo: PUERTO EN ESCUCHA
IP local: 0.0.0.0
Puerto local: 49665
Estado TCP: LISTENING
PID: 1336
Aplicacion: wininit
Veces vista: 3344
Ya fue vista antes y sigue fuera de BASE.
Sigue en observacion con alertas controladas.
Requiere aprobacion manual para pasar a BASE.
2026-08-10 11:14:54 | OBSERVACION DE RED
Estado monitor: OBSERVACION
Tipo: PUERTO EN ESCUCHA
IP local: 0.0.0.0
Puerto local: 49666
Estado TCP: LISTENING
PID: 2520
Aplicacion: svchost
Veces vista: 3344
Ya fue vista antes y sigue fuera de BASE.
Sigue en observacion con alertas controladas.
Requiere aprobacion manual para pasar a BASE.
2026-08-10 11:14:54 | OBSERVACION DE RED
Estado monitor: OBSERVACION
Tipo: PUERTO EN ESCUCHA
IP local: 0.0.0.0
Puerto local: 49667
Estado TCP: LISTENING
PID: 3316
Aplicacion: svchost
Veces vista: 3344
Ya fue vista antes y sigue fuera de BASE.
Sigue en observacion con alertas controladas.
Requiere aprobacion manual para pasar a BASE.
2026-08-10 11:14:54 | OBSERVACION DE RED
Estado monitor: OBSERVACION
Tipo: PUERTO EN ESCUCHA
IP local: 0.0.0.0
Puerto local: 49668
Estado TCP: LISTENING
PID: 4872
Aplicacion: spoolsv
Veces vista: 3344
Ya fue vista antes y sigue fuera de BASE.
Sigue en observacion con alertas controladas.
Requiere aprobacion manual para pasar a BASE.
2026-08-10 11:14:54 | OBSERVACION DE RED
Estado monitor: OBSERVACION
Tipo: PUERTO EN ESCUCHA
IP local: 0.0.0.0
Puerto local: 49670
Estado TCP: LISTENING
PID: 1488
Aplicacion: services
Veces vista: 2081
Ya fue vista antes y sigue fuera de BASE.
Sigue en observacion con alertas controladas.
Requiere aprobacion manual para pasar a BASE.
2026-08-10 11:14:54 | OBSERVACION DE RED
Estado monitor: OBSERVACION
Tipo: PUERTO EN ESCUCHA
IP local: 0.0.0.0
Puerto local: 5040
Estado TCP: LISTENING
PID: 12640
Aplicacion: svchost
Veces vista: 3340
Ya fue vista antes y sigue fuera de BASE.
Sigue en observacion con alertas controladas.
Requiere aprobacion manual para pasar a BASE.
2026-08-10 11:14:54 | OBSERVACION DE RED
Estado monitor: OBSERVACION
Tipo: PUERTO EN ESCUCHA
IP local: 0.0.0.0
Puerto local: 53955
Estado TCP: LISTENING
PID: 5712
Aplicacion: RvControlSvc
Veces vista: 1
Sigue en observacion con alertas controladas.
Requiere aprobacion manual para pasar a BASE.
2026-08-10 11:14:54 | OBSERVACION DE RED
Estado monitor: OBSERVACION
Tipo: PUERTO EN ESCUCHA
IP local: 0.0.0.0
Puerto local: 57805
Estado TCP: LISTENING
PID: 5064
Aplicacion: AnyDesk
Veces vista: 4
Ya fue vista antes y sigue fuera de BASE.
Sigue en observacion con alertas controladas.
Requiere aprobacion manual para pasar a BASE.
2026-08-10 11:14:54 | OBSERVACION DE RED
Estado monitor: OBSERVACION
Tipo: PUERTO EN ESCUCHA
IP local: 0.0.0.0
Puerto local: 7070
Estado TCP: LISTENING
PID: 5064
Aplicacion: AnyDesk
Veces vista: 2739
Ya fue vista antes y sigue fuera de BASE.
Sigue en observacion con alertas controladas.
Requiere aprobacion manual para pasar a BASE.
2026-08-10 11:14:54 | OBSERVACION DE RED
Estado monitor: OBSERVACION
Tipo: PUERTO EN ESCUCHA
IP local: 0.0.0.0
Puerto local: 7680
Estado TCP: LISTENING
PID: 17252
Aplicacion: svchost
Veces vista: 515
Ya fue vista antes y sigue fuera de BASE.
Sigue en observacion con alertas controladas.
Requiere aprobacion manual para pasar a BASE.
2026-08-10 11:14:54 | OBSERVACION DE RED
Estado monitor: OBSERVACION
Tipo: PUERTO EN ESCUCHA
IP local: 127.0.0.1
Puerto local: 50824
Estado TCP: LISTENING
PID: 11028
Aplicacion: Antigravity IDE
Veces vista: 4
Ya fue vista antes y sigue fuera de BASE.
Sigue en observacion con alertas controladas.
Requiere aprobacion manual para pasar a BASE.
2026-08-10 11:14:54 | OBSERVACION DE RED
Estado monitor: OBSERVACION
Tipo: PUERTO EN ESCUCHA
IP local: 127.0.0.1
Puerto local: 50825
Estado TCP: LISTENING
PID: 11028
Aplicacion: Antigravity IDE
Veces vista: 4
Ya fue vista antes y sigue fuera de BASE.
Sigue en observacion con alertas controladas.
Requiere aprobacion manual para pasar a BASE.
2026-08-10 11:14:54 | OBSERVACION DE RED
Estado monitor: OBSERVACION
Tipo: PUERTO EN ESCUCHA
IP local: 127.0.0.1
Puerto local: 50827
Estado TCP: LISTENING
PID: 20888
Aplicacion: language_server_windows_x64
Veces vista: 4
Ya fue vista antes y sigue fuera de BASE.
Sigue en observacion con alertas controladas.
Requiere aprobacion manual para pasar a BASE.
2026-08-10 11:14:54 | OBSERVACION DE RED
Estado monitor: OBSERVACION
Tipo: PUERTO EN ESCUCHA
IP local: 127.0.0.1
Puerto local: 50828
Estado TCP: LISTENING
PID: 20888
Aplicacion: language_server_windows_x64
Veces vista: 4
Ya fue vista antes y sigue fuera de BASE.
Sigue en observacion con alertas controladas.
Requiere aprobacion manual para pasar a BASE.
2026-08-10 11:14:54 | OBSERVACION DE RED
Estado monitor: OBSERVACION
Tipo: PUERTO EN ESCUCHA
IP local: 127.0.0.1
Puerto local: 51330
Estado TCP: LISTENING
PID: 21900
Aplicacion: language_server_windows_x64
Veces vista: 4
Ya fue vista antes y sigue fuera de BASE.
Sigue en observacion con alertas controladas.
Requiere aprobacion manual para pasar a BASE.
2026-08-10 11:14:54 | OBSERVACION DE RED
Estado monitor: OBSERVACION
Tipo: PUERTO EN ESCUCHA
IP local: 127.0.0.1
Puerto local: 5939
Estado TCP: LISTENING
PID: 5860
Aplicacion: TeamViewer_Service
Veces vista: 407
Ya fue vista antes y sigue fuera de BASE.
Sigue en observacion con alertas controladas.
Requiere aprobacion manual para pasar a BASE.
2026-08-10 11:14:54 | OBSERVACION DE RED
Estado monitor: OBSERVACION
Tipo: PUERTO EN ESCUCHA
IP local: 127.0.0.1
Puerto local: 64876
Estado TCP: LISTENING
PID: 15152
Aplicacion: Antigravity IDE
Veces vista: 4
Ya fue vista antes y sigue fuera de BASE.
Sigue en observacion con alertas controladas.
Requiere aprobacion manual para pasar a BASE.
2026-08-10 11:14:54 | OBSERVACION DE RED
Estado monitor: OBSERVACION
Tipo: PUERTO EN ESCUCHA
IP local: 127.0.0.1
Puerto local: 64878
Estado TCP: LISTENING
PID: 21900
Aplicacion: language_server_windows_x64
Veces vista: 4
Ya fue vista antes y sigue fuera de BASE.
Sigue en observacion con alertas controladas.
Requiere aprobacion manual para pasar a BASE.
2026-08-10 11:14:54 | OBSERVACION DE RED
Estado monitor: OBSERVACION
Tipo: PUERTO EN ESCUCHA
IP local: 127.0.0.1
Puerto local: 64879
Estado TCP: LISTENING
PID: 21900
Aplicacion: language_server_windows_x64
Veces vista: 4
Ya fue vista antes y sigue fuera de BASE.
Sigue en observacion con alertas controladas.
Requiere aprobacion manual para pasar a BASE.
2026-08-10 11:14:54 | OBSERVACION DE RED
Estado monitor: OBSERVACION
Tipo: PUERTO EN ESCUCHA
IP local: 172.19.19.119
Puerto local: 139
Estado TCP: LISTENING
PID: 4
Aplicacion: System
Veces vista: 99
Ya fue vista antes y sigue fuera de BASE.
Sigue en observacion con alertas controladas.
Requiere aprobacion manual para pasar a BASE.
2026-08-10 11:14:54 | OBSERVACION DE RED
Estado monitor: OBSERVACION
Tipo: PUERTO EN ESCUCHA
IP local: 172.19.19.119
Puerto local: 49682
Estado TCP: LISTENING
PID: 5712
Aplicacion: RvControlSvc
Veces vista: 16
Ya fue vista antes y sigue fuera de BASE.
Sigue en observacion con alertas controladas.
Requiere aprobacion manual para pasar a BASE.
2026-08-10 11:14:54 | OBSERVACION DE RED
Estado monitor: OBSERVACION
Tipo: PUERTO EN ESCUCHA
IP local: 192.168.56.1
Puerto local: 139
Estado TCP: LISTENING
PID: 4
Aplicacion: System
Veces vista: 3342
Ya fue vista antes y sigue fuera de BASE.
Sigue en observacion con alertas controladas.
Requiere aprobacion manual para pasar a BASE.
2026-08-10 11:14:54 | OBSERVACION DE RED
Estado monitor: OBSERVACION
Tipo: PUERTO EN ESCUCHA
IP local: 26.137.80.247
Puerto local: 139
Estado TCP: LISTENING
PID: 4
Aplicacion: System
Veces vista: 3300
Ya fue vista antes y sigue fuera de BASE.
Sigue en observacion con alertas controladas.
Requiere aprobacion manual para pasar a BASE.
2026-08-10 11:14:57 | Escaneo completado. Conexiones=118 Alertas=0 Observaciones=47 LearningMode=False
2026-08-10 11:25:01 | OBSERVACION DE RED
Estado monitor: OBSERVACION
IP remota: 172.217.115.4
Puerto remoto: 443
IP local: 172.19.19.119
Puerto local: 49674
Estado TCP: ESTABLISHED
PID: 20888
Aplicacion: language_server_windows_x64
Veces vista: 263
Ya fue vista antes y sigue fuera de BASE.
Sigue en observacion con alertas controladas.
Requiere aprobacion manual para pasar a BASE.
2026-08-10 11:25:01 | OBSERVACION DE RED
Estado monitor: OBSERVACION
IP remota: 172.217.118.4
Puerto remoto: 443
IP local: 172.19.19.119
Puerto local: 49677
Estado TCP: ESTABLISHED
PID: 20888
Aplicacion: language_server_windows_x64
Veces vista: 302
Ya fue vista antes y sigue fuera de BASE.
Sigue en observacion con alertas controladas.
Requiere aprobacion manual para pasar a BASE.
2026-08-10 11:25:01 | OBSERVACION DE RED
Estado monitor: OBSERVACION
IP remota: 142.251.128.131
Puerto remoto: 443
IP local: 172.19.19.119
Puerto local: 54071
Estado TCP: ESTABLISHED
PID: 19104
Aplicacion: chrome
Veces vista: 83
Ya fue vista antes y sigue fuera de BASE.
Sigue en observacion con alertas controladas.
Requiere aprobacion manual para pasar a BASE.
2026-08-10 11:25:01 | OBSERVACION DE RED
Estado monitor: OBSERVACION
IP remota: 142.251.0.188
Puerto remoto: 5228
IP local: 172.19.19.119
Puerto local: 55160
Estado TCP: ESTABLISHED
PID: 19104
Aplicacion: chrome
Veces vista: 496
Ya fue vista antes y sigue fuera de BASE.
Sigue en observacion con alertas controladas.
Requiere aprobacion manual para pasar a BASE.
2026-08-10 11:25:01 | OBSERVACION DE RED
Estado monitor: OBSERVACION
IP remota: 4.150.223.105
Puerto remoto: 443
IP local: 172.19.19.119
Puerto local: 56238
Estado TCP: ESTABLISHED
PID: 7848
Aplicacion: msedgewebview2
Veces vista: 2
Ya fue vista antes y sigue fuera de BASE.
Sigue en observacion con alertas controladas.
Requiere aprobacion manual para pasar a BASE.
2026-08-10 11:25:01 | OBSERVACION DE RED
Estado monitor: OBSERVACION
IP remota: 74.214.194.131
Puerto remoto: 443
IP local: 172.19.19.119
Puerto local: 59175
Estado TCP: ESTABLISHED
PID: 7848
Aplicacion: msedgewebview2
Veces vista: 2
Ya fue vista antes y sigue fuera de BASE.
Sigue en observacion con alertas controladas.
Requiere aprobacion manual para pasar a BASE.
2026-08-10 11:25:01 | NUEVA CONEXION DETECTADA
Estado monitor: NUEVA
IP remota: 52.97.51.130
Puerto remoto: 443
IP local: 172.19.19.119
Puerto local: 59402
Estado TCP: ESTABLISHED
PID: 7940
Aplicacion: olk
Veces vista: 1
2026-08-10 11:25:01 | NUEVA CONEXION DETECTADA
Estado monitor: NUEVA
IP remota: 52.97.51.130
Puerto remoto: 443
IP local: 172.19.19.119
Puerto local: 59403
Estado TCP: ESTABLISHED
PID: 7940
Aplicacion: olk
Veces vista: 2
2026-08-10 11:25:01 | NUEVA CONEXION DETECTADA
Estado monitor: NUEVA
IP remota: 20.96.236.177
Puerto remoto: 443
IP local: 172.19.19.119
Puerto local: 59614
Estado TCP: ESTABLISHED
PID: 7848
Aplicacion: msedgewebview2
Veces vista: 1
2026-08-10 11:25:01 | OBSERVACION DE RED
Estado monitor: OBSERVACION
IP remota: 20.190.173.128
Puerto remoto: 443
IP local: 172.19.19.119
Puerto local: 61213
Estado TCP: ESTABLISHED
PID: 9088
Aplicacion: svchost
Veces vista: 17
Ya fue vista antes y sigue fuera de BASE.
Sigue en observacion con alertas controladas.
Requiere aprobacion manual para pasar a BASE.
2026-08-10 11:25:01 | OBSERVACION DE RED
Estado monitor: OBSERVACION
IP remota: 52.97.51.130
Puerto remoto: 443
IP local: 172.19.19.119
Puerto local: 61214
Estado TCP: ESTABLISHED
PID: 10784
Aplicacion: msedgewebview2
Veces vista: 31
Ya fue vista antes y sigue fuera de BASE.
Sigue en observacion con alertas controladas.
Requiere aprobacion manual para pasar a BASE.
2026-08-10 11:25:01 | OBSERVACION DE RED
Estado monitor: OBSERVACION
IP remota: 52.97.51.130
Puerto remoto: 443
IP local: 172.19.19.119
Puerto local: 61555
Estado TCP: ESTABLISHED
PID: 14068
Aplicacion: SearchHost
Veces vista: 8
Ya fue vista antes y sigue fuera de BASE.
Sigue en observacion con alertas controladas.
Requiere aprobacion manual para pasar a BASE.
2026-08-10 11:25:01 | NUEVA CONEXION DETECTADA
Estado monitor: NUEVA
IP remota: 40.79.141.155
Puerto remoto: 443
IP local: 172.19.19.119
Puerto local: 61563
Estado TCP: ESTABLISHED
PID: 7940
Aplicacion: olk
Veces vista: 1
2026-08-10 11:25:01 | OBSERVACION DE RED
Estado monitor: OBSERVACION
IP remota: 40.126.45.26
Puerto remoto: 443
IP local: 172.19.19.119
Puerto local: 61670
Estado TCP: ESTABLISHED
PID: 7848
Aplicacion: msedgewebview2
Veces vista: 3
Ya fue vista antes y sigue fuera de BASE.
Sigue en observacion con alertas controladas.
Requiere aprobacion manual para pasar a BASE.
2026-08-10 11:25:01 | OBSERVACION DE RED
Estado monitor: OBSERVACION
IP remota: 172.19.19.107
Puerto remoto: 8009
IP local: 172.19.19.119
Puerto local: 62923
Estado TCP: ESTABLISHED
PID: 19104
Aplicacion: chrome
Veces vista: 16
Ya fue vista antes y sigue fuera de BASE.
Sigue en observacion con alertas controladas.
Requiere aprobacion manual para pasar a BASE.
2026-08-10 11:25:01 | NUEVA CONEXION DETECTADA
Estado monitor: NUEVA
IP remota: 98.94.178.222
Puerto remoto: 443
IP local: 172.19.19.119
Puerto local: 64100
Estado TCP: ESTABLISHED
PID: 7848
Aplicacion: msedgewebview2
Veces vista: 1
2026-08-10 11:25:01 | OBSERVACION DE RED
Estado monitor: OBSERVACION
IP remota: 172.19.19.127
Puerto remoto: 57521
IP local: 172.19.19.119
Puerto local: 64851
Estado TCP: ESTABLISHED
PID: 5712
Aplicacion: RvControlSvc
Veces vista: 4
Ya fue vista antes y sigue fuera de BASE.
Sigue en observacion con alertas controladas.
Requiere aprobacion manual para pasar a BASE.
2026-08-10 11:25:01 | OBSERVACION DE RED
Estado monitor: OBSERVACION
Tipo: PUERTO EN ESCUCHA
IP local: 0.0.0.0
Puerto local: 52808
Estado TCP: LISTENING
PID: 5064
Aplicacion: AnyDesk
Veces vista: 1
Sigue en observacion con alertas controladas.
Requiere aprobacion manual para pasar a BASE.
2026-08-10 11:25:04 | Escaneo completado. Conexiones=136 Alertas=0 Observaciones=18 LearningMode=False
2026-08-10 11:34:57 | OBSERVACION DE RED
Estado monitor: OBSERVACION
IP remota: 207.248.124.93
Puerto remoto: 52062
IP local: 172.19.19.119
Puerto local: 49682
Estado TCP: ESTABLISHED
PID: 5712
Aplicacion: RvControlSvc
Veces vista: 7
Ya fue vista antes y sigue fuera de BASE.
Sigue en observacion con alertas controladas.
Requiere aprobacion manual para pasar a BASE.
2026-08-10 11:34:57 | OBSERVACION DE RED
Estado monitor: OBSERVACION
IP remota: 142.251.128.136
Puerto remoto: 443
IP local: 172.19.19.119
Puerto local: 52605
Estado TCP: ESTABLISHED
PID: 19104
Aplicacion: chrome
Veces vista: 4
Ya fue vista antes y sigue fuera de BASE.
Sigue en observacion con alertas controladas.
Requiere aprobacion manual para pasar a BASE.
2026-08-10 11:34:57 | OBSERVACION DE RED
Estado monitor: OBSERVACION
IP remota: 34.149.66.163
Puerto remoto: 443
IP local: 172.19.19.119
Puerto local: 53163
Estado TCP: ESTABLISHED
PID: 19104
Aplicacion: chrome
Veces vista: 41
Ya fue vista antes y sigue fuera de BASE.
Sigue en observacion con alertas controladas.
Requiere aprobacion manual para pasar a BASE.
2026-08-10 11:34:57 | OBSERVACION DE RED
Estado monitor: OBSERVACION
IP remota: 52.123.245.51
Puerto remoto: 443
IP local: 172.19.19.119
Puerto local: 61755
Estado TCP: ESTABLISHED
PID: 5544
Aplicacion: MpDefenderCoreService
Veces vista: 8
Ya fue vista antes y sigue fuera de BASE.
Sigue en observacion con alertas controladas.
Requiere aprobacion manual para pasar a BASE.
2026-08-10 11:34:57 | OBSERVACION DE RED
Estado monitor: OBSERVACION
IP remota: 172.217.113.4
Puerto remoto: 443
IP local: 172.19.19.119
Puerto local: 61761
Estado TCP: ESTABLISHED
PID: 20888
Aplicacion: language_server_windows_x64
Veces vista: 249
Ya fue vista antes y sigue fuera de BASE.
Sigue en observacion con alertas controladas.
Requiere aprobacion manual para pasar a BASE.
2026-08-10 11:34:57 | OBSERVACION DE RED
Estado monitor: OBSERVACION
IP remota: 142.251.133.230
Puerto remoto: 443
IP local: 172.19.19.119
Puerto local: 63821
Estado TCP: ESTABLISHED
PID: 19104
Aplicacion: chrome
Veces vista: 5
Ya fue vista antes y sigue fuera de BASE.
Sigue en observacion con alertas controladas.
Requiere aprobacion manual para pasar a BASE.
2026-08-10 11:34:57 | OBSERVACION DE RED
Estado monitor: OBSERVACION
Tipo: PUERTO EN ESCUCHA
IP local: 0.0.0.0
Puerto local: 61752
Estado TCP: LISTENING
PID: 5712
Aplicacion: RvControlSvc
Veces vista: 1
Sigue en observacion con alertas controladas.
Requiere aprobacion manual para pasar a BASE.
2026-08-10 11:35:00 | Escaneo completado. Conexiones=112 Alertas=0 Observaciones=7 LearningMode=False
2026-08-10 11:44:59 | OBSERVACION DE RED
Estado monitor: OBSERVACION
IP remota: 162.43.190.119
Puerto remoto: 443
IP local: 172.19.19.119
Puerto local: 49270
Estado TCP: ESTABLISHED
PID: 5064
Aplicacion: AnyDesk
Veces vista: 81
Ya fue vista antes y sigue fuera de BASE.
Sigue en observacion con alertas controladas.
Requiere aprobacion manual para pasar a BASE.
2026-08-10 11:44:59 | OBSERVACION DE RED
Estado monitor: OBSERVACION
IP remota: 207.248.124.93
Puerto remoto: 49694
IP local: 172.19.19.119
Puerto local: 49270
Estado TCP: ESTABLISHED
PID: 5064
Aplicacion: AnyDesk
Veces vista: 1
Sigue en observacion con alertas controladas.
Requiere aprobacion manual para pasar a BASE.
2026-08-10 11:44:59 | OBSERVACION DE RED
Estado monitor: OBSERVACION
IP remota: 138.97.177.156
Puerto remoto: 62772
IP local: 172.19.19.119
Puerto local: 49682
Estado TCP: ESTABLISHED
PID: 5712
Aplicacion: RvControlSvc
Veces vista: 10
Ya fue vista antes y sigue fuera de BASE.
Sigue en observacion con alertas controladas.
Requiere aprobacion manual para pasar a BASE.
2026-08-10 11:44:59 | OBSERVACION DE RED
Estado monitor: OBSERVACION
IP remota: 148.113.190.78
Puerto remoto: 17301
IP local: 172.19.19.119
Puerto local: 49682
Estado TCP: ESTABLISHED
PID: 5712
Aplicacion: RvControlSvc
Veces vista: 965
Ya fue vista antes y sigue fuera de BASE.
Sigue en observacion con alertas controladas.
Requiere aprobacion manual para pasar a BASE.
2026-08-10 11:44:59 | OBSERVACION DE RED
Estado monitor: OBSERVACION
IP remota: 190.122.181.20
Puerto remoto: 52371
IP local: 172.19.19.119
Puerto local: 49689
Estado TCP: ESTABLISHED
PID: 5712
Aplicacion: RvControlSvc
Veces vista: 19
Ya fue vista antes y sigue fuera de BASE.
Sigue en observacion con alertas controladas.
Requiere aprobacion manual para pasar a BASE.
2026-08-10 11:44:59 | OBSERVACION DE RED
Estado monitor: OBSERVACION
IP remota: 138.97.177.156
Puerto remoto: 28943
IP local: 172.19.19.119
Puerto local: 49693
Estado TCP: ESTABLISHED
PID: 5712
Aplicacion: RvControlSvc
Veces vista: 19
Ya fue vista antes y sigue fuera de BASE.
Sigue en observacion con alertas controladas.
Requiere aprobacion manual para pasar a BASE.
2026-08-10 11:44:59 | OBSERVACION DE RED
Estado monitor: OBSERVACION
IP remota: 138.97.177.156
Puerto remoto: 43991
IP local: 172.19.19.119
Puerto local: 49698
Estado TCP: ESTABLISHED
PID: 5712
Aplicacion: RvControlSvc
Veces vista: 135
Ya fue vista antes y sigue fuera de BASE.
Sigue en observacion con alertas controladas.
Requiere aprobacion manual para pasar a BASE.
2026-08-10 11:44:59 | OBSERVACION DE RED
Estado monitor: OBSERVACION
IP remota: 138.97.177.156
Puerto remoto: 49708
IP local: 172.19.19.119
Puerto local: 49699
Estado TCP: ESTABLISHED
PID: 5712
Aplicacion: RvControlSvc
Veces vista: 22
Ya fue vista antes y sigue fuera de BASE.
Sigue en observacion con alertas controladas.
Requiere aprobacion manual para pasar a BASE.
2026-08-10 11:44:59 | OBSERVACION DE RED
Estado monitor: OBSERVACION
IP remota: 207.248.126.253
Puerto remoto: 56353
IP local: 172.19.19.119
Puerto local: 49700
Estado TCP: ESTABLISHED
PID: 5712
Aplicacion: RvControlSvc
Veces vista: 74
Ya fue vista antes y sigue fuera de BASE.
Sigue en observacion con alertas controladas.
Requiere aprobacion manual para pasar a BASE.
2026-08-10 11:44:59 | OBSERVACION DE RED
Estado monitor: OBSERVACION
IP remota: 138.97.177.156
Puerto remoto: 62945
IP local: 172.19.19.119
Puerto local: 49701
Estado TCP: ESTABLISHED
PID: 5712
Aplicacion: RvControlSvc
Veces vista: 125
Ya fue vista antes y sigue fuera de BASE.
Sigue en observacion con alertas controladas.
Requiere aprobacion manual para pasar a BASE.
2026-08-10 11:44:59 | OBSERVACION DE RED
Estado monitor: OBSERVACION
IP remota: 138.97.177.20
Puerto remoto: 50991
IP local: 172.19.19.119
Puerto local: 49702
Estado TCP: ESTABLISHED
PID: 5712
Aplicacion: RvControlSvc
Veces vista: 163
Ya fue vista antes y sigue fuera de BASE.
Sigue en observacion con alertas controladas.
Requiere aprobacion manual para pasar a BASE.
2026-08-10 11:44:59 | OBSERVACION DE RED
Estado monitor: OBSERVACION
IP remota: 138.97.177.80
Puerto remoto: 60690
IP local: 172.19.19.119
Puerto local: 49703
Estado TCP: ESTABLISHED
PID: 5712
Aplicacion: RvControlSvc
Veces vista: 121
Ya fue vista antes y sigue fuera de BASE.
Sigue en observacion con alertas controladas.
Requiere aprobacion manual para pasar a BASE.
2026-08-10 11:44:59 | OBSERVACION DE RED
Estado monitor: OBSERVACION
IP remota: 138.97.177.80
Puerto remoto: 64186
IP local: 172.19.19.119
Puerto local: 49704
Estado TCP: ESTABLISHED
PID: 5712
Aplicacion: RvControlSvc
Veces vista: 81
Ya fue vista antes y sigue fuera de BASE.
Sigue en observacion con alertas controladas.
Requiere aprobacion manual para pasar a BASE.
2026-08-10 11:44:59 | OBSERVACION DE RED
Estado monitor: OBSERVACION
IP remota: 168.90.73.130
Puerto remoto: 55558
IP local: 172.19.19.119
Puerto local: 49705
Estado TCP: ESTABLISHED
PID: 5712
Aplicacion: RvControlSvc
Veces vista: 110
Ya fue vista antes y sigue fuera de BASE.
Sigue en observacion con alertas controladas.
Requiere aprobacion manual para pasar a BASE.
2026-08-10 11:44:59 | OBSERVACION DE RED
Estado monitor: OBSERVACION
IP remota: 138.97.177.156
Puerto remoto: 63251
IP local: 172.19.19.119
Puerto local: 49706
Estado TCP: ESTABLISHED
PID: 5712
Aplicacion: RvControlSvc
Veces vista: 103
Ya fue vista antes y sigue fuera de BASE.
Sigue en observacion con alertas controladas.
Requiere aprobacion manual para pasar a BASE.
2026-08-10 11:44:59 | OBSERVACION DE RED
Estado monitor: OBSERVACION
IP remota: 172.19.19.196
Puerto remoto: 53778
IP local: 172.19.19.119
Puerto local: 49708
Estado TCP: ESTABLISHED
PID: 5712
Aplicacion: RvControlSvc
Veces vista: 19
Ya fue vista antes y sigue fuera de BASE.
Sigue en observacion con alertas controladas.
Requiere aprobacion manual para pasar a BASE.
2026-08-10 11:44:59 | OBSERVACION DE RED
Estado monitor: OBSERVACION
IP remota: 45.162.230.182
Puerto remoto: 17351
IP local: 172.19.19.119
Puerto local: 51488
Estado TCP: ESTABLISHED
PID: 5712
Aplicacion: RvControlSvc
Veces vista: 1986
Ya fue vista antes y sigue fuera de BASE.
Sigue en observacion con alertas controladas.
Requiere aprobacion manual para pasar a BASE.
2026-08-10 11:44:59 | OBSERVACION DE RED
Estado monitor: OBSERVACION
IP remota: 189.1.174.47
Puerto remoto: 443
IP local: 172.19.19.119
Puerto local: 51684
Estado TCP: ESTABLISHED
PID: 5064
Aplicacion: AnyDesk
Veces vista: 41
Ya fue vista antes y sigue fuera de BASE.
Sigue en observacion con alertas controladas.
Requiere aprobacion manual para pasar a BASE.
2026-08-10 11:44:59 | OBSERVACION DE RED
Estado monitor: OBSERVACION
IP remota: 172.19.19.15
Puerto remoto: 7070
IP local: 172.19.19.119
Puerto local: 51685
Estado TCP: ESTABLISHED
PID: 5064
Aplicacion: AnyDesk
Veces vista: 239
Ya fue vista antes y sigue fuera de BASE.
Sigue en observacion con alertas controladas.
Requiere aprobacion manual para pasar a BASE.
2026-08-10 11:44:59 | OBSERVACION DE RED
Estado monitor: OBSERVACION
IP remota: 172.217.119.4
Puerto remoto: 443
IP local: 172.19.19.119
Puerto local: 51750
Estado TCP: ESTABLISHED
PID: 20888
Aplicacion: language_server_windows_x64
Veces vista: 256
Ya fue vista antes y sigue fuera de BASE.
Sigue en observacion con alertas controladas.
Requiere aprobacion manual para pasar a BASE.
2026-08-10 11:44:59 | OBSERVACION DE RED
Estado monitor: OBSERVACION
IP remota: 172.19.19.102
Puerto remoto: 4626
IP local: 172.19.19.119
Puerto local: 54710
Estado TCP: ESTABLISHED
PID: 5712
Aplicacion: RvControlSvc
Veces vista: 19
Ya fue vista antes y sigue fuera de BASE.
Sigue en observacion con alertas controladas.
Requiere aprobacion manual para pasar a BASE.
2026-08-10 11:44:59 | OBSERVACION DE RED
Estado monitor: OBSERVACION
IP remota: 172.19.19.128
Puerto remoto: 56340
IP local: 172.19.19.119
Puerto local: 54734
Estado TCP: ESTABLISHED
PID: 5712
Aplicacion: RvControlSvc
Veces vista: 19
Ya fue vista antes y sigue fuera de BASE.
Sigue en observacion con alertas controladas.
Requiere aprobacion manual para pasar a BASE.
2026-08-10 11:44:59 | OBSERVACION DE RED
Estado monitor: OBSERVACION
IP remota: 200.42.122.18
Puerto remoto: 443
IP local: 172.19.19.119
Puerto local: 54909
Estado TCP: ESTABLISHED
PID: 5536
Aplicacion: servicehost
Veces vista: 41
Ya fue vista antes y sigue fuera de BASE.
Sigue en observacion con alertas controladas.
Requiere aprobacion manual para pasar a BASE.
2026-08-10 11:44:59 | OBSERVACION DE RED
Estado monitor: OBSERVACION
IP remota: 200.42.122.18
Puerto remoto: 443
IP local: 172.19.19.119
Puerto local: 54910
Estado TCP: ESTABLISHED
PID: 5868
Aplicacion: mc-fw-host
Veces vista: 49
Ya fue vista antes y sigue fuera de BASE.
Sigue en observacion con alertas controladas.
Requiere aprobacion manual para pasar a BASE.
2026-08-10 11:44:59 | OBSERVACION DE RED
Estado monitor: OBSERVACION
IP remota: 13.69.116.107
Puerto remoto: 443
IP local: 172.19.19.119
Puerto local: 54911
Estado TCP: ESTABLISHED
PID: 5544
Aplicacion: MpDefenderCoreService
Veces vista: 2
Ya fue vista antes y sigue fuera de BASE.
Sigue en observacion con alertas controladas.
Requiere aprobacion manual para pasar a BASE.
2026-08-10 11:44:59 | OBSERVACION DE RED
Estado monitor: OBSERVACION
Tipo: PUERTO EN ESCUCHA
IP local: 0.0.0.0
Puerto local: 135
Estado TCP: LISTENING
PID: 1808
Aplicacion: svchost
Veces vista: 3347
Ya fue vista antes y sigue fuera de BASE.
Sigue en observacion con alertas controladas.
Requiere aprobacion manual para pasar a BASE.
2026-08-10 11:44:59 | OBSERVACION DE RED
Estado monitor: OBSERVACION
Tipo: PUERTO EN ESCUCHA
IP local: 0.0.0.0
Puerto local: 445
Estado TCP: LISTENING
PID: 4
Aplicacion: System
Veces vista: 3347
Ya fue vista antes y sigue fuera de BASE.
Sigue en observacion con alertas controladas.
Requiere aprobacion manual para pasar a BASE.
2026-08-10 11:44:59 | OBSERVACION DE RED
Estado monitor: OBSERVACION
Tipo: PUERTO EN ESCUCHA
IP local: 0.0.0.0
Puerto local: 49270
Estado TCP: LISTENING
PID: 5064
Aplicacion: AnyDesk
Veces vista: 1
Sigue en observacion con alertas controladas.
Requiere aprobacion manual para pasar a BASE.
2026-08-10 11:44:59 | OBSERVACION DE RED
Estado monitor: OBSERVACION
Tipo: PUERTO EN ESCUCHA
IP local: 0.0.0.0
Puerto local: 49664
Estado TCP: LISTENING
PID: 1516
Aplicacion: lsass
Veces vista: 3347
Ya fue vista antes y sigue fuera de BASE.
Sigue en observacion con alertas controladas.
Requiere aprobacion manual para pasar a BASE.
2026-08-10 11:44:59 | OBSERVACION DE RED
Estado monitor: OBSERVACION
Tipo: PUERTO EN ESCUCHA
IP local: 0.0.0.0
Puerto local: 49665
Estado TCP: LISTENING
PID: 1336
Aplicacion: wininit
Veces vista: 3347
Ya fue vista antes y sigue fuera de BASE.
Sigue en observacion con alertas controladas.
Requiere aprobacion manual para pasar a BASE.
2026-08-10 11:44:59 | OBSERVACION DE RED
Estado monitor: OBSERVACION
Tipo: PUERTO EN ESCUCHA
IP local: 0.0.0.0
Puerto local: 49666
Estado TCP: LISTENING
PID: 2520
Aplicacion: svchost
Veces vista: 3347
Ya fue vista antes y sigue fuera de BASE.
Sigue en observacion con alertas controladas.
Requiere aprobacion manual para pasar a BASE.
2026-08-10 11:44:59 | OBSERVACION DE RED
Estado monitor: OBSERVACION
Tipo: PUERTO EN ESCUCHA
IP local: 0.0.0.0
Puerto local: 49667
Estado TCP: LISTENING
PID: 3316
Aplicacion: svchost
Veces vista: 3347
Ya fue vista antes y sigue fuera de BASE.
Sigue en observacion con alertas controladas.
Requiere aprobacion manual para pasar a BASE.
2026-08-10 11:44:59 | OBSERVACION DE RED
Estado monitor: OBSERVACION
Tipo: PUERTO EN ESCUCHA
IP local: 0.0.0.0
Puerto local: 49668
Estado TCP: LISTENING
PID: 4872
Aplicacion: spoolsv
Veces vista: 3347
Ya fue vista antes y sigue fuera de BASE.
Sigue en observacion con alertas controladas.
Requiere aprobacion manual para pasar a BASE.
2026-08-10 11:44:59 | OBSERVACION DE RED
Estado monitor: OBSERVACION
Tipo: PUERTO EN ESCUCHA
IP local: 0.0.0.0
Puerto local: 49670
Estado TCP: LISTENING
PID: 1488
Aplicacion: services
Veces vista: 2084
Ya fue vista antes y sigue fuera de BASE.
Sigue en observacion con alertas controladas.
Requiere aprobacion manual para pasar a BASE.
2026-08-10 11:44:59 | OBSERVACION DE RED
Estado monitor: OBSERVACION
Tipo: PUERTO EN ESCUCHA
IP local: 0.0.0.0
Puerto local: 5040
Estado TCP: LISTENING
PID: 12640
Aplicacion: svchost
Veces vista: 3343
Ya fue vista antes y sigue fuera de BASE.
Sigue en observacion con alertas controladas.
Requiere aprobacion manual para pasar a BASE.
2026-08-10 11:44:59 | OBSERVACION DE RED
Estado monitor: OBSERVACION
Tipo: PUERTO EN ESCUCHA
IP local: 0.0.0.0
Puerto local: 51684
Estado TCP: LISTENING
PID: 5064
Aplicacion: AnyDesk
Veces vista: 1
Sigue en observacion con alertas controladas.
Requiere aprobacion manual para pasar a BASE.
2026-08-10 11:44:59 | OBSERVACION DE RED
Estado monitor: OBSERVACION
Tipo: PUERTO EN ESCUCHA
IP local: 0.0.0.0
Puerto local: 54912
Estado TCP: LISTENING
PID: 5712
Aplicacion: RvControlSvc
Veces vista: 1
Sigue en observacion con alertas controladas.
Requiere aprobacion manual para pasar a BASE.
2026-08-10 11:44:59 | OBSERVACION DE RED
Estado monitor: OBSERVACION
Tipo: PUERTO EN ESCUCHA
IP local: 0.0.0.0
Puerto local: 7070
Estado TCP: LISTENING
PID: 5064
Aplicacion: AnyDesk
Veces vista: 2742
Ya fue vista antes y sigue fuera de BASE.
Sigue en observacion con alertas controladas.
Requiere aprobacion manual para pasar a BASE.
2026-08-10 11:44:59 | OBSERVACION DE RED
Estado monitor: OBSERVACION
Tipo: PUERTO EN ESCUCHA
IP local: 0.0.0.0
Puerto local: 7680
Estado TCP: LISTENING
PID: 17252
Aplicacion: svchost
Veces vista: 518
Ya fue vista antes y sigue fuera de BASE.
Sigue en observacion con alertas controladas.
Requiere aprobacion manual para pasar a BASE.
2026-08-10 11:44:59 | OBSERVACION DE RED
Estado monitor: OBSERVACION
Tipo: PUERTO EN ESCUCHA
IP local: 127.0.0.1
Puerto local: 50824
Estado TCP: LISTENING
PID: 11028
Aplicacion: Antigravity IDE
Veces vista: 7
Ya fue vista antes y sigue fuera de BASE.
Sigue en observacion con alertas controladas.
Requiere aprobacion manual para pasar a BASE.
2026-08-10 11:44:59 | OBSERVACION DE RED
Estado monitor: OBSERVACION
Tipo: PUERTO EN ESCUCHA
IP local: 127.0.0.1
Puerto local: 50825
Estado TCP: LISTENING
PID: 11028
Aplicacion: Antigravity IDE
Veces vista: 7
Ya fue vista antes y sigue fuera de BASE.
Sigue en observacion con alertas controladas.
Requiere aprobacion manual para pasar a BASE.
2026-08-10 11:44:59 | OBSERVACION DE RED
Estado monitor: OBSERVACION
Tipo: PUERTO EN ESCUCHA
IP local: 127.0.0.1
Puerto local: 50827
Estado TCP: LISTENING
PID: 20888
Aplicacion: language_server_windows_x64
Veces vista: 7
Ya fue vista antes y sigue fuera de BASE.
Sigue en observacion con alertas controladas.
Requiere aprobacion manual para pasar a BASE.
2026-08-10 11:44:59 | OBSERVACION DE RED
Estado monitor: OBSERVACION
Tipo: PUERTO EN ESCUCHA
IP local: 127.0.0.1
Puerto local: 50828
Estado TCP: LISTENING
PID: 20888
Aplicacion: language_server_windows_x64
Veces vista: 7
Ya fue vista antes y sigue fuera de BASE.
Sigue en observacion con alertas controladas.
Requiere aprobacion manual para pasar a BASE.
2026-08-10 11:44:59 | OBSERVACION DE RED
Estado monitor: OBSERVACION
Tipo: PUERTO EN ESCUCHA
IP local: 127.0.0.1
Puerto local: 51330
Estado TCP: LISTENING
PID: 21900
Aplicacion: language_server_windows_x64
Veces vista: 7
Ya fue vista antes y sigue fuera de BASE.
Sigue en observacion con alertas controladas.
Requiere aprobacion manual para pasar a BASE.
2026-08-10 11:44:59 | OBSERVACION DE RED
Estado monitor: OBSERVACION
Tipo: PUERTO EN ESCUCHA
IP local: 127.0.0.1
Puerto local: 5939
Estado TCP: LISTENING
PID: 5860
Aplicacion: TeamViewer_Service
Veces vista: 410
Ya fue vista antes y sigue fuera de BASE.
Sigue en observacion con alertas controladas.
Requiere aprobacion manual para pasar a BASE.
2026-08-10 11:44:59 | OBSERVACION DE RED
Estado monitor: OBSERVACION
Tipo: PUERTO EN ESCUCHA
IP local: 127.0.0.1
Puerto local: 64876
Estado TCP: LISTENING
PID: 15152
Aplicacion: Antigravity IDE
Veces vista: 7
Ya fue vista antes y sigue fuera de BASE.
Sigue en observacion con alertas controladas.
Requiere aprobacion manual para pasar a BASE.
2026-08-10 11:44:59 | OBSERVACION DE RED
Estado monitor: OBSERVACION
Tipo: PUERTO EN ESCUCHA
IP local: 127.0.0.1
Puerto local: 64878
Estado TCP: LISTENING
PID: 21900
Aplicacion: language_server_windows_x64
Veces vista: 7
Ya fue vista antes y sigue fuera de BASE.
Sigue en observacion con alertas controladas.
Requiere aprobacion manual para pasar a BASE.
2026-08-10 11:44:59 | OBSERVACION DE RED
Estado monitor: OBSERVACION
Tipo: PUERTO EN ESCUCHA
IP local: 127.0.0.1
Puerto local: 64879
Estado TCP: LISTENING
PID: 21900
Aplicacion: language_server_windows_x64
Veces vista: 7
Ya fue vista antes y sigue fuera de BASE.
Sigue en observacion con alertas controladas.
Requiere aprobacion manual para pasar a BASE.
2026-08-10 11:44:59 | OBSERVACION DE RED
Estado monitor: OBSERVACION
Tipo: PUERTO EN ESCUCHA
IP local: 172.19.19.119
Puerto local: 139
Estado TCP: LISTENING
PID: 4
Aplicacion: System
Veces vista: 102
Ya fue vista antes y sigue fuera de BASE.
Sigue en observacion con alertas controladas.
Requiere aprobacion manual para pasar a BASE.
2026-08-10 11:44:59 | OBSERVACION DE RED
Estado monitor: OBSERVACION
Tipo: PUERTO EN ESCUCHA
IP local: 172.19.19.119
Puerto local: 49682
Estado TCP: LISTENING
PID: 5712
Aplicacion: RvControlSvc
Veces vista: 19
Ya fue vista antes y sigue fuera de BASE.
Sigue en observacion con alertas controladas.
Requiere aprobacion manual para pasar a BASE.
2026-08-10 11:44:59 | OBSERVACION DE RED
Estado monitor: OBSERVACION
Tipo: PUERTO EN ESCUCHA
IP local: 192.168.56.1
Puerto local: 139
Estado TCP: LISTENING
PID: 4
Aplicacion: System
Veces vista: 3345
Ya fue vista antes y sigue fuera de BASE.
Sigue en observacion con alertas controladas.
Requiere aprobacion manual para pasar a BASE.
2026-08-10 11:44:59 | OBSERVACION DE RED
Estado monitor: OBSERVACION
Tipo: PUERTO EN ESCUCHA
IP local: 26.137.80.247
Puerto local: 139
Estado TCP: LISTENING
PID: 4
Aplicacion: System
Veces vista: 3303
Ya fue vista antes y sigue fuera de BASE.
Sigue en observacion con alertas controladas.
Requiere aprobacion manual para pasar a BASE.
2026-08-10 11:45:03 | Escaneo completado. Conexiones=120 Alertas=0 Observaciones=52 LearningMode=False
2026-08-10 11:55:06 | OBSERVACION DE RED
Estado monitor: OBSERVACION
IP remota: 151.101.218.172
Puerto remoto: 80
IP local: 172.19.19.119
Puerto local: 54162
Estado TCP: ESTABLISHED
PID: 5092
Aplicacion: svchost
Veces vista: 35
Ya fue vista antes y sigue fuera de BASE.
Sigue en observacion con alertas controladas.
Requiere aprobacion manual para pasar a BASE.
2026-08-10 11:55:06 | OBSERVACION DE RED
Estado monitor: OBSERVACION
IP remota: 52.97.51.130
Puerto remoto: 443
IP local: 172.19.19.119
Puerto local: 54824
Estado TCP: ESTABLISHED
PID: 14068
Aplicacion: SearchHost
Veces vista: 9
Ya fue vista antes y sigue fuera de BASE.
Sigue en observacion con alertas controladas.
Requiere aprobacion manual para pasar a BASE.
2026-08-10 11:55:06 | OBSERVACION DE RED
Estado monitor: OBSERVACION
IP remota: 142.251.0.188
Puerto remoto: 5228
IP local: 172.19.19.119
Puerto local: 55160
Estado TCP: ESTABLISHED
PID: 19104
Aplicacion: chrome
Veces vista: 499
Ya fue vista antes y sigue fuera de BASE.
Sigue en observacion con alertas controladas.
Requiere aprobacion manual para pasar a BASE.
2026-08-10 11:55:06 | OBSERVACION DE RED
Estado monitor: OBSERVACION
IP remota: 142.251.129.46
Puerto remoto: 443
IP local: 172.19.19.119
Puerto local: 55177
Estado TCP: ESTABLISHED
PID: 19104
Aplicacion: chrome
Veces vista: 195
Ya fue vista antes y sigue fuera de BASE.
Sigue en observacion con alertas controladas.
Requiere aprobacion manual para pasar a BASE.
2026-08-10 11:55:06 | OBSERVACION DE RED
Estado monitor: OBSERVACION
IP remota: 13.107.139.11
Puerto remoto: 443
IP local: 172.19.19.119
Puerto local: 57670
Estado TCP: ESTABLISHED
PID: 2632
Aplicacion: OneDrive
Veces vista: 21
Ya fue vista antes y sigue fuera de BASE.
Sigue en observacion con alertas controladas.
Requiere aprobacion manual para pasar a BASE.
2026-08-10 11:55:06 | OBSERVACION DE RED
Estado monitor: OBSERVACION
IP remota: 104.18.33.89
Puerto remoto: 443
IP local: 172.19.19.119
Puerto local: 57692
Estado TCP: ESTABLISHED
PID: 9004
Aplicacion: msedgewebview2
Veces vista: 4
Ya fue vista antes y sigue fuera de BASE.
Sigue en observacion con alertas controladas.
Requiere aprobacion manual para pasar a BASE.
2026-08-10 11:55:06 | OBSERVACION DE RED
Estado monitor: OBSERVACION
IP remota: 142.251.129.49
Puerto remoto: 443
IP local: 172.19.19.119
Puerto local: 58160
Estado TCP: ESTABLISHED
PID: 19104
Aplicacion: chrome
Veces vista: 10
Ya fue vista antes y sigue fuera de BASE.
Sigue en observacion con alertas controladas.
Requiere aprobacion manual para pasar a BASE.
2026-08-10 11:55:06 | NUEVA CONEXION DETECTADA
Estado monitor: NUEVA
IP remota: 74.7.205.30
Puerto remoto: 443
IP local: 172.19.19.119
Puerto local: 60436
Estado TCP: ESTABLISHED
PID: 9004
Aplicacion: msedgewebview2
Veces vista: 1
2026-08-10 11:55:06 | OBSERVACION DE RED
Estado monitor: OBSERVACION
IP remota: 142.251.134.195
Puerto remoto: 443
IP local: 172.19.19.119
Puerto local: 60796
Estado TCP: ESTABLISHED
PID: 19104
Aplicacion: chrome
Veces vista: 71
Ya fue vista antes y sigue fuera de BASE.
Sigue en observacion con alertas controladas.
Requiere aprobacion manual para pasar a BASE.
2026-08-10 11:55:06 | OBSERVACION DE RED
Estado monitor: OBSERVACION
IP remota: 142.251.128.131
Puerto remoto: 443
IP local: 172.19.19.119
Puerto local: 61614
Estado TCP: ESTABLISHED
PID: 19104
Aplicacion: chrome
Veces vista: 85
Ya fue vista antes y sigue fuera de BASE.
Sigue en observacion con alertas controladas.
Requiere aprobacion manual para pasar a BASE.
2026-08-10 11:55:06 | OBSERVACION DE RED
Estado monitor: OBSERVACION
IP remota: 4.150.223.112
Puerto remoto: 443
IP local: 172.19.19.119
Puerto local: 61946
Estado TCP: ESTABLISHED
PID: 7940
Aplicacion: olk
Veces vista: 2
Ya fue vista antes y sigue fuera de BASE.
Sigue en observacion con alertas controladas.
Requiere aprobacion manual para pasar a BASE.
2026-08-10 11:55:06 | OBSERVACION DE RED
Estado monitor: OBSERVACION
IP remota: 172.217.192.84
Puerto remoto: 443
IP local: 172.19.19.119
Puerto local: 62674
Estado TCP: ESTABLISHED
PID: 19104
Aplicacion: chrome
Veces vista: 288
Ya fue vista antes y sigue fuera de BASE.
Sigue en observacion con alertas controladas.
Requiere aprobacion manual para pasar a BASE.
2026-08-10 11:55:06 | OBSERVACION DE RED
Estado monitor: OBSERVACION
IP remota: 172.19.19.107
Puerto remoto: 8009
IP local: 172.19.19.119
Puerto local: 62923
Estado TCP: ESTABLISHED
PID: 19104
Aplicacion: chrome
Veces vista: 19
Ya fue vista antes y sigue fuera de BASE.
Sigue en observacion con alertas controladas.
Requiere aprobacion manual para pasar a BASE.
2026-08-10 11:55:06 | OBSERVACION DE RED
Estado monitor: OBSERVACION
IP remota: 172.19.19.127
Puerto remoto: 57521
IP local: 172.19.19.119
Puerto local: 64851
Estado TCP: ESTABLISHED
PID: 5712
Aplicacion: RvControlSvc
Veces vista: 7
Ya fue vista antes y sigue fuera de BASE.
Sigue en observacion con alertas controladas.
Requiere aprobacion manual para pasar a BASE.
2026-08-10 11:55:06 | OBSERVACION DE RED
Estado monitor: OBSERVACION
IP remota: 151.101.193.91
Puerto remoto: 443
IP local: 172.19.19.119
Puerto local: 65381
Estado TCP: ESTABLISHED
PID: 19104
Aplicacion: chrome
Veces vista: 63
Ya fue vista antes y sigue fuera de BASE.
Sigue en observacion con alertas controladas.
Requiere aprobacion manual para pasar a BASE.
2026-08-10 11:55:06 | OBSERVACION DE RED
Estado monitor: OBSERVACION
Tipo: PUERTO EN ESCUCHA
IP local: 0.0.0.0
Puerto local: 59952
Estado TCP: LISTENING
PID: 5712
Aplicacion: RvControlSvc
Veces vista: 1
Sigue en observacion con alertas controladas.
Requiere aprobacion manual para pasar a BASE.
2026-08-10 11:55:09 | Escaneo completado. Conexiones=146 Alertas=0 Observaciones=16 LearningMode=False
2026-08-10 12:04:55 | OBSERVACION DE RED
Estado monitor: OBSERVACION
IP remota: 207.248.124.93
Puerto remoto: 52062
IP local: 172.19.19.119
Puerto local: 49682
Estado TCP: ESTABLISHED
PID: 5712
Aplicacion: RvControlSvc
Veces vista: 10
Ya fue vista antes y sigue fuera de BASE.
Sigue en observacion con alertas controladas.
Requiere aprobacion manual para pasar a BASE.
2026-08-10 12:04:55 | OBSERVACION DE RED
Estado monitor: OBSERVACION
IP remota: 151.101.1.91
Puerto remoto: 443
IP local: 172.19.19.119
Puerto local: 52269
Estado TCP: ESTABLISHED
PID: 19104
Aplicacion: chrome
Veces vista: 59
Ya fue vista antes y sigue fuera de BASE.
Sigue en observacion con alertas controladas.
Requiere aprobacion manual para pasar a BASE.
2026-08-10 12:04:55 | OBSERVACION DE RED
Estado monitor: OBSERVACION
IP remota: 172.217.113.4
Puerto remoto: 443
IP local: 172.19.19.119
Puerto local: 52636
Estado TCP: ESTABLISHED
PID: 21900
Aplicacion: language_server_windows_x64
Veces vista: 251
Ya fue vista antes y sigue fuera de BASE.
Sigue en observacion con alertas controladas.
Requiere aprobacion manual para pasar a BASE.
2026-08-10 12:04:55 | OBSERVACION DE RED
Estado monitor: OBSERVACION
IP remota: 172.217.115.4
Puerto remoto: 443
IP local: 172.19.19.119
Puerto local: 60794
Estado TCP: ESTABLISHED
PID: 21900
Aplicacion: language_server_windows_x64
Veces vista: 269
Ya fue vista antes y sigue fuera de BASE.
Sigue en observacion con alertas controladas.
Requiere aprobacion manual para pasar a BASE.
2026-08-10 12:04:55 | OBSERVACION DE RED
Estado monitor: OBSERVACION
IP remota: 172.217.116.4
Puerto remoto: 443
IP local: 172.19.19.119
Puerto local: 61994
Estado TCP: ESTABLISHED
PID: 20888
Aplicacion: language_server_windows_x64
Veces vista: 222
Ya fue vista antes y sigue fuera de BASE.
Sigue en observacion con alertas controladas.
Requiere aprobacion manual para pasar a BASE.
2026-08-10 12:04:55 | OBSERVACION DE RED
Estado monitor: OBSERVACION
Tipo: PUERTO EN ESCUCHA
IP local: 0.0.0.0
Puerto local: 54756
Estado TCP: LISTENING
PID: 5712
Aplicacion: RvControlSvc
Veces vista: 2
Ya fue vista antes y sigue fuera de BASE.
Sigue en observacion con alertas controladas.
Requiere aprobacion manual para pasar a BASE.
2026-08-10 12:04:55 | OBSERVACION DE RED
Estado monitor: OBSERVACION
Tipo: PUERTO EN ESCUCHA
IP local: 0.0.0.0
Puerto local: 64031
Estado TCP: LISTENING
PID: 5064
Aplicacion: AnyDesk
Veces vista: 1
Sigue en observacion con alertas controladas.
Requiere aprobacion manual para pasar a BASE.
2026-08-10 12:04:55 | OBSERVACION DE RED
Estado monitor: OBSERVACION
Tipo: PUERTO EN ESCUCHA
IP local: 172.19.19.119
Puerto local: 54755
Estado TCP: LISTENING
PID: 5712
Aplicacion: RvControlSvc
Veces vista: 1
Sigue en observacion con alertas controladas.
Requiere aprobacion manual para pasar a BASE.
2026-08-10 12:04:58 | Escaneo completado. Conexiones=111 Alertas=0 Observaciones=8 LearningMode=False
2026-08-10 12:14:55 | OBSERVACION DE RED
Estado monitor: OBSERVACION
IP remota: 138.97.177.156
Puerto remoto: 62772
IP local: 172.19.19.119
Puerto local: 49682
Estado TCP: ESTABLISHED
PID: 5712
Aplicacion: RvControlSvc
Veces vista: 13
Ya fue vista antes y sigue fuera de BASE.
Sigue en observacion con alertas controladas.
Requiere aprobacion manual para pasar a BASE.
2026-08-10 12:14:55 | OBSERVACION DE RED
Estado monitor: OBSERVACION
IP remota: 148.113.190.78
Puerto remoto: 17301
IP local: 172.19.19.119
Puerto local: 49682
Estado TCP: ESTABLISHED
PID: 5712
Aplicacion: RvControlSvc
Veces vista: 969
Ya fue vista antes y sigue fuera de BASE.
Sigue en observacion con alertas controladas.
Requiere aprobacion manual para pasar a BASE.
2026-08-10 12:14:55 | OBSERVACION DE RED
Estado monitor: OBSERVACION
IP remota: 190.122.181.20
Puerto remoto: 52371
IP local: 172.19.19.119
Puerto local: 49689
Estado TCP: ESTABLISHED
PID: 5712
Aplicacion: RvControlSvc
Veces vista: 22
Ya fue vista antes y sigue fuera de BASE.
Sigue en observacion con alertas controladas.
Requiere aprobacion manual para pasar a BASE.
2026-08-10 12:14:55 | OBSERVACION DE RED
Estado monitor: OBSERVACION
IP remota: 138.97.177.156
Puerto remoto: 28943
IP local: 172.19.19.119
Puerto local: 49693
Estado TCP: ESTABLISHED
PID: 5712
Aplicacion: RvControlSvc
Veces vista: 22
Ya fue vista antes y sigue fuera de BASE.
Sigue en observacion con alertas controladas.
Requiere aprobacion manual para pasar a BASE.
2026-08-10 12:14:55 | OBSERVACION DE RED
Estado monitor: OBSERVACION
IP remota: 138.97.177.156
Puerto remoto: 43991
IP local: 172.19.19.119
Puerto local: 49698
Estado TCP: ESTABLISHED
PID: 5712
Aplicacion: RvControlSvc
Veces vista: 138
Ya fue vista antes y sigue fuera de BASE.
Sigue en observacion con alertas controladas.
Requiere aprobacion manual para pasar a BASE.
2026-08-10 12:14:55 | OBSERVACION DE RED
Estado monitor: OBSERVACION
IP remota: 138.97.177.156
Puerto remoto: 49708
IP local: 172.19.19.119
Puerto local: 49699
Estado TCP: ESTABLISHED
PID: 5712
Aplicacion: RvControlSvc
Veces vista: 25
Ya fue vista antes y sigue fuera de BASE.
Sigue en observacion con alertas controladas.
Requiere aprobacion manual para pasar a BASE.
2026-08-10 12:14:55 | OBSERVACION DE RED
Estado monitor: OBSERVACION
IP remota: 207.248.126.253
Puerto remoto: 56353
IP local: 172.19.19.119
Puerto local: 49700
Estado TCP: ESTABLISHED
PID: 5712
Aplicacion: RvControlSvc
Veces vista: 77
Ya fue vista antes y sigue fuera de BASE.
Sigue en observacion con alertas controladas.
Requiere aprobacion manual para pasar a BASE.
2026-08-10 12:14:55 | OBSERVACION DE RED
Estado monitor: OBSERVACION
IP remota: 138.97.177.156
Puerto remoto: 62945
IP local: 172.19.19.119
Puerto local: 49701
Estado TCP: ESTABLISHED
PID: 5712
Aplicacion: RvControlSvc
Veces vista: 128
Ya fue vista antes y sigue fuera de BASE.
Sigue en observacion con alertas controladas.
Requiere aprobacion manual para pasar a BASE.
2026-08-10 12:14:55 | OBSERVACION DE RED
Estado monitor: OBSERVACION
IP remota: 138.97.177.20
Puerto remoto: 50991
IP local: 172.19.19.119
Puerto local: 49702
Estado TCP: ESTABLISHED
PID: 5712
Aplicacion: RvControlSvc
Veces vista: 166
Ya fue vista antes y sigue fuera de BASE.
Sigue en observacion con alertas controladas.
Requiere aprobacion manual para pasar a BASE.
2026-08-10 12:14:55 | OBSERVACION DE RED
Estado monitor: OBSERVACION
IP remota: 138.97.177.80
Puerto remoto: 60690
IP local: 172.19.19.119
Puerto local: 49703
Estado TCP: ESTABLISHED
PID: 5712
Aplicacion: RvControlSvc
Veces vista: 124
Ya fue vista antes y sigue fuera de BASE.
Sigue en observacion con alertas controladas.
Requiere aprobacion manual para pasar a BASE.
2026-08-10 12:14:55 | OBSERVACION DE RED
Estado monitor: OBSERVACION
IP remota: 138.97.177.80
Puerto remoto: 64186
IP local: 172.19.19.119
Puerto local: 49704
Estado TCP: ESTABLISHED
PID: 5712
Aplicacion: RvControlSvc
Veces vista: 84
Ya fue vista antes y sigue fuera de BASE.
Sigue en observacion con alertas controladas.
Requiere aprobacion manual para pasar a BASE.
2026-08-10 12:14:55 | OBSERVACION DE RED
Estado monitor: OBSERVACION
IP remota: 168.90.73.130
Puerto remoto: 55558
IP local: 172.19.19.119
Puerto local: 49705
Estado TCP: ESTABLISHED
PID: 5712
Aplicacion: RvControlSvc
Veces vista: 113
Ya fue vista antes y sigue fuera de BASE.
Sigue en observacion con alertas controladas.
Requiere aprobacion manual para pasar a BASE.
2026-08-10 12:14:55 | OBSERVACION DE RED
Estado monitor: OBSERVACION
IP remota: 138.97.177.156
Puerto remoto: 63251
IP local: 172.19.19.119
Puerto local: 49706
Estado TCP: ESTABLISHED
PID: 5712
Aplicacion: RvControlSvc
Veces vista: 106
Ya fue vista antes y sigue fuera de BASE.
Sigue en observacion con alertas controladas.
Requiere aprobacion manual para pasar a BASE.
2026-08-10 12:14:55 | OBSERVACION DE RED
Estado monitor: OBSERVACION
IP remota: 172.19.19.196
Puerto remoto: 53778
IP local: 172.19.19.119
Puerto local: 49708
Estado TCP: ESTABLISHED
PID: 5712
Aplicacion: RvControlSvc
Veces vista: 22
Ya fue vista antes y sigue fuera de BASE.
Sigue en observacion con alertas controladas.
Requiere aprobacion manual para pasar a BASE.
2026-08-10 12:14:55 | OBSERVACION DE RED
Estado monitor: OBSERVACION
IP remota: 20.42.73.25
Puerto remoto: 443
IP local: 172.19.19.119
Puerto local: 52393
Estado TCP: ESTABLISHED
PID: 5544
Aplicacion: MpDefenderCoreService
Veces vista: 3
Ya fue vista antes y sigue fuera de BASE.
Sigue en observacion con alertas controladas.
Requiere aprobacion manual para pasar a BASE.
2026-08-10 12:14:55 | OBSERVACION DE RED
Estado monitor: OBSERVACION
IP remota: 172.217.114.4
Puerto remoto: 443
IP local: 172.19.19.119
Puerto local: 52463
Estado TCP: ESTABLISHED
PID: 21900
Aplicacion: language_server_windows_x64
Veces vista: 232
Ya fue vista antes y sigue fuera de BASE.
Sigue en observacion con alertas controladas.
Requiere aprobacion manual para pasar a BASE.
2026-08-10 12:14:55 | OBSERVACION DE RED
Estado monitor: OBSERVACION
IP remota: 142.251.128.67
Puerto remoto: 80
IP local: 172.19.19.119
Puerto local: 52465
Estado TCP: ESTABLISHED
PID: 5092
Aplicacion: svchost
Veces vista: 23
Ya fue vista antes y sigue fuera de BASE.
Sigue en observacion con alertas controladas.
Requiere aprobacion manual para pasar a BASE.
2026-08-10 12:14:55 | OBSERVACION DE RED
Estado monitor: OBSERVACION
IP remota: 20.184.175.7
Puerto remoto: 443
IP local: 172.19.19.119
Puerto local: 52467
Estado TCP: ESTABLISHED
PID: 4688
Aplicacion: OneDrive.Sync.Service
Veces vista: 3
Ya fue vista antes y sigue fuera de BASE.
Sigue en observacion con alertas controladas.
Requiere aprobacion manual para pasar a BASE.
2026-08-10 12:14:55 | OBSERVACION DE RED
Estado monitor: OBSERVACION
IP remota: 172.19.19.102
Puerto remoto: 4626
IP local: 172.19.19.119
Puerto local: 54710
Estado TCP: ESTABLISHED
PID: 5712
Aplicacion: RvControlSvc
Veces vista: 22
Ya fue vista antes y sigue fuera de BASE.
Sigue en observacion con alertas controladas.
Requiere aprobacion manual para pasar a BASE.
2026-08-10 12:14:55 | OBSERVACION DE RED
Estado monitor: OBSERVACION
IP remota: 172.19.19.128
Puerto remoto: 56340
IP local: 172.19.19.119
Puerto local: 54734
Estado TCP: ESTABLISHED
PID: 5712
Aplicacion: RvControlSvc
Veces vista: 22
Ya fue vista antes y sigue fuera de BASE.
Sigue en observacion con alertas controladas.
Requiere aprobacion manual para pasar a BASE.
2026-08-10 12:14:55 | OBSERVACION DE RED
Estado monitor: OBSERVACION
IP remota: 45.162.230.182
Puerto remoto: 17351
IP local: 172.19.19.119
Puerto local: 61910
Estado TCP: ESTABLISHED
PID: 5712
Aplicacion: RvControlSvc
Veces vista: 1993
Ya fue vista antes y sigue fuera de BASE.
Sigue en observacion con alertas controladas.
Requiere aprobacion manual para pasar a BASE.
2026-08-10 12:14:55 | OBSERVACION DE RED
Estado monitor: OBSERVACION
IP remota: 172.217.118.4
Puerto remoto: 443
IP local: 172.19.19.119
Puerto local: 63070
Estado TCP: ESTABLISHED
PID: 20888
Aplicacion: language_server_windows_x64
Veces vista: 304
Ya fue vista antes y sigue fuera de BASE.
Sigue en observacion con alertas controladas.
Requiere aprobacion manual para pasar a BASE.
2026-08-10 12:14:55 | OBSERVACION DE RED
Estado monitor: OBSERVACION
IP remota: 162.43.190.119
Puerto remoto: 443
IP local: 172.19.19.119
Puerto local: 64031
Estado TCP: ESTABLISHED
PID: 5064
Aplicacion: AnyDesk
Veces vista: 84
Ya fue vista antes y sigue fuera de BASE.
Sigue en observacion con alertas controladas.
Requiere aprobacion manual para pasar a BASE.
2026-08-10 12:14:55 | OBSERVACION DE RED
Estado monitor: OBSERVACION
Tipo: PUERTO EN ESCUCHA
IP local: 0.0.0.0
Puerto local: 135
Estado TCP: LISTENING
PID: 1808
Aplicacion: svchost
Veces vista: 3350
Ya fue vista antes y sigue fuera de BASE.
Sigue en observacion con alertas controladas.
Requiere aprobacion manual para pasar a BASE.
2026-08-10 12:14:55 | OBSERVACION DE RED
Estado monitor: OBSERVACION
Tipo: PUERTO EN ESCUCHA
IP local: 0.0.0.0
Puerto local: 445
Estado TCP: LISTENING
PID: 4
Aplicacion: System
Veces vista: 3350
Ya fue vista antes y sigue fuera de BASE.
Sigue en observacion con alertas controladas.
Requiere aprobacion manual para pasar a BASE.
2026-08-10 12:14:55 | OBSERVACION DE RED
Estado monitor: OBSERVACION
Tipo: PUERTO EN ESCUCHA
IP local: 0.0.0.0
Puerto local: 49664
Estado TCP: LISTENING
PID: 1516
Aplicacion: lsass
Veces vista: 3350
Ya fue vista antes y sigue fuera de BASE.
Sigue en observacion con alertas controladas.
Requiere aprobacion manual para pasar a BASE.
2026-08-10 12:14:55 | OBSERVACION DE RED
Estado monitor: OBSERVACION
Tipo: PUERTO EN ESCUCHA
IP local: 0.0.0.0
Puerto local: 49665
Estado TCP: LISTENING
PID: 1336
Aplicacion: wininit
Veces vista: 3350
Ya fue vista antes y sigue fuera de BASE.
Sigue en observacion con alertas controladas.
Requiere aprobacion manual para pasar a BASE.
2026-08-10 12:14:55 | OBSERVACION DE RED
Estado monitor: OBSERVACION
Tipo: PUERTO EN ESCUCHA
IP local: 0.0.0.0
Puerto local: 49666
Estado TCP: LISTENING
PID: 2520
Aplicacion: svchost
Veces vista: 3350
Ya fue vista antes y sigue fuera de BASE.
Sigue en observacion con alertas controladas.
Requiere aprobacion manual para pasar a BASE.
2026-08-10 12:14:55 | OBSERVACION DE RED
Estado monitor: OBSERVACION
Tipo: PUERTO EN ESCUCHA
IP local: 0.0.0.0
Puerto local: 49667
Estado TCP: LISTENING
PID: 3316
Aplicacion: svchost
Veces vista: 3350
Ya fue vista antes y sigue fuera de BASE.
Sigue en observacion con alertas controladas.
Requiere aprobacion manual para pasar a BASE.
2026-08-10 12:14:55 | OBSERVACION DE RED
Estado monitor: OBSERVACION
Tipo: PUERTO EN ESCUCHA
IP local: 0.0.0.0
Puerto local: 49668
Estado TCP: LISTENING
PID: 4872
Aplicacion: spoolsv
Veces vista: 3350
Ya fue vista antes y sigue fuera de BASE.
Sigue en observacion con alertas controladas.
Requiere aprobacion manual para pasar a BASE.
2026-08-10 12:14:55 | OBSERVACION DE RED
Estado monitor: OBSERVACION
Tipo: PUERTO EN ESCUCHA
IP local: 0.0.0.0
Puerto local: 49670
Estado TCP: LISTENING
PID: 1488
Aplicacion: services
Veces vista: 2087
Ya fue vista antes y sigue fuera de BASE.
Sigue en observacion con alertas controladas.
Requiere aprobacion manual para pasar a BASE.
2026-08-10 12:14:55 | OBSERVACION DE RED
Estado monitor: OBSERVACION
Tipo: PUERTO EN ESCUCHA
IP local: 0.0.0.0
Puerto local: 5040
Estado TCP: LISTENING
PID: 12640
Aplicacion: svchost
Veces vista: 3346
Ya fue vista antes y sigue fuera de BASE.
Sigue en observacion con alertas controladas.
Requiere aprobacion manual para pasar a BASE.
2026-08-10 12:14:55 | OBSERVACION DE RED
Estado monitor: OBSERVACION
Tipo: PUERTO EN ESCUCHA
IP local: 0.0.0.0
Puerto local: 7070
Estado TCP: LISTENING
PID: 5064
Aplicacion: AnyDesk
Veces vista: 2745
Ya fue vista antes y sigue fuera de BASE.
Sigue en observacion con alertas controladas.
Requiere aprobacion manual para pasar a BASE.
2026-08-10 12:14:55 | OBSERVACION DE RED
Estado monitor: OBSERVACION
Tipo: PUERTO EN ESCUCHA
IP local: 127.0.0.1
Puerto local: 50824
Estado TCP: LISTENING
PID: 11028
Aplicacion: Antigravity IDE
Veces vista: 10
Ya fue vista antes y sigue fuera de BASE.
Sigue en observacion con alertas controladas.
Requiere aprobacion manual para pasar a BASE.
2026-08-10 12:14:55 | OBSERVACION DE RED
Estado monitor: OBSERVACION
Tipo: PUERTO EN ESCUCHA
IP local: 127.0.0.1
Puerto local: 50825
Estado TCP: LISTENING
PID: 11028
Aplicacion: Antigravity IDE
Veces vista: 10
Ya fue vista antes y sigue fuera de BASE.
Sigue en observacion con alertas controladas.
Requiere aprobacion manual para pasar a BASE.
2026-08-10 12:14:55 | OBSERVACION DE RED
Estado monitor: OBSERVACION
Tipo: PUERTO EN ESCUCHA
IP local: 127.0.0.1
Puerto local: 50827
Estado TCP: LISTENING
PID: 20888
Aplicacion: language_server_windows_x64
Veces vista: 10
Ya fue vista antes y sigue fuera de BASE.
Sigue en observacion con alertas controladas.
Requiere aprobacion manual para pasar a BASE.
2026-08-10 12:14:55 | OBSERVACION DE RED
Estado monitor: OBSERVACION
Tipo: PUERTO EN ESCUCHA
IP local: 127.0.0.1
Puerto local: 50828
Estado TCP: LISTENING
PID: 20888
Aplicacion: language_server_windows_x64
Veces vista: 10
Ya fue vista antes y sigue fuera de BASE.
Sigue en observacion con alertas controladas.
Requiere aprobacion manual para pasar a BASE.
2026-08-10 12:14:55 | OBSERVACION DE RED
Estado monitor: OBSERVACION
Tipo: PUERTO EN ESCUCHA
IP local: 127.0.0.1
Puerto local: 51330
Estado TCP: LISTENING
PID: 21900
Aplicacion: language_server_windows_x64
Veces vista: 10
Ya fue vista antes y sigue fuera de BASE.
Sigue en observacion con alertas controladas.
Requiere aprobacion manual para pasar a BASE.
2026-08-10 12:14:55 | OBSERVACION DE RED
Estado monitor: OBSERVACION
Tipo: PUERTO EN ESCUCHA
IP local: 127.0.0.1
Puerto local: 5939
Estado TCP: LISTENING
PID: 5860
Aplicacion: TeamViewer_Service
Veces vista: 413
Ya fue vista antes y sigue fuera de BASE.
Sigue en observacion con alertas controladas.
Requiere aprobacion manual para pasar a BASE.
2026-08-10 12:14:55 | OBSERVACION DE RED
Estado monitor: OBSERVACION
Tipo: PUERTO EN ESCUCHA
IP local: 127.0.0.1
Puerto local: 64876
Estado TCP: LISTENING
PID: 15152
Aplicacion: Antigravity IDE
Veces vista: 10
Ya fue vista antes y sigue fuera de BASE.
Sigue en observacion con alertas controladas.
Requiere aprobacion manual para pasar a BASE.
2026-08-10 12:14:55 | OBSERVACION DE RED
Estado monitor: OBSERVACION
Tipo: PUERTO EN ESCUCHA
IP local: 127.0.0.1
Puerto local: 64878
Estado TCP: LISTENING
PID: 21900
Aplicacion: language_server_windows_x64
Veces vista: 10
Ya fue vista antes y sigue fuera de BASE.
Sigue en observacion con alertas controladas.
Requiere aprobacion manual para pasar a BASE.
2026-08-10 12:14:55 | OBSERVACION DE RED
Estado monitor: OBSERVACION
Tipo: PUERTO EN ESCUCHA
IP local: 127.0.0.1
Puerto local: 64879
Estado TCP: LISTENING
PID: 21900
Aplicacion: language_server_windows_x64
Veces vista: 10
Ya fue vista antes y sigue fuera de BASE.
Sigue en observacion con alertas controladas.
Requiere aprobacion manual para pasar a BASE.
2026-08-10 12:14:55 | OBSERVACION DE RED
Estado monitor: OBSERVACION
Tipo: PUERTO EN ESCUCHA
IP local: 172.19.19.119
Puerto local: 139
Estado TCP: LISTENING
PID: 4
Aplicacion: System
Veces vista: 105
Ya fue vista antes y sigue fuera de BASE.
Sigue en observacion con alertas controladas.
Requiere aprobacion manual para pasar a BASE.
2026-08-10 12:14:55 | OBSERVACION DE RED
Estado monitor: OBSERVACION
Tipo: PUERTO EN ESCUCHA
IP local: 172.19.19.119
Puerto local: 49682
Estado TCP: LISTENING
PID: 5712
Aplicacion: RvControlSvc
Veces vista: 22
Ya fue vista antes y sigue fuera de BASE.
Sigue en observacion con alertas controladas.
Requiere aprobacion manual para pasar a BASE.
2026-08-10 12:14:55 | OBSERVACION DE RED
Estado monitor: OBSERVACION
Tipo: PUERTO EN ESCUCHA
IP local: 192.168.56.1
Puerto local: 139
Estado TCP: LISTENING
PID: 4
Aplicacion: System
Veces vista: 3348
Ya fue vista antes y sigue fuera de BASE.
Sigue en observacion con alertas controladas.
Requiere aprobacion manual para pasar a BASE.
2026-08-10 12:14:55 | OBSERVACION DE RED
Estado monitor: OBSERVACION
Tipo: PUERTO EN ESCUCHA
IP local: 26.137.80.247
Puerto local: 139
Estado TCP: LISTENING
PID: 4
Aplicacion: System
Veces vista: 3306
Ya fue vista antes y sigue fuera de BASE.
Sigue en observacion con alertas controladas.
Requiere aprobacion manual para pasar a BASE.
2026-08-10 12:14:58 | Escaneo completado. Conexiones=107 Alertas=0 Observaciones=46 LearningMode=False
2026-08-10 12:24:54 | OBSERVACION DE RED
Estado monitor: OBSERVACION
IP remota: 172.19.19.107
Puerto remoto: 8009
IP local: 172.19.19.119
Puerto local: 54753
Estado TCP: ESTABLISHED
PID: 19104
Aplicacion: chrome
Veces vista: 22
Ya fue vista antes y sigue fuera de BASE.
Sigue en observacion con alertas controladas.
Requiere aprobacion manual para pasar a BASE.
2026-08-10 12:24:54 | OBSERVACION DE RED
Estado monitor: OBSERVACION
IP remota: 142.251.0.188
Puerto remoto: 5228
IP local: 172.19.19.119
Puerto local: 55160
Estado TCP: ESTABLISHED
PID: 19104
Aplicacion: chrome
Veces vista: 502
Ya fue vista antes y sigue fuera de BASE.
Sigue en observacion con alertas controladas.
Requiere aprobacion manual para pasar a BASE.
2026-08-10 12:24:54 | OBSERVACION DE RED
Estado monitor: OBSERVACION
IP remota: 142.251.128.131
Puerto remoto: 443
IP local: 172.19.19.119
Puerto local: 62302
Estado TCP: ESTABLISHED
PID: 19104
Aplicacion: chrome
Veces vista: 88
Ya fue vista antes y sigue fuera de BASE.
Sigue en observacion con alertas controladas.
Requiere aprobacion manual para pasar a BASE.
2026-08-10 12:24:54 | NUEVA CONEXION DETECTADA
Estado monitor: NUEVA
IP remota: 20.42.72.131
Puerto remoto: 443
IP local: 172.19.19.119
Puerto local: 62303
Estado TCP: ESTABLISHED
PID: 7940
Aplicacion: olk
Veces vista: 1
2026-08-10 12:24:54 | OBSERVACION DE RED
Estado monitor: OBSERVACION
IP remota: 172.19.19.127
Puerto remoto: 57521
IP local: 172.19.19.119
Puerto local: 64851
Estado TCP: ESTABLISHED
PID: 5712
Aplicacion: RvControlSvc
Veces vista: 10
Ya fue vista antes y sigue fuera de BASE.
Sigue en observacion con alertas controladas.
Requiere aprobacion manual para pasar a BASE.
2026-08-10 12:24:54 | OBSERVACION DE RED
Estado monitor: OBSERVACION
Tipo: PUERTO EN ESCUCHA
IP local: 0.0.0.0
Puerto local: 59952
Estado TCP: LISTENING
PID: 5712
Aplicacion: RvControlSvc
Veces vista: 4
Ya fue vista antes y sigue fuera de BASE.
Sigue en observacion con alertas controladas.
Requiere aprobacion manual para pasar a BASE.
2026-08-10 12:24:57 | Escaneo completado. Conexiones=99 Alertas=0 Observaciones=6 LearningMode=False
2026-08-10 12:34:57 | OBSERVACION DE RED
Estado monitor: OBSERVACION
IP remota: 207.248.124.93
Puerto remoto: 52062
IP local: 172.19.19.119
Puerto local: 49682
Estado TCP: ESTABLISHED
PID: 5712
Aplicacion: RvControlSvc
Veces vista: 13
Ya fue vista antes y sigue fuera de BASE.
Sigue en observacion con alertas controladas.
Requiere aprobacion manual para pasar a BASE.
2026-08-10 12:34:57 | OBSERVACION DE RED
Estado monitor: OBSERVACION
IP remota: 64.233.186.84
Puerto remoto: 443
IP local: 172.19.19.119
Puerto local: 56009
Estado TCP: ESTABLISHED
PID: 19104
Aplicacion: chrome
Veces vista: 87
Ya fue vista antes y sigue fuera de BASE.
Sigue en observacion con alertas controladas.
Requiere aprobacion manual para pasar a BASE.
2026-08-10 12:34:57 | OBSERVACION DE RED
Estado monitor: OBSERVACION
IP remota: 198.244.203.247
Puerto remoto: 17301
IP local: 172.19.19.119
Puerto local: 60653
Estado TCP: ESTABLISHED
PID: 5712
Aplicacion: RvControlSvc
Veces vista: 30
Ya fue vista antes y sigue fuera de BASE.
Sigue en observacion con alertas controladas.
Requiere aprobacion manual para pasar a BASE.
2026-08-10 12:34:57 | OBSERVACION DE RED
Estado monitor: OBSERVACION
IP remota: 142.251.133.234
Puerto remoto: 443
IP local: 172.19.19.119
Puerto local: 64949
Estado TCP: ESTABLISHED
PID: 19104
Aplicacion: chrome
Veces vista: 87
Ya fue vista antes y sigue fuera de BASE.
Sigue en observacion con alertas controladas.
Requiere aprobacion manual para pasar a BASE.
2026-08-10 12:34:57 | OBSERVACION DE RED
Estado monitor: OBSERVACION
IP remota: 142.251.128.129
Puerto remoto: 443
IP local: 172.19.19.119
Puerto local: 64952
Estado TCP: ESTABLISHED
PID: 21900
Aplicacion: language_server_windows_x64
Veces vista: 38
Ya fue vista antes y sigue fuera de BASE.
Sigue en observacion con alertas controladas.
Requiere aprobacion manual para pasar a BASE.
2026-08-10 12:34:57 | OBSERVACION DE RED
Estado monitor: OBSERVACION
Tipo: PUERTO EN ESCUCHA
IP local: 0.0.0.0
Puerto local: 56010
Estado TCP: LISTENING
PID: 5064
Aplicacion: AnyDesk
Veces vista: 1
Sigue en observacion con alertas controladas.
Requiere aprobacion manual para pasar a BASE.
2026-08-10 12:34:57 | OBSERVACION DE RED
Estado monitor: OBSERVACION
Tipo: PUERTO EN ESCUCHA
IP local: 0.0.0.0
Puerto local: 60654
Estado TCP: LISTENING
PID: 5712
Aplicacion: RvControlSvc
Veces vista: 1
Sigue en observacion con alertas controladas.
Requiere aprobacion manual para pasar a BASE.
2026-08-10 12:34:57 | OBSERVACION DE RED
Estado monitor: OBSERVACION
Tipo: PUERTO EN ESCUCHA
IP local: 0.0.0.0
Puerto local: 64955
Estado TCP: LISTENING
PID: 5712
Aplicacion: RvControlSvc
Veces vista: 1
Sigue en observacion con alertas controladas.
Requiere aprobacion manual para pasar a BASE.
2026-08-10 12:34:57 | OBSERVACION DE RED
Estado monitor: OBSERVACION
Tipo: PUERTO EN ESCUCHA
IP local: 172.19.19.119
Puerto local: 60653
Estado TCP: LISTENING
PID: 5712
Aplicacion: RvControlSvc
Veces vista: 1
Sigue en observacion con alertas controladas.
Requiere aprobacion manual para pasar a BASE.
2026-08-10 12:35:00 | Escaneo completado. Conexiones=125 Alertas=0 Observaciones=9 LearningMode=False
2026-08-10 12:44:57 | OBSERVACION DE RED
Estado monitor: OBSERVACION
IP remota: 138.97.177.156
Puerto remoto: 62772
IP local: 172.19.19.119
Puerto local: 49682
Estado TCP: ESTABLISHED
PID: 5712
Aplicacion: RvControlSvc
Veces vista: 16
Ya fue vista antes y sigue fuera de BASE.
Sigue en observacion con alertas controladas.
Requiere aprobacion manual para pasar a BASE.
2026-08-10 12:44:57 | OBSERVACION DE RED
Estado monitor: OBSERVACION
IP remota: 148.113.190.78
Puerto remoto: 17301
IP local: 172.19.19.119
Puerto local: 49682
Estado TCP: ESTABLISHED
PID: 5712
Aplicacion: RvControlSvc
Veces vista: 972
Ya fue vista antes y sigue fuera de BASE.
Sigue en observacion con alertas controladas.
Requiere aprobacion manual para pasar a BASE.
2026-08-10 12:44:57 | OBSERVACION DE RED
Estado monitor: OBSERVACION
IP remota: 190.122.181.20
Puerto remoto: 52371
IP local: 172.19.19.119
Puerto local: 49689
Estado TCP: ESTABLISHED
PID: 5712
Aplicacion: RvControlSvc
Veces vista: 25
Ya fue vista antes y sigue fuera de BASE.
Sigue en observacion con alertas controladas.
Requiere aprobacion manual para pasar a BASE.
2026-08-10 12:44:57 | OBSERVACION DE RED
Estado monitor: OBSERVACION
IP remota: 138.97.177.156
Puerto remoto: 28943
IP local: 172.19.19.119
Puerto local: 49693
Estado TCP: ESTABLISHED
PID: 5712
Aplicacion: RvControlSvc
Veces vista: 25
Ya fue vista antes y sigue fuera de BASE.
Sigue en observacion con alertas controladas.
Requiere aprobacion manual para pasar a BASE.
2026-08-10 12:44:57 | OBSERVACION DE RED
Estado monitor: OBSERVACION
IP remota: 138.97.177.156
Puerto remoto: 43991
IP local: 172.19.19.119
Puerto local: 49698
Estado TCP: ESTABLISHED
PID: 5712
Aplicacion: RvControlSvc
Veces vista: 141
Ya fue vista antes y sigue fuera de BASE.
Sigue en observacion con alertas controladas.
Requiere aprobacion manual para pasar a BASE.
2026-08-10 12:44:57 | OBSERVACION DE RED
Estado monitor: OBSERVACION
IP remota: 138.97.177.156
Puerto remoto: 49708
IP local: 172.19.19.119
Puerto local: 49699
Estado TCP: ESTABLISHED
PID: 5712
Aplicacion: RvControlSvc
Veces vista: 28
Ya fue vista antes y sigue fuera de BASE.
Sigue en observacion con alertas controladas.
Requiere aprobacion manual para pasar a BASE.
2026-08-10 12:44:57 | OBSERVACION DE RED
Estado monitor: OBSERVACION
IP remota: 207.248.126.253
Puerto remoto: 56353
IP local: 172.19.19.119
Puerto local: 49700
Estado TCP: ESTABLISHED
PID: 5712
Aplicacion: RvControlSvc
Veces vista: 80
Ya fue vista antes y sigue fuera de BASE.
Sigue en observacion con alertas controladas.
Requiere aprobacion manual para pasar a BASE.
2026-08-10 12:44:57 | OBSERVACION DE RED
Estado monitor: OBSERVACION
IP remota: 138.97.177.156
Puerto remoto: 62945
IP local: 172.19.19.119
Puerto local: 49701
Estado TCP: ESTABLISHED
PID: 5712
Aplicacion: RvControlSvc
Veces vista: 131
Ya fue vista antes y sigue fuera de BASE.
Sigue en observacion con alertas controladas.
Requiere aprobacion manual para pasar a BASE.
2026-08-10 12:44:57 | OBSERVACION DE RED
Estado monitor: OBSERVACION
IP remota: 138.97.177.20
Puerto remoto: 50991
IP local: 172.19.19.119
Puerto local: 49702
Estado TCP: ESTABLISHED
PID: 5712
Aplicacion: RvControlSvc
Veces vista: 169
Ya fue vista antes y sigue fuera de BASE.
Sigue en observacion con alertas controladas.
Requiere aprobacion manual para pasar a BASE.
2026-08-10 12:44:57 | OBSERVACION DE RED
Estado monitor: OBSERVACION
IP remota: 138.97.177.80
Puerto remoto: 60690
IP local: 172.19.19.119
Puerto local: 49703
Estado TCP: ESTABLISHED
PID: 5712
Aplicacion: RvControlSvc
Veces vista: 127
Ya fue vista antes y sigue fuera de BASE.
Sigue en observacion con alertas controladas.
Requiere aprobacion manual para pasar a BASE.
2026-08-10 12:44:57 | OBSERVACION DE RED
Estado monitor: OBSERVACION
IP remota: 138.97.177.80
Puerto remoto: 64186
IP local: 172.19.19.119
Puerto local: 49704
Estado TCP: ESTABLISHED
PID: 5712
Aplicacion: RvControlSvc
Veces vista: 87
Ya fue vista antes y sigue fuera de BASE.
Sigue en observacion con alertas controladas.
Requiere aprobacion manual para pasar a BASE.
2026-08-10 12:44:57 | OBSERVACION DE RED
Estado monitor: OBSERVACION
IP remota: 168.90.73.130
Puerto remoto: 55558
IP local: 172.19.19.119
Puerto local: 49705
Estado TCP: ESTABLISHED
PID: 5712
Aplicacion: RvControlSvc
Veces vista: 116
Ya fue vista antes y sigue fuera de BASE.
Sigue en observacion con alertas controladas.
Requiere aprobacion manual para pasar a BASE.
2026-08-10 12:44:57 | OBSERVACION DE RED
Estado monitor: OBSERVACION
IP remota: 138.97.177.156
Puerto remoto: 63251
IP local: 172.19.19.119
Puerto local: 49706
Estado TCP: ESTABLISHED
PID: 5712
Aplicacion: RvControlSvc
Veces vista: 109
Ya fue vista antes y sigue fuera de BASE.
Sigue en observacion con alertas controladas.
Requiere aprobacion manual para pasar a BASE.
2026-08-10 12:44:57 | OBSERVACION DE RED
Estado monitor: OBSERVACION
IP remota: 172.19.19.196
Puerto remoto: 53778
IP local: 172.19.19.119
Puerto local: 49708
Estado TCP: ESTABLISHED
PID: 5712
Aplicacion: RvControlSvc
Veces vista: 25
Ya fue vista antes y sigue fuera de BASE.
Sigue en observacion con alertas controladas.
Requiere aprobacion manual para pasar a BASE.
2026-08-10 12:44:57 | OBSERVACION DE RED
Estado monitor: OBSERVACION
IP remota: 172.217.114.4
Puerto remoto: 443
IP local: 172.19.19.119
Puerto local: 54334
Estado TCP: ESTABLISHED
PID: 21900
Aplicacion: language_server_windows_x64
Veces vista: 238
Ya fue vista antes y sigue fuera de BASE.
Sigue en observacion con alertas controladas.
Requiere aprobacion manual para pasar a BASE.
2026-08-10 12:44:57 | OBSERVACION DE RED
Estado monitor: OBSERVACION
IP remota: 172.217.115.4
Puerto remoto: 443
IP local: 172.19.19.119
Puerto local: 54546
Estado TCP: ESTABLISHED
PID: 20888
Aplicacion: language_server_windows_x64
Veces vista: 272
Ya fue vista antes y sigue fuera de BASE.
Sigue en observacion con alertas controladas.
Requiere aprobacion manual para pasar a BASE.
2026-08-10 12:44:57 | OBSERVACION DE RED
Estado monitor: OBSERVACION
IP remota: 200.42.122.18
Puerto remoto: 443
IP local: 172.19.19.119
Puerto local: 54558
Estado TCP: ESTABLISHED
PID: 5536
Aplicacion: servicehost
Veces vista: 42
Ya fue vista antes y sigue fuera de BASE.
Sigue en observacion con alertas controladas.
Requiere aprobacion manual para pasar a BASE.
2026-08-10 12:44:57 | OBSERVACION DE RED
Estado monitor: OBSERVACION
IP remota: 200.42.122.32
Puerto remoto: 443
IP local: 172.19.19.119
Puerto local: 54559
Estado TCP: ESTABLISHED
PID: 14408
Aplicacion: Widgets
Veces vista: 4
Ya fue vista antes y sigue fuera de BASE.
Sigue en observacion con alertas controladas.
Requiere aprobacion manual para pasar a BASE.
2026-08-10 12:44:57 | OBSERVACION DE RED
Estado monitor: OBSERVACION
IP remota: 200.42.122.18
Puerto remoto: 443
IP local: 172.19.19.119
Puerto local: 54560
Estado TCP: ESTABLISHED
PID: 5868
Aplicacion: mc-fw-host
Veces vista: 50
Ya fue vista antes y sigue fuera de BASE.
Sigue en observacion con alertas controladas.
Requiere aprobacion manual para pasar a BASE.
2026-08-10 12:44:57 | OBSERVACION DE RED
Estado monitor: OBSERVACION
IP remota: 20.42.73.25
Puerto remoto: 443
IP local: 172.19.19.119
Puerto local: 54561
Estado TCP: ESTABLISHED
PID: 5544
Aplicacion: MpDefenderCoreService
Veces vista: 4
Ya fue vista antes y sigue fuera de BASE.
Sigue en observacion con alertas controladas.
Requiere aprobacion manual para pasar a BASE.
2026-08-10 12:44:57 | OBSERVACION DE RED
Estado monitor: OBSERVACION
IP remota: 172.19.19.128
Puerto remoto: 56340
IP local: 172.19.19.119
Puerto local: 54734
Estado TCP: ESTABLISHED
PID: 5712
Aplicacion: RvControlSvc
Veces vista: 25
Ya fue vista antes y sigue fuera de BASE.
Sigue en observacion con alertas controladas.
Requiere aprobacion manual para pasar a BASE.
2026-08-10 12:44:57 | OBSERVACION DE RED
Estado monitor: OBSERVACION
IP remota: 162.43.190.119
Puerto remoto: 443
IP local: 172.19.19.119
Puerto local: 56010
Estado TCP: ESTABLISHED
PID: 5064
Aplicacion: AnyDesk
Veces vista: 87
Ya fue vista antes y sigue fuera de BASE.
Sigue en observacion con alertas controladas.
Requiere aprobacion manual para pasar a BASE.
2026-08-10 12:44:57 | OBSERVACION DE RED
Estado monitor: OBSERVACION
IP remota: 20.42.73.24
Puerto remoto: 443
IP local: 172.19.19.119
Puerto local: 57277
Estado TCP: ESTABLISHED
PID: 4688
Aplicacion: OneDrive.Sync.Service
Veces vista: 13
Ya fue vista antes y sigue fuera de BASE.
Sigue en observacion con alertas controladas.
Requiere aprobacion manual para pasar a BASE.
2026-08-10 12:44:57 | OBSERVACION DE RED
Estado monitor: OBSERVACION
IP remota: 45.162.230.182
Puerto remoto: 17351
IP local: 172.19.19.119
Puerto local: 57409
Estado TCP: ESTABLISHED
PID: 5712
Aplicacion: RvControlSvc
Veces vista: 2000
Ya fue vista antes y sigue fuera de BASE.
Sigue en observacion con alertas controladas.
Requiere aprobacion manual para pasar a BASE.
2026-08-10 12:44:57 | OBSERVACION DE RED
Estado monitor: OBSERVACION
Tipo: PUERTO EN ESCUCHA
IP local: 0.0.0.0
Puerto local: 135
Estado TCP: LISTENING
PID: 1808
Aplicacion: svchost
Veces vista: 3353
Ya fue vista antes y sigue fuera de BASE.
Sigue en observacion con alertas controladas.
Requiere aprobacion manual para pasar a BASE.
2026-08-10 12:44:57 | OBSERVACION DE RED
Estado monitor: OBSERVACION
Tipo: PUERTO EN ESCUCHA
IP local: 0.0.0.0
Puerto local: 445
Estado TCP: LISTENING
PID: 4
Aplicacion: System
Veces vista: 3353
Ya fue vista antes y sigue fuera de BASE.
Sigue en observacion con alertas controladas.
Requiere aprobacion manual para pasar a BASE.
2026-08-10 12:44:57 | OBSERVACION DE RED
Estado monitor: OBSERVACION
Tipo: PUERTO EN ESCUCHA
IP local: 0.0.0.0
Puerto local: 49664
Estado TCP: LISTENING
PID: 1516
Aplicacion: lsass
Veces vista: 3353
Ya fue vista antes y sigue fuera de BASE.
Sigue en observacion con alertas controladas.
Requiere aprobacion manual para pasar a BASE.
2026-08-10 12:44:57 | OBSERVACION DE RED
Estado monitor: OBSERVACION
Tipo: PUERTO EN ESCUCHA
IP local: 0.0.0.0
Puerto local: 49665
Estado TCP: LISTENING
PID: 1336
Aplicacion: wininit
Veces vista: 3353
Ya fue vista antes y sigue fuera de BASE.
Sigue en observacion con alertas controladas.
Requiere aprobacion manual para pasar a BASE.
2026-08-10 12:44:57 | OBSERVACION DE RED
Estado monitor: OBSERVACION
Tipo: PUERTO EN ESCUCHA
IP local: 0.0.0.0
Puerto local: 49666
Estado TCP: LISTENING
PID: 2520
Aplicacion: svchost
Veces vista: 3353
Ya fue vista antes y sigue fuera de BASE.
Sigue en observacion con alertas controladas.
Requiere aprobacion manual para pasar a BASE.
2026-08-10 12:44:57 | OBSERVACION DE RED
Estado monitor: OBSERVACION
Tipo: PUERTO EN ESCUCHA
IP local: 0.0.0.0
Puerto local: 49667
Estado TCP: LISTENING
PID: 3316
Aplicacion: svchost
Veces vista: 3353
Ya fue vista antes y sigue fuera de BASE.
Sigue en observacion con alertas controladas.
Requiere aprobacion manual para pasar a BASE.
2026-08-10 12:44:57 | OBSERVACION DE RED
Estado monitor: OBSERVACION
Tipo: PUERTO EN ESCUCHA
IP local: 0.0.0.0
Puerto local: 49668
Estado TCP: LISTENING
PID: 4872
Aplicacion: spoolsv
Veces vista: 3353
Ya fue vista antes y sigue fuera de BASE.
Sigue en observacion con alertas controladas.
Requiere aprobacion manual para pasar a BASE.
2026-08-10 12:44:57 | OBSERVACION DE RED
Estado monitor: OBSERVACION
Tipo: PUERTO EN ESCUCHA
IP local: 0.0.0.0
Puerto local: 49670
Estado TCP: LISTENING
PID: 1488
Aplicacion: services
Veces vista: 2090
Ya fue vista antes y sigue fuera de BASE.
Sigue en observacion con alertas controladas.
Requiere aprobacion manual para pasar a BASE.
2026-08-10 12:44:57 | OBSERVACION DE RED
Estado monitor: OBSERVACION
Tipo: PUERTO EN ESCUCHA
IP local: 0.0.0.0
Puerto local: 5040
Estado TCP: LISTENING
PID: 12640
Aplicacion: svchost
Veces vista: 3349
Ya fue vista antes y sigue fuera de BASE.
Sigue en observacion con alertas controladas.
Requiere aprobacion manual para pasar a BASE.
2026-08-10 12:44:57 | OBSERVACION DE RED
Estado monitor: OBSERVACION
Tipo: PUERTO EN ESCUCHA
IP local: 0.0.0.0
Puerto local: 54551
Estado TCP: LISTENING
PID: 5712
Aplicacion: RvControlSvc
Veces vista: 1
Sigue en observacion con alertas controladas.
Requiere aprobacion manual para pasar a BASE.
2026-08-10 12:44:57 | OBSERVACION DE RED
Estado monitor: OBSERVACION
Tipo: PUERTO EN ESCUCHA
IP local: 0.0.0.0
Puerto local: 7070
Estado TCP: LISTENING
PID: 5064
Aplicacion: AnyDesk
Veces vista: 2748
Ya fue vista antes y sigue fuera de BASE.
Sigue en observacion con alertas controladas.
Requiere aprobacion manual para pasar a BASE.
2026-08-10 12:44:57 | OBSERVACION DE RED
Estado monitor: OBSERVACION
Tipo: PUERTO EN ESCUCHA
IP local: 127.0.0.1
Puerto local: 50824
Estado TCP: LISTENING
PID: 11028
Aplicacion: Antigravity IDE
Veces vista: 13
Ya fue vista antes y sigue fuera de BASE.
Sigue en observacion con alertas controladas.
Requiere aprobacion manual para pasar a BASE.
2026-08-10 12:44:57 | OBSERVACION DE RED
Estado monitor: OBSERVACION
Tipo: PUERTO EN ESCUCHA
IP local: 127.0.0.1
Puerto local: 50825
Estado TCP: LISTENING
PID: 11028
Aplicacion: Antigravity IDE
Veces vista: 13
Ya fue vista antes y sigue fuera de BASE.
Sigue en observacion con alertas controladas.
Requiere aprobacion manual para pasar a BASE.
2026-08-10 12:44:57 | OBSERVACION DE RED
Estado monitor: OBSERVACION
Tipo: PUERTO EN ESCUCHA
IP local: 127.0.0.1
Puerto local: 50827
Estado TCP: LISTENING
PID: 20888
Aplicacion: language_server_windows_x64
Veces vista: 13
Ya fue vista antes y sigue fuera de BASE.
Sigue en observacion con alertas controladas.
Requiere aprobacion manual para pasar a BASE.
2026-08-10 12:44:57 | OBSERVACION DE RED
Estado monitor: OBSERVACION
Tipo: PUERTO EN ESCUCHA
IP local: 127.0.0.1
Puerto local: 50828
Estado TCP: LISTENING
PID: 20888
Aplicacion: language_server_windows_x64
Veces vista: 13
Ya fue vista antes y sigue fuera de BASE.
Sigue en observacion con alertas controladas.
Requiere aprobacion manual para pasar a BASE.
2026-08-10 12:44:57 | OBSERVACION DE RED
Estado monitor: OBSERVACION
Tipo: PUERTO EN ESCUCHA
IP local: 127.0.0.1
Puerto local: 51330
Estado TCP: LISTENING
PID: 21900
Aplicacion: language_server_windows_x64
Veces vista: 13
Ya fue vista antes y sigue fuera de BASE.
Sigue en observacion con alertas controladas.
Requiere aprobacion manual para pasar a BASE.
2026-08-10 12:44:57 | OBSERVACION DE RED
Estado monitor: OBSERVACION
Tipo: PUERTO EN ESCUCHA
IP local: 127.0.0.1
Puerto local: 5939
Estado TCP: LISTENING
PID: 5860
Aplicacion: TeamViewer_Service
Veces vista: 416
Ya fue vista antes y sigue fuera de BASE.
Sigue en observacion con alertas controladas.
Requiere aprobacion manual para pasar a BASE.
2026-08-10 12:44:57 | OBSERVACION DE RED
Estado monitor: OBSERVACION
Tipo: PUERTO EN ESCUCHA
IP local: 127.0.0.1
Puerto local: 64876
Estado TCP: LISTENING
PID: 15152
Aplicacion: Antigravity IDE
Veces vista: 13
Ya fue vista antes y sigue fuera de BASE.
Sigue en observacion con alertas controladas.
Requiere aprobacion manual para pasar a BASE.
2026-08-10 12:44:57 | OBSERVACION DE RED
Estado monitor: OBSERVACION
Tipo: PUERTO EN ESCUCHA
IP local: 127.0.0.1
Puerto local: 64878
Estado TCP: LISTENING
PID: 21900
Aplicacion: language_server_windows_x64
Veces vista: 13
Ya fue vista antes y sigue fuera de BASE.
Sigue en observacion con alertas controladas.
Requiere aprobacion manual para pasar a BASE.
2026-08-10 12:44:57 | OBSERVACION DE RED
Estado monitor: OBSERVACION
Tipo: PUERTO EN ESCUCHA
IP local: 127.0.0.1
Puerto local: 64879
Estado TCP: LISTENING
PID: 21900
Aplicacion: language_server_windows_x64
Veces vista: 13
Ya fue vista antes y sigue fuera de BASE.
Sigue en observacion con alertas controladas.
Requiere aprobacion manual para pasar a BASE.
2026-08-10 12:44:57 | OBSERVACION DE RED
Estado monitor: OBSERVACION
Tipo: PUERTO EN ESCUCHA
IP local: 172.19.19.119
Puerto local: 139
Estado TCP: LISTENING
PID: 4
Aplicacion: System
Veces vista: 108
Ya fue vista antes y sigue fuera de BASE.
Sigue en observacion con alertas controladas.
Requiere aprobacion manual para pasar a BASE.
2026-08-10 12:44:57 | OBSERVACION DE RED
Estado monitor: OBSERVACION
Tipo: PUERTO EN ESCUCHA
IP local: 172.19.19.119
Puerto local: 49682
Estado TCP: LISTENING
PID: 5712
Aplicacion: RvControlSvc
Veces vista: 25
Ya fue vista antes y sigue fuera de BASE.
Sigue en observacion con alertas controladas.
Requiere aprobacion manual para pasar a BASE.
2026-08-10 12:44:57 | OBSERVACION DE RED
Estado monitor: OBSERVACION
Tipo: PUERTO EN ESCUCHA
IP local: 192.168.56.1
Puerto local: 139
Estado TCP: LISTENING
PID: 4
Aplicacion: System
Veces vista: 3351
Ya fue vista antes y sigue fuera de BASE.
Sigue en observacion con alertas controladas.
Requiere aprobacion manual para pasar a BASE.
2026-08-10 12:44:57 | OBSERVACION DE RED
Estado monitor: OBSERVACION
Tipo: PUERTO EN ESCUCHA
IP local: 26.137.80.247
Puerto local: 139
Estado TCP: LISTENING
PID: 4
Aplicacion: System
Veces vista: 3309
Ya fue vista antes y sigue fuera de BASE.
Sigue en observacion con alertas controladas.
Requiere aprobacion manual para pasar a BASE.
2026-08-10 12:45:00 | Escaneo completado. Conexiones=104 Alertas=0 Observaciones=48 LearningMode=False
2026-08-10 12:55:01 | OBSERVACION DE RED
Estado monitor: OBSERVACION
IP remota: 142.251.129.101
Puerto remoto: 443
IP local: 172.19.19.119
Puerto local: 49377
Estado TCP: ESTABLISHED
PID: 19104
Aplicacion: chrome
Veces vista: 25
Ya fue vista antes y sigue fuera de BASE.
Sigue en observacion con alertas controladas.
Requiere aprobacion manual para pasar a BASE.
2026-08-10 12:55:01 | NUEVA CONEXION DETECTADA
Estado monitor: NUEVA
IP remota: 161.69.238.74
Puerto remoto: 443
IP local: 172.19.19.119
Puerto local: 50945
Estado TCP: ESTABLISHED
PID: 5868
Aplicacion: mc-fw-host
Veces vista: 1
2026-08-10 12:55:01 | OBSERVACION DE RED
Estado monitor: OBSERVACION
IP remota: 172.217.28.234
Puerto remoto: 443
IP local: 172.19.19.119
Puerto local: 53444
Estado TCP: ESTABLISHED
PID: 19104
Aplicacion: chrome
Veces vista: 70
Ya fue vista antes y sigue fuera de BASE.
Sigue en observacion con alertas controladas.
Requiere aprobacion manual para pasar a BASE.
2026-08-10 12:55:01 | OBSERVACION DE RED
Estado monitor: OBSERVACION
IP remota: 98.136.144.138
Puerto remoto: 443
IP local: 172.19.19.119
Puerto local: 53486
Estado TCP: ESTABLISHED
PID: 19104
Aplicacion: chrome
Veces vista: 52
Ya fue vista antes y sigue fuera de BASE.
Sigue en observacion con alertas controladas.
Requiere aprobacion manual para pasar a BASE.
2026-08-10 12:55:01 | OBSERVACION DE RED
Estado monitor: OBSERVACION
IP remota: 142.251.134.197
Puerto remoto: 443
IP local: 172.19.19.119
Puerto local: 54166
Estado TCP: ESTABLISHED
PID: 19104
Aplicacion: chrome
Veces vista: 38
Ya fue vista antes y sigue fuera de BASE.
Sigue en observacion con alertas controladas.
Requiere aprobacion manual para pasar a BASE.
2026-08-10 12:55:01 | OBSERVACION DE RED
Estado monitor: OBSERVACION
IP remota: 172.19.19.107
Puerto remoto: 8009
IP local: 172.19.19.119
Puerto local: 54753
Estado TCP: ESTABLISHED
PID: 19104
Aplicacion: chrome
Veces vista: 25
Ya fue vista antes y sigue fuera de BASE.
Sigue en observacion con alertas controladas.
Requiere aprobacion manual para pasar a BASE.
2026-08-10 12:55:01 | OBSERVACION DE RED
Estado monitor: OBSERVACION
IP remota: 142.251.0.188
Puerto remoto: 5228
IP local: 172.19.19.119
Puerto local: 55160
Estado TCP: ESTABLISHED
PID: 19104
Aplicacion: chrome
Veces vista: 505
Ya fue vista antes y sigue fuera de BASE.
Sigue en observacion con alertas controladas.
Requiere aprobacion manual para pasar a BASE.
2026-08-10 12:55:01 | OBSERVACION DE RED
Estado monitor: OBSERVACION
IP remota: 172.19.19.15
Puerto remoto: 7070
IP local: 172.19.19.119
Puerto local: 59866
Estado TCP: ESTABLISHED
PID: 5064
Aplicacion: AnyDesk
Veces vista: 240
Ya fue vista antes y sigue fuera de BASE.
Sigue en observacion con alertas controladas.
Requiere aprobacion manual para pasar a BASE.
2026-08-10 12:55:01 | OBSERVACION DE RED
Estado monitor: OBSERVACION
IP remota: 142.251.128.33
Puerto remoto: 443
IP local: 172.19.19.119
Puerto local: 60718
Estado TCP: ESTABLISHED
PID: 19104
Aplicacion: chrome
Veces vista: 37
Ya fue vista antes y sigue fuera de BASE.
Sigue en observacion con alertas controladas.
Requiere aprobacion manual para pasar a BASE.
2026-08-10 12:55:01 | NUEVA CONEXION DETECTADA
Estado monitor: NUEVA
IP remota: 20.42.72.131
Puerto remoto: 443
IP local: 172.19.19.119
Puerto local: 60719
Estado TCP: ESTABLISHED
PID: 7940
Aplicacion: olk
Veces vista: 2
2026-08-10 12:55:01 | OBSERVACION DE RED
Estado monitor: OBSERVACION
IP remota: 142.251.128.131
Puerto remoto: 443
IP local: 172.19.19.119
Puerto local: 60937
Estado TCP: ESTABLISHED
PID: 19104
Aplicacion: chrome
Veces vista: 91
Ya fue vista antes y sigue fuera de BASE.
Sigue en observacion con alertas controladas.
Requiere aprobacion manual para pasar a BASE.
2026-08-10 12:55:01 | OBSERVACION DE RED
Estado monitor: OBSERVACION
IP remota: 142.251.128.34
Puerto remoto: 443
IP local: 172.19.19.119
Puerto local: 62032
Estado TCP: ESTABLISHED
PID: 19104
Aplicacion: chrome
Veces vista: 43
Ya fue vista antes y sigue fuera de BASE.
Sigue en observacion con alertas controladas.
Requiere aprobacion manual para pasar a BASE.
2026-08-10 12:55:01 | OBSERVACION DE RED
Estado monitor: OBSERVACION
IP remota: 142.251.128.66
Puerto remoto: 443
IP local: 172.19.19.119
Puerto local: 63302
Estado TCP: ESTABLISHED
PID: 19104
Aplicacion: chrome
Veces vista: 38
Ya fue vista antes y sigue fuera de BASE.
Sigue en observacion con alertas controladas.
Requiere aprobacion manual para pasar a BASE.
2026-08-10 12:55:01 | OBSERVACION DE RED
Estado monitor: OBSERVACION
IP remota: 151.101.218.172
Puerto remoto: 80
IP local: 172.19.19.119
Puerto local: 63303
Estado TCP: ESTABLISHED
PID: 5092
Aplicacion: svchost
Veces vista: 37
Ya fue vista antes y sigue fuera de BASE.
Sigue en observacion con alertas controladas.
Requiere aprobacion manual para pasar a BASE.
2026-08-10 12:55:01 | OBSERVACION DE RED
Estado monitor: OBSERVACION
IP remota: 142.251.128.67
Puerto remoto: 80
IP local: 172.19.19.119
Puerto local: 63305
Estado TCP: ESTABLISHED
PID: 5092
Aplicacion: svchost
Veces vista: 24
Ya fue vista antes y sigue fuera de BASE.
Sigue en observacion con alertas controladas.
Requiere aprobacion manual para pasar a BASE.
2026-08-10 12:55:01 | OBSERVACION DE RED
Estado monitor: OBSERVACION
IP remota: 172.19.19.127
Puerto remoto: 57521
IP local: 172.19.19.119
Puerto local: 64851
Estado TCP: ESTABLISHED
PID: 5712
Aplicacion: RvControlSvc
Veces vista: 13
Ya fue vista antes y sigue fuera de BASE.
Sigue en observacion con alertas controladas.
Requiere aprobacion manual para pasar a BASE.
2026-08-10 12:55:01 | OBSERVACION DE RED
Estado monitor: OBSERVACION
Tipo: PUERTO EN ESCUCHA
IP local: 0.0.0.0
Puerto local: 55986
Estado TCP: LISTENING
PID: 5712
Aplicacion: RvControlSvc
Veces vista: 2
Ya fue vista antes y sigue fuera de BASE.
Sigue en observacion con alertas controladas.
Requiere aprobacion manual para pasar a BASE.
2026-08-10 12:55:01 | OBSERVACION DE RED
Estado monitor: OBSERVACION
Tipo: PUERTO EN ESCUCHA
IP local: 0.0.0.0
Puerto local: 59858
Estado TCP: LISTENING
PID: 5712
Aplicacion: RvControlSvc
Veces vista: 1
Sigue en observacion con alertas controladas.
Requiere aprobacion manual para pasar a BASE.
2026-08-10 12:55:01 | OBSERVACION DE RED
Estado monitor: OBSERVACION
Tipo: PUERTO EN ESCUCHA
IP local: 0.0.0.0
Puerto local: 59865
Estado TCP: LISTENING
PID: 5064
Aplicacion: AnyDesk
Veces vista: 1
Sigue en observacion con alertas controladas.
Requiere aprobacion manual para pasar a BASE.
2026-08-10 12:55:01 | OBSERVACION DE RED
Estado monitor: OBSERVACION
Tipo: PUERTO EN ESCUCHA
IP local: 172.19.19.119
Puerto local: 55985
Estado TCP: LISTENING
PID: 5712
Aplicacion: RvControlSvc
Veces vista: 1
Sigue en observacion con alertas controladas.
Requiere aprobacion manual para pasar a BASE.
2026-08-10 12:55:04 | Escaneo completado. Conexiones=93 Alertas=0 Observaciones=20 LearningMode=False
2026-08-10 13:05:00 | OBSERVACION DE RED
Estado monitor: OBSERVACION
IP remota: 207.248.124.93
Puerto remoto: 52062
IP local: 172.19.19.119
Puerto local: 49682
Estado TCP: ESTABLISHED
PID: 5712
Aplicacion: RvControlSvc
Veces vista: 16
Ya fue vista antes y sigue fuera de BASE.
Sigue en observacion con alertas controladas.
Requiere aprobacion manual para pasar a BASE.
2026-08-10 13:05:00 | OBSERVACION DE RED
Estado monitor: OBSERVACION
IP remota: 142.251.128.129
Puerto remoto: 443
IP local: 172.19.19.119
Puerto local: 49889
Estado TCP: ESTABLISHED
PID: 19104
Aplicacion: chrome
Veces vista: 34
Ya fue vista antes y sigue fuera de BASE.
Sigue en observacion con alertas controladas.
Requiere aprobacion manual para pasar a BASE.
2026-08-10 13:05:00 | OBSERVACION DE RED
Estado monitor: OBSERVACION
IP remota: 172.217.28.3
Puerto remoto: 443
IP local: 172.19.19.119
Puerto local: 51962
Estado TCP: ESTABLISHED
PID: 19104
Aplicacion: chrome
Veces vista: 47
Ya fue vista antes y sigue fuera de BASE.
Sigue en observacion con alertas controladas.
Requiere aprobacion manual para pasar a BASE.
2026-08-10 13:05:00 | OBSERVACION DE RED
Estado monitor: OBSERVACION
IP remota: 142.251.129.104
Puerto remoto: 443
IP local: 172.19.19.119
Puerto local: 52841
Estado TCP: ESTABLISHED
PID: 19104
Aplicacion: chrome
Veces vista: 15
Ya fue vista antes y sigue fuera de BASE.
Sigue en observacion con alertas controladas.
Requiere aprobacion manual para pasar a BASE.
2026-08-10 13:05:00 | NUEVA CONEXION DETECTADA
Estado monitor: NUEVA
IP remota: 101.44.10.125
Puerto remoto: 443
IP local: 172.19.19.119
Puerto local: 55812
Estado TCP: ESTABLISHED
PID: 19104
Aplicacion: chrome
Veces vista: 1
2026-08-10 13:05:00 | OBSERVACION DE RED
Estado monitor: OBSERVACION
IP remota: 142.251.128.98
Puerto remoto: 443
IP local: 172.19.19.119
Puerto local: 60862
Estado TCP: ESTABLISHED
PID: 19104
Aplicacion: chrome
Veces vista: 28
Ya fue vista antes y sigue fuera de BASE.
Sigue en observacion con alertas controladas.
Requiere aprobacion manual para pasar a BASE.
2026-08-10 13:05:00 | OBSERVACION DE RED
Estado monitor: OBSERVACION
IP remota: 142.251.134.193
Puerto remoto: 443
IP local: 172.19.19.119
Puerto local: 64113
Estado TCP: ESTABLISHED
PID: 19104
Aplicacion: chrome
Veces vista: 25
Ya fue vista antes y sigue fuera de BASE.
Sigue en observacion con alertas controladas.
Requiere aprobacion manual para pasar a BASE.
2026-08-10 13:05:00 | OBSERVACION DE RED
Estado monitor: OBSERVACION
Tipo: PUERTO EN ESCUCHA
IP local: 0.0.0.0
Puerto local: 49167
Estado TCP: LISTENING
PID: 5064
Aplicacion: AnyDesk
Veces vista: 1
Sigue en observacion con alertas controladas.
Requiere aprobacion manual para pasar a BASE.
2026-08-10 13:05:00 | OBSERVACION DE RED
Estado monitor: OBSERVACION
Tipo: PUERTO EN ESCUCHA
IP local: 0.0.0.0
Puerto local: 64436
Estado TCP: LISTENING
PID: 5712
Aplicacion: RvControlSvc
Veces vista: 1
Sigue en observacion con alertas controladas.
Requiere aprobacion manual para pasar a BASE.
2026-08-10 13:05:03 | Escaneo completado. Conexiones=95 Alertas=0 Observaciones=9 LearningMode=False
2026-08-10 13:14:56 | OBSERVACION DE RED
Estado monitor: OBSERVACION
IP remota: 40.79.167.9
Puerto remoto: 443
IP local: 172.19.19.119
Puerto local: 49330
Estado TCP: ESTABLISHED
PID: 5544
Aplicacion: MpDefenderCoreService
Veces vista: 3
Ya fue vista antes y sigue fuera de BASE.
Sigue en observacion con alertas controladas.
Requiere aprobacion manual para pasar a BASE.
2026-08-10 13:14:56 | OBSERVACION DE RED
Estado monitor: OBSERVACION
IP remota: 138.97.177.156
Puerto remoto: 62772
IP local: 172.19.19.119
Puerto local: 49682
Estado TCP: ESTABLISHED
PID: 5712
Aplicacion: RvControlSvc
Veces vista: 19
Ya fue vista antes y sigue fuera de BASE.
Sigue en observacion con alertas controladas.
Requiere aprobacion manual para pasar a BASE.
2026-08-10 13:14:56 | OBSERVACION DE RED
Estado monitor: OBSERVACION
IP remota: 148.113.190.78
Puerto remoto: 17301
IP local: 172.19.19.119
Puerto local: 49682
Estado TCP: ESTABLISHED
PID: 5712
Aplicacion: RvControlSvc
Veces vista: 976
Ya fue vista antes y sigue fuera de BASE.
Sigue en observacion con alertas controladas.
Requiere aprobacion manual para pasar a BASE.
2026-08-10 13:14:56 | OBSERVACION DE RED
Estado monitor: OBSERVACION
IP remota: 190.122.181.20
Puerto remoto: 52371
IP local: 172.19.19.119
Puerto local: 49689
Estado TCP: ESTABLISHED
PID: 5712
Aplicacion: RvControlSvc
Veces vista: 28
Ya fue vista antes y sigue fuera de BASE.
Sigue en observacion con alertas controladas.
Requiere aprobacion manual para pasar a BASE.
2026-08-10 13:14:56 | OBSERVACION DE RED
Estado monitor: OBSERVACION
IP remota: 138.97.177.156
Puerto remoto: 28943
IP local: 172.19.19.119
Puerto local: 49693
Estado TCP: ESTABLISHED
PID: 5712
Aplicacion: RvControlSvc
Veces vista: 28
Ya fue vista antes y sigue fuera de BASE.
Sigue en observacion con alertas controladas.
Requiere aprobacion manual para pasar a BASE.
2026-08-10 13:14:56 | OBSERVACION DE RED
Estado monitor: OBSERVACION
IP remota: 138.97.177.156
Puerto remoto: 43991
IP local: 172.19.19.119
Puerto local: 49698
Estado TCP: ESTABLISHED
PID: 5712
Aplicacion: RvControlSvc
Veces vista: 144
Ya fue vista antes y sigue fuera de BASE.
Sigue en observacion con alertas controladas.
Requiere aprobacion manual para pasar a BASE.
2026-08-10 13:14:56 | OBSERVACION DE RED
Estado monitor: OBSERVACION
IP remota: 138.97.177.156
Puerto remoto: 49708
IP local: 172.19.19.119
Puerto local: 49699
Estado TCP: ESTABLISHED
PID: 5712
Aplicacion: RvControlSvc
Veces vista: 31
Ya fue vista antes y sigue fuera de BASE.
Sigue en observacion con alertas controladas.
Requiere aprobacion manual para pasar a BASE.
2026-08-10 13:14:56 | OBSERVACION DE RED
Estado monitor: OBSERVACION
IP remota: 207.248.126.253
Puerto remoto: 56353
IP local: 172.19.19.119
Puerto local: 49700
Estado TCP: ESTABLISHED
PID: 5712
Aplicacion: RvControlSvc
Veces vista: 83
Ya fue vista antes y sigue fuera de BASE.
Sigue en observacion con alertas controladas.
Requiere aprobacion manual para pasar a BASE.
2026-08-10 13:14:56 | OBSERVACION DE RED
Estado monitor: OBSERVACION
IP remota: 138.97.177.156
Puerto remoto: 62945
IP local: 172.19.19.119
Puerto local: 49701
Estado TCP: ESTABLISHED
PID: 5712
Aplicacion: RvControlSvc
Veces vista: 134
Ya fue vista antes y sigue fuera de BASE.
Sigue en observacion con alertas controladas.
Requiere aprobacion manual para pasar a BASE.
2026-08-10 13:14:56 | OBSERVACION DE RED
Estado monitor: OBSERVACION
IP remota: 138.97.177.20
Puerto remoto: 50991
IP local: 172.19.19.119
Puerto local: 49702
Estado TCP: ESTABLISHED
PID: 5712
Aplicacion: RvControlSvc
Veces vista: 172
Ya fue vista antes y sigue fuera de BASE.
Sigue en observacion con alertas controladas.
Requiere aprobacion manual para pasar a BASE.
2026-08-10 13:14:56 | OBSERVACION DE RED
Estado monitor: OBSERVACION
IP remota: 138.97.177.80
Puerto remoto: 60690
IP local: 172.19.19.119
Puerto local: 49703
Estado TCP: ESTABLISHED
PID: 5712
Aplicacion: RvControlSvc
Veces vista: 130
Ya fue vista antes y sigue fuera de BASE.
Sigue en observacion con alertas controladas.
Requiere aprobacion manual para pasar a BASE.
2026-08-10 13:14:56 | OBSERVACION DE RED
Estado monitor: OBSERVACION
IP remota: 138.97.177.80
Puerto remoto: 64186
IP local: 172.19.19.119
Puerto local: 49704
Estado TCP: ESTABLISHED
PID: 5712
Aplicacion: RvControlSvc
Veces vista: 90
Ya fue vista antes y sigue fuera de BASE.
Sigue en observacion con alertas controladas.
Requiere aprobacion manual para pasar a BASE.
2026-08-10 13:14:56 | OBSERVACION DE RED
Estado monitor: OBSERVACION
IP remota: 168.90.73.130
Puerto remoto: 55558
IP local: 172.19.19.119
Puerto local: 49705
Estado TCP: ESTABLISHED
PID: 5712
Aplicacion: RvControlSvc
Veces vista: 119
Ya fue vista antes y sigue fuera de BASE.
Sigue en observacion con alertas controladas.
Requiere aprobacion manual para pasar a BASE.
2026-08-10 13:14:56 | OBSERVACION DE RED
Estado monitor: OBSERVACION
IP remota: 138.97.177.156
Puerto remoto: 63251
IP local: 172.19.19.119
Puerto local: 49706
Estado TCP: ESTABLISHED
PID: 5712
Aplicacion: RvControlSvc
Veces vista: 112
Ya fue vista antes y sigue fuera de BASE.
Sigue en observacion con alertas controladas.
Requiere aprobacion manual para pasar a BASE.
2026-08-10 13:14:56 | OBSERVACION DE RED
Estado monitor: OBSERVACION
IP remota: 172.19.19.196
Puerto remoto: 53778
IP local: 172.19.19.119
Puerto local: 49708
Estado TCP: ESTABLISHED
PID: 5712
Aplicacion: RvControlSvc
Veces vista: 28
Ya fue vista antes y sigue fuera de BASE.
Sigue en observacion con alertas controladas.
Requiere aprobacion manual para pasar a BASE.
2026-08-10 13:14:56 | OBSERVACION DE RED
Estado monitor: OBSERVACION
IP remota: 172.19.19.128
Puerto remoto: 56340
IP local: 172.19.19.119
Puerto local: 54734
Estado TCP: ESTABLISHED
PID: 5712
Aplicacion: RvControlSvc
Veces vista: 28
Ya fue vista antes y sigue fuera de BASE.
Sigue en observacion con alertas controladas.
Requiere aprobacion manual para pasar a BASE.
2026-08-10 13:14:56 | OBSERVACION DE RED
Estado monitor: OBSERVACION
IP remota: 207.248.124.93
Puerto remoto: 21
IP local: 172.19.19.119
Puerto local: 61555
Estado TCP: ESTABLISHED
PID: 12424
Aplicacion: explorer
Veces vista: 13
Ya fue vista antes y sigue fuera de BASE.
Sigue en observacion con alertas controladas.
Requiere aprobacion manual para pasar a BASE.
2026-08-10 13:14:56 | OBSERVACION DE RED
Estado monitor: OBSERVACION
IP remota: 45.162.230.182
Puerto remoto: 17351
IP local: 172.19.19.119
Puerto local: 61910
Estado TCP: ESTABLISHED
PID: 5712
Aplicacion: RvControlSvc
Veces vista: 2009
Ya fue vista antes y sigue fuera de BASE.
Sigue en observacion con alertas controladas.
Requiere aprobacion manual para pasar a BASE.
2026-08-10 13:14:56 | NUEVA CONEXION DETECTADA
Estado monitor: NUEVA
IP remota: 20.50.201.201
Puerto remoto: 443
IP local: 172.19.19.119
Puerto local: 64034
Estado TCP: ESTABLISHED
PID: 4688
Aplicacion: OneDrive.Sync.Service
Veces vista: 1
2026-08-10 13:14:56 | OBSERVACION DE RED
Estado monitor: OBSERVACION
Tipo: PUERTO EN ESCUCHA
IP local: 0.0.0.0
Puerto local: 135
Estado TCP: LISTENING
PID: 1808
Aplicacion: svchost
Veces vista: 3356
Ya fue vista antes y sigue fuera de BASE.
Sigue en observacion con alertas controladas.
Requiere aprobacion manual para pasar a BASE.
2026-08-10 13:14:56 | OBSERVACION DE RED
Estado monitor: OBSERVACION
Tipo: PUERTO EN ESCUCHA
IP local: 0.0.0.0
Puerto local: 445
Estado TCP: LISTENING
PID: 4
Aplicacion: System
Veces vista: 3356
Ya fue vista antes y sigue fuera de BASE.
Sigue en observacion con alertas controladas.
Requiere aprobacion manual para pasar a BASE.
2026-08-10 13:14:56 | OBSERVACION DE RED
Estado monitor: OBSERVACION
Tipo: PUERTO EN ESCUCHA
IP local: 0.0.0.0
Puerto local: 49664
Estado TCP: LISTENING
PID: 1516
Aplicacion: lsass
Veces vista: 3356
Ya fue vista antes y sigue fuera de BASE.
Sigue en observacion con alertas controladas.
Requiere aprobacion manual para pasar a BASE.
2026-08-10 13:14:56 | OBSERVACION DE RED
Estado monitor: OBSERVACION
Tipo: PUERTO EN ESCUCHA
IP local: 0.0.0.0
Puerto local: 49665
Estado TCP: LISTENING
PID: 1336
Aplicacion: wininit
Veces vista: 3356
Ya fue vista antes y sigue fuera de BASE.
Sigue en observacion con alertas controladas.
Requiere aprobacion manual para pasar a BASE.
2026-08-10 13:14:56 | OBSERVACION DE RED
Estado monitor: OBSERVACION
Tipo: PUERTO EN ESCUCHA
IP local: 0.0.0.0
Puerto local: 49666
Estado TCP: LISTENING
PID: 2520
Aplicacion: svchost
Veces vista: 3356
Ya fue vista antes y sigue fuera de BASE.
Sigue en observacion con alertas controladas.
Requiere aprobacion manual para pasar a BASE.
2026-08-10 13:14:56 | OBSERVACION DE RED
Estado monitor: OBSERVACION
Tipo: PUERTO EN ESCUCHA
IP local: 0.0.0.0
Puerto local: 49667
Estado TCP: LISTENING
PID: 3316
Aplicacion: svchost
Veces vista: 3356
Ya fue vista antes y sigue fuera de BASE.
Sigue en observacion con alertas controladas.
Requiere aprobacion manual para pasar a BASE.
2026-08-10 13:14:56 | OBSERVACION DE RED
Estado monitor: OBSERVACION
Tipo: PUERTO EN ESCUCHA
IP local: 0.0.0.0
Puerto local: 49668
Estado TCP: LISTENING
PID: 4872
Aplicacion: spoolsv
Veces vista: 3356
Ya fue vista antes y sigue fuera de BASE.
Sigue en observacion con alertas controladas.
Requiere aprobacion manual para pasar a BASE.
2026-08-10 13:14:56 | OBSERVACION DE RED
Estado monitor: OBSERVACION
Tipo: PUERTO EN ESCUCHA
IP local: 0.0.0.0
Puerto local: 49670
Estado TCP: LISTENING
PID: 1488
Aplicacion: services
Veces vista: 2093
Ya fue vista antes y sigue fuera de BASE.
Sigue en observacion con alertas controladas.
Requiere aprobacion manual para pasar a BASE.
2026-08-10 13:14:56 | OBSERVACION DE RED
Estado monitor: OBSERVACION
Tipo: PUERTO EN ESCUCHA
IP local: 0.0.0.0
Puerto local: 5040
Estado TCP: LISTENING
PID: 12640
Aplicacion: svchost
Veces vista: 3352
Ya fue vista antes y sigue fuera de BASE.
Sigue en observacion con alertas controladas.
Requiere aprobacion manual para pasar a BASE.
2026-08-10 13:14:56 | OBSERVACION DE RED
Estado monitor: OBSERVACION
Tipo: PUERTO EN ESCUCHA
IP local: 0.0.0.0
Puerto local: 61544
Estado TCP: LISTENING
PID: 5064
Aplicacion: AnyDesk
Veces vista: 6
Ya fue vista antes y sigue fuera de BASE.
Sigue en observacion con alertas controladas.
Requiere aprobacion manual para pasar a BASE.
2026-08-10 13:14:56 | OBSERVACION DE RED
Estado monitor: OBSERVACION
Tipo: PUERTO EN ESCUCHA
IP local: 0.0.0.0
Puerto local: 61548
Estado TCP: LISTENING
PID: 5712
Aplicacion: RvControlSvc
Veces vista: 1
Sigue en observacion con alertas controladas.
Requiere aprobacion manual para pasar a BASE.
2026-08-10 13:14:56 | OBSERVACION DE RED
Estado monitor: OBSERVACION
Tipo: PUERTO EN ESCUCHA
IP local: 0.0.0.0
Puerto local: 7070
Estado TCP: LISTENING
PID: 5064
Aplicacion: AnyDesk
Veces vista: 2751
Ya fue vista antes y sigue fuera de BASE.
Sigue en observacion con alertas controladas.
Requiere aprobacion manual para pasar a BASE.
2026-08-10 13:14:56 | OBSERVACION DE RED
Estado monitor: OBSERVACION
Tipo: PUERTO EN ESCUCHA
IP local: 127.0.0.1
Puerto local: 5939
Estado TCP: LISTENING
PID: 5860
Aplicacion: TeamViewer_Service
Veces vista: 419
Ya fue vista antes y sigue fuera de BASE.
Sigue en observacion con alertas controladas.
Requiere aprobacion manual para pasar a BASE.
2026-08-10 13:14:56 | OBSERVACION DE RED
Estado monitor: OBSERVACION
Tipo: PUERTO EN ESCUCHA
IP local: 172.19.19.119
Puerto local: 139
Estado TCP: LISTENING
PID: 4
Aplicacion: System
Veces vista: 111
Ya fue vista antes y sigue fuera de BASE.
Sigue en observacion con alertas controladas.
Requiere aprobacion manual para pasar a BASE.
2026-08-10 13:14:56 | OBSERVACION DE RED
Estado monitor: OBSERVACION
Tipo: PUERTO EN ESCUCHA
IP local: 172.19.19.119
Puerto local: 49682
Estado TCP: LISTENING
PID: 5712
Aplicacion: RvControlSvc
Veces vista: 28
Ya fue vista antes y sigue fuera de BASE.
Sigue en observacion con alertas controladas.
Requiere aprobacion manual para pasar a BASE.
2026-08-10 13:14:56 | OBSERVACION DE RED
Estado monitor: OBSERVACION
Tipo: PUERTO EN ESCUCHA
IP local: 192.168.56.1
Puerto local: 139
Estado TCP: LISTENING
PID: 4
Aplicacion: System
Veces vista: 3354
Ya fue vista antes y sigue fuera de BASE.
Sigue en observacion con alertas controladas.
Requiere aprobacion manual para pasar a BASE.
2026-08-10 13:14:56 | OBSERVACION DE RED
Estado monitor: OBSERVACION
Tipo: PUERTO EN ESCUCHA
IP local: 26.137.80.247
Puerto local: 139
Estado TCP: LISTENING
PID: 4
Aplicacion: System
Veces vista: 3312
Ya fue vista antes y sigue fuera de BASE.
Sigue en observacion con alertas controladas.
Requiere aprobacion manual para pasar a BASE.
2026-08-10 13:15:00 | Escaneo completado. Conexiones=51 Alertas=0 Observaciones=36 LearningMode=False
2026-08-10 13:25:10 | OBSERVACION DE RED
Estado monitor: OBSERVACION
IP remota: 142.251.129.65
Puerto remoto: 443
IP local: 172.19.19.119
Puerto local: 49328
Estado TCP: ESTABLISHED
PID: 19104
Aplicacion: chrome
Veces vista: 21
Ya fue vista antes y sigue fuera de BASE.
Sigue en observacion con alertas controladas.
Requiere aprobacion manual para pasar a BASE.
2026-08-10 13:25:10 | OBSERVACION DE RED
Estado monitor: OBSERVACION
IP remota: 132.255.112.18
Puerto remoto: 14722
IP local: 172.19.19.119
Puerto local: 49682
Estado TCP: ESTABLISHED
PID: 5712
Aplicacion: RvControlSvc
Veces vista: 1
Sigue en observacion con alertas controladas.
Requiere aprobacion manual para pasar a BASE.
2026-08-10 13:25:10 | OBSERVACION DE RED
Estado monitor: OBSERVACION
IP remota: 172.217.118.4
Puerto remoto: 443
IP local: 172.19.19.119
Puerto local: 50686
Estado TCP: ESTABLISHED
PID: 18896
Aplicacion: language_server_windows_x64
Veces vista: 305
Ya fue vista antes y sigue fuera de BASE.
Sigue en observacion con alertas controladas.
Requiere aprobacion manual para pasar a BASE.
2026-08-10 13:25:10 | OBSERVACION DE RED
Estado monitor: OBSERVACION
IP remota: 104.16.102.112
Puerto remoto: 443
IP local: 172.19.19.119
Puerto local: 53489
Estado TCP: ESTABLISHED
PID: 19104
Aplicacion: chrome
Veces vista: 45
Ya fue vista antes y sigue fuera de BASE.
Sigue en observacion con alertas controladas.
Requiere aprobacion manual para pasar a BASE.
2026-08-10 13:25:10 | OBSERVACION DE RED
Estado monitor: OBSERVACION
IP remota: 104.16.79.73
Puerto remoto: 443
IP local: 172.19.19.119
Puerto local: 54366
Estado TCP: ESTABLISHED
PID: 19104
Aplicacion: chrome
Veces vista: 37
Ya fue vista antes y sigue fuera de BASE.
Sigue en observacion con alertas controladas.
Requiere aprobacion manual para pasar a BASE.
2026-08-10 13:25:10 | OBSERVACION DE RED
Estado monitor: OBSERVACION
IP remota: 172.19.19.107
Puerto remoto: 8009
IP local: 172.19.19.119
Puerto local: 54753
Estado TCP: ESTABLISHED
PID: 19104
Aplicacion: chrome
Veces vista: 28
Ya fue vista antes y sigue fuera de BASE.
Sigue en observacion con alertas controladas.
Requiere aprobacion manual para pasar a BASE.
2026-08-10 13:25:10 | OBSERVACION DE RED
Estado monitor: OBSERVACION
IP remota: 200.42.122.26
Puerto remoto: 443
IP local: 172.19.19.119
Puerto local: 54806
Estado TCP: ESTABLISHED
PID: 7940
Aplicacion: olk
Veces vista: 6
Ya fue vista antes y sigue fuera de BASE.
Sigue en observacion con alertas controladas.
Requiere aprobacion manual para pasar a BASE.
2026-08-10 13:25:10 | OBSERVACION DE RED
Estado monitor: OBSERVACION
IP remota: 172.217.115.4
Puerto remoto: 443
IP local: 172.19.19.119
Puerto local: 55063
Estado TCP: ESTABLISHED
PID: 21052
Aplicacion: language_server_windows_x64
Veces vista: 274
Ya fue vista antes y sigue fuera de BASE.
Sigue en observacion con alertas controladas.
Requiere aprobacion manual para pasar a BASE.
2026-08-10 13:25:10 | OBSERVACION DE RED
Estado monitor: OBSERVACION
IP remota: 142.251.128.129
Puerto remoto: 443
IP local: 172.19.19.119
Puerto local: 55065
Estado TCP: ESTABLISHED
PID: 21052
Aplicacion: language_server_windows_x64
Veces vista: 39
Ya fue vista antes y sigue fuera de BASE.
Sigue en observacion con alertas controladas.
Requiere aprobacion manual para pasar a BASE.
2026-08-10 13:25:10 | OBSERVACION DE RED
Estado monitor: OBSERVACION
IP remota: 40.79.141.152
Puerto remoto: 443
IP local: 172.19.19.119
Puerto local: 55067
Estado TCP: ESTABLISHED
PID: 7940
Aplicacion: olk
Veces vista: 2
Ya fue vista antes y sigue fuera de BASE.
Sigue en observacion con alertas controladas.
Requiere aprobacion manual para pasar a BASE.
2026-08-10 13:25:10 | OBSERVACION DE RED
Estado monitor: OBSERVACION
IP remota: 142.251.0.188
Puerto remoto: 5228
IP local: 172.19.19.119
Puerto local: 55160
Estado TCP: ESTABLISHED
PID: 19104
Aplicacion: chrome
Veces vista: 508
Ya fue vista antes y sigue fuera de BASE.
Sigue en observacion con alertas controladas.
Requiere aprobacion manual para pasar a BASE.
2026-08-10 13:25:10 | OBSERVACION DE RED
Estado monitor: OBSERVACION
IP remota: 172.217.119.4
Puerto remoto: 443
IP local: 172.19.19.119
Puerto local: 56836
Estado TCP: ESTABLISHED
PID: 19104
Aplicacion: chrome
Veces vista: 39
Ya fue vista antes y sigue fuera de BASE.
Sigue en observacion con alertas controladas.
Requiere aprobacion manual para pasar a BASE.
2026-08-10 13:25:10 | OBSERVACION DE RED
Estado monitor: OBSERVACION
IP remota: 142.251.128.49
Puerto remoto: 443
IP local: 172.19.19.119
Puerto local: 57510
Estado TCP: ESTABLISHED
PID: 19104
Aplicacion: chrome
Veces vista: 3
Ya fue vista antes y sigue fuera de BASE.
Sigue en observacion con alertas controladas.
Requiere aprobacion manual para pasar a BASE.
2026-08-10 13:25:10 | OBSERVACION DE RED
Estado monitor: OBSERVACION
IP remota: 34.160.81.0
Puerto remoto: 443
IP local: 172.19.19.119
Puerto local: 58216
Estado TCP: ESTABLISHED
PID: 19104
Aplicacion: chrome
Veces vista: 54
Ya fue vista antes y sigue fuera de BASE.
Sigue en observacion con alertas controladas.
Requiere aprobacion manual para pasar a BASE.
2026-08-10 13:25:10 | OBSERVACION DE RED
Estado monitor: OBSERVACION
IP remota: 172.217.116.4
Puerto remoto: 443
IP local: 172.19.19.119
Puerto local: 59349
Estado TCP: ESTABLISHED
PID: 18896
Aplicacion: language_server_windows_x64
Veces vista: 223
Ya fue vista antes y sigue fuera de BASE.
Sigue en observacion con alertas controladas.
Requiere aprobacion manual para pasar a BASE.
2026-08-10 13:25:10 | OBSERVACION DE RED
Estado monitor: OBSERVACION
IP remota: 104.16.103.112
Puerto remoto: 443
IP local: 172.19.19.119
Puerto local: 59878
Estado TCP: ESTABLISHED
PID: 19104
Aplicacion: chrome
Veces vista: 48
Ya fue vista antes y sigue fuera de BASE.
Sigue en observacion con alertas controladas.
Requiere aprobacion manual para pasar a BASE.
2026-08-10 13:25:10 | OBSERVACION DE RED
Estado monitor: OBSERVACION
IP remota: 172.217.119.4
Puerto remoto: 443
IP local: 172.19.19.119
Puerto local: 59948
Estado TCP: ESTABLISHED
PID: 18896
Aplicacion: language_server_windows_x64
Veces vista: 261
Ya fue vista antes y sigue fuera de BASE.
Sigue en observacion con alertas controladas.
Requiere aprobacion manual para pasar a BASE.
2026-08-10 13:25:10 | OBSERVACION DE RED
Estado monitor: OBSERVACION
IP remota: 64.233.186.84
Puerto remoto: 443
IP local: 172.19.19.119
Puerto local: 61556
Estado TCP: ESTABLISHED
PID: 19104
Aplicacion: chrome
Veces vista: 88
Ya fue vista antes y sigue fuera de BASE.
Sigue en observacion con alertas controladas.
Requiere aprobacion manual para pasar a BASE.
2026-08-10 13:25:10 | OBSERVACION DE RED
Estado monitor: OBSERVACION
IP remota: 172.19.19.127
Puerto remoto: 57521
IP local: 172.19.19.119
Puerto local: 64851
Estado TCP: ESTABLISHED
PID: 5712
Aplicacion: RvControlSvc
Veces vista: 16
Ya fue vista antes y sigue fuera de BASE.
Sigue en observacion con alertas controladas.
Requiere aprobacion manual para pasar a BASE.
2026-08-10 13:25:10 | OBSERVACION DE RED
Estado monitor: OBSERVACION
IP remota: 104.16.3.34
Puerto remoto: 443
IP local: 172.19.19.119
Puerto local: 65094
Estado TCP: ESTABLISHED
PID: 17404
Aplicacion: node
Veces vista: 3
Ya fue vista antes y sigue fuera de BASE.
Sigue en observacion con alertas controladas.
Requiere aprobacion manual para pasar a BASE.
2026-08-10 13:25:10 | OBSERVACION DE RED
Estado monitor: OBSERVACION
Tipo: PUERTO EN ESCUCHA
IP local: 0.0.0.0
Puerto local: 51400
Estado TCP: LISTENING
PID: 5064
Aplicacion: AnyDesk
Veces vista: 1
Sigue en observacion con alertas controladas.
Requiere aprobacion manual para pasar a BASE.
2026-08-10 13:25:10 | OBSERVACION DE RED
Estado monitor: OBSERVACION
Tipo: PUERTO EN ESCUCHA
IP local: 0.0.0.0
Puerto local: 55086
Estado TCP: LISTENING
PID: 5712
Aplicacion: RvControlSvc
Veces vista: 1
Sigue en observacion con alertas controladas.
Requiere aprobacion manual para pasar a BASE.
2026-08-10 13:25:10 | OBSERVACION DE RED
Estado monitor: OBSERVACION
Tipo: PUERTO EN ESCUCHA
IP local: 127.0.0.1
Puerto local: 49179
Estado TCP: LISTENING
PID: 13100
Aplicacion: Antigravity IDE
Veces vista: 1
Sigue en observacion con alertas controladas.
Requiere aprobacion manual para pasar a BASE.
2026-08-10 13:25:10 | OBSERVACION DE RED
Estado monitor: OBSERVACION
Tipo: PUERTO EN ESCUCHA
IP local: 127.0.0.1
Puerto local: 50912
Estado TCP: LISTENING
PID: 21052
Aplicacion: language_server_windows_x64
Veces vista: 1
Sigue en observacion con alertas controladas.
Requiere aprobacion manual para pasar a BASE.
2026-08-10 13:25:10 | OBSERVACION DE RED
Estado monitor: OBSERVACION
Tipo: PUERTO EN ESCUCHA
IP local: 127.0.0.1
Puerto local: 55052
Estado TCP: LISTENING
PID: 21052
Aplicacion: language_server_windows_x64
Veces vista: 1
Sigue en observacion con alertas controladas.
Requiere aprobacion manual para pasar a BASE.
2026-08-10 13:25:10 | OBSERVACION DE RED
Estado monitor: OBSERVACION
Tipo: PUERTO EN ESCUCHA
IP local: 127.0.0.1
Puerto local: 55053
Estado TCP: LISTENING
PID: 21052
Aplicacion: language_server_windows_x64
Veces vista: 1
Sigue en observacion con alertas controladas.
Requiere aprobacion manual para pasar a BASE.
2026-08-10 13:25:10 | OBSERVACION DE RED
Estado monitor: OBSERVACION
Tipo: PUERTO EN ESCUCHA
IP local: 127.0.0.1
Puerto local: 62695
Estado TCP: LISTENING
PID: 18896
Aplicacion: language_server_windows_x64
Veces vista: 1
Sigue en observacion con alertas controladas.
Requiere aprobacion manual para pasar a BASE.
2026-08-10 13:25:10 | OBSERVACION DE RED
Estado monitor: OBSERVACION
Tipo: PUERTO EN ESCUCHA
IP local: 127.0.0.1
Puerto local: 62696
Estado TCP: LISTENING
PID: 18896
Aplicacion: language_server_windows_x64
Veces vista: 1
Sigue en observacion con alertas controladas.
Requiere aprobacion manual para pasar a BASE.
2026-08-10 13:25:10 | OBSERVACION DE RED
Estado monitor: OBSERVACION
Tipo: PUERTO EN ESCUCHA
IP local: 127.0.0.1
Puerto local: 65161
Estado TCP: LISTENING
PID: 6332
Aplicacion: Antigravity IDE
Veces vista: 1
Sigue en observacion con alertas controladas.
Requiere aprobacion manual para pasar a BASE.
2026-08-10 13:25:10 | OBSERVACION DE RED
Estado monitor: OBSERVACION
Tipo: PUERTO EN ESCUCHA
IP local: 127.0.0.1
Puerto local: 65162
Estado TCP: LISTENING
PID: 6332
Aplicacion: Antigravity IDE
Veces vista: 1
Sigue en observacion con alertas controladas.
Requiere aprobacion manual para pasar a BASE.
2026-08-10 13:25:14 | Escaneo completado. Conexiones=150 Alertas=0 Observaciones=30 LearningMode=False
2026-08-10 13:35:03 | OBSERVACION DE RED
Estado monitor: OBSERVACION
IP remota: 207.248.124.93
Puerto remoto: 52062
IP local: 172.19.19.119
Puerto local: 49682
Estado TCP: ESTABLISHED
PID: 5712
Aplicacion: RvControlSvc
Veces vista: 19
Ya fue vista antes y sigue fuera de BASE.
Sigue en observacion con alertas controladas.
Requiere aprobacion manual para pasar a BASE.
2026-08-10 13:35:03 | OBSERVACION DE RED
Estado monitor: OBSERVACION
IP remota: 142.251.128.131
Puerto remoto: 443
IP local: 172.19.19.119
Puerto local: 49755
Estado TCP: ESTABLISHED
PID: 19104
Aplicacion: chrome
Veces vista: 93
Ya fue vista antes y sigue fuera de BASE.
Sigue en observacion con alertas controladas.
Requiere aprobacion manual para pasar a BASE.
2026-08-10 13:35:03 | OBSERVACION DE RED
Estado monitor: OBSERVACION
IP remota: 172.217.114.4
Puerto remoto: 443
IP local: 172.19.19.119
Puerto local: 57812
Estado TCP: ESTABLISHED
PID: 17060
Aplicacion: language_server_windows_x64
Veces vista: 239
Ya fue vista antes y sigue fuera de BASE.
Sigue en observacion con alertas controladas.
Requiere aprobacion manual para pasar a BASE.
2026-08-10 13:35:03 | OBSERVACION DE RED
Estado monitor: OBSERVACION
IP remota: 172.19.19.15
Puerto remoto: 7070
IP local: 172.19.19.119
Puerto local: 61078
Estado TCP: ESTABLISHED
PID: 5064
Aplicacion: AnyDesk
Veces vista: 242
Ya fue vista antes y sigue fuera de BASE.
Sigue en observacion con alertas controladas.
Requiere aprobacion manual para pasar a BASE.
2026-08-10 13:35:03 | OBSERVACION DE RED
Estado monitor: OBSERVACION
IP remota: 172.217.113.4
Puerto remoto: 443
IP local: 172.19.19.119
Puerto local: 63211
Estado TCP: ESTABLISHED
PID: 18896
Aplicacion: language_server_windows_x64
Veces vista: 255
Ya fue vista antes y sigue fuera de BASE.
Sigue en observacion con alertas controladas.
Requiere aprobacion manual para pasar a BASE.
2026-08-10 13:35:03 | OBSERVACION DE RED
Estado monitor: OBSERVACION
Tipo: PUERTO EN ESCUCHA
IP local: 0.0.0.0
Puerto local: 64964
Estado TCP: LISTENING
PID: 5064
Aplicacion: AnyDesk
Veces vista: 1
Sigue en observacion con alertas controladas.
Requiere aprobacion manual para pasar a BASE.
2026-08-10 13:35:03 | OBSERVACION DE RED
Estado monitor: OBSERVACION
Tipo: PUERTO EN ESCUCHA
IP local: 127.0.0.1
Puerto local: 50674
Estado TCP: LISTENING
PID: 17060
Aplicacion: language_server_windows_x64
Veces vista: 1
Sigue en observacion con alertas controladas.
Requiere aprobacion manual para pasar a BASE.
2026-08-10 13:35:03 | OBSERVACION DE RED
Estado monitor: OBSERVACION
Tipo: PUERTO EN ESCUCHA
IP local: 127.0.0.1
Puerto local: 50675
Estado TCP: LISTENING
PID: 17060
Aplicacion: language_server_windows_x64
Veces vista: 1
Sigue en observacion con alertas controladas.
Requiere aprobacion manual para pasar a BASE.
2026-08-10 13:35:03 | OBSERVACION DE RED
Estado monitor: OBSERVACION
Tipo: PUERTO EN ESCUCHA
IP local: 127.0.0.1
Puerto local: 56277
Estado TCP: LISTENING
PID: 13356
Aplicacion: Antigravity IDE
Veces vista: 1
Sigue en observacion con alertas controladas.
Requiere aprobacion manual para pasar a BASE.
2026-08-10 13:35:03 | OBSERVACION DE RED
Estado monitor: OBSERVACION
Tipo: PUERTO EN ESCUCHA
IP local: 127.0.0.1
Puerto local: 58890
Estado TCP: LISTENING
PID: 13356
Aplicacion: Antigravity IDE
Veces vista: 1
Sigue en observacion con alertas controladas.
Requiere aprobacion manual para pasar a BASE.
2026-08-10 13:35:03 | OBSERVACION DE RED
Estado monitor: OBSERVACION
Tipo: PUERTO EN ESCUCHA
IP local: 127.0.0.1
Puerto local: 63751
Estado TCP: LISTENING
PID: 17060
Aplicacion: language_server_windows_x64
Veces vista: 1
Sigue en observacion con alertas controladas.
Requiere aprobacion manual para pasar a BASE.
2026-08-10 13:35:06 | Escaneo completado. Conexiones=120 Alertas=0 Observaciones=11 LearningMode=False
2026-08-10 13:45:04 | OBSERVACION DE RED
Estado monitor: OBSERVACION
IP remota: 138.97.177.156
Puerto remoto: 62772
IP local: 172.19.19.119
Puerto local: 49682
Estado TCP: ESTABLISHED
PID: 5712
Aplicacion: RvControlSvc
Veces vista: 22
Ya fue vista antes y sigue fuera de BASE.
Sigue en observacion con alertas controladas.
Requiere aprobacion manual para pasar a BASE.
2026-08-10 13:45:04 | OBSERVACION DE RED
Estado monitor: OBSERVACION
IP remota: 138.97.177.104
Puerto remoto: 49688
IP local: 172.19.19.119
Puerto local: 50398
Estado TCP: ESTABLISHED
PID: 5712
Aplicacion: RvControlSvc
Veces vista: 58
Ya fue vista antes y sigue fuera de BASE.
Sigue en observacion con alertas controladas.
Requiere aprobacion manual para pasar a BASE.
2026-08-10 13:45:04 | OBSERVACION DE RED
Estado monitor: OBSERVACION
IP remota: 51.104.15.253
Puerto remoto: 443
IP local: 172.19.19.119
Puerto local: 54916
Estado TCP: ESTABLISHED
PID: 4688
Aplicacion: OneDrive.Sync.Service
Veces vista: 2
Ya fue vista antes y sigue fuera de BASE.
Sigue en observacion con alertas controladas.
Requiere aprobacion manual para pasar a BASE.
2026-08-10 13:45:04 | OBSERVACION DE RED
Estado monitor: OBSERVACION
IP remota: 138.97.177.150
Puerto remoto: 49704
IP local: 172.19.19.119
Puerto local: 57471
Estado TCP: ESTABLISHED
PID: 5712
Aplicacion: RvControlSvc
Veces vista: 161
Ya fue vista antes y sigue fuera de BASE.
Sigue en observacion con alertas controladas.
Requiere aprobacion manual para pasar a BASE.
2026-08-10 13:45:04 | NUEVA CONEXION DETECTADA
Estado monitor: NUEVA
IP remota: 4.150.223.96
Puerto remoto: 443
IP local: 172.19.19.119
Puerto local: 59425
Estado TCP: ESTABLISHED
PID: 5544
Aplicacion: MpDefenderCoreService
Veces vista: 1
2026-08-10 13:45:04 | OBSERVACION DE RED
Estado monitor: OBSERVACION
IP remota: 52.97.28.130
Puerto remoto: 443
IP local: 172.19.19.119
Puerto local: 60542
Estado TCP: ESTABLISHED
PID: 7848
Aplicacion: msedgewebview2
Veces vista: 24
Ya fue vista antes y sigue fuera de BASE.
Sigue en observacion con alertas controladas.
Requiere aprobacion manual para pasar a BASE.
2026-08-10 13:45:04 | OBSERVACION DE RED
Estado monitor: OBSERVACION
IP remota: 200.42.122.8
Puerto remoto: 443
IP local: 172.19.19.119
Puerto local: 61180
Estado TCP: ESTABLISHED
PID: 5536
Aplicacion: servicehost
Veces vista: 48
Ya fue vista antes y sigue fuera de BASE.
Sigue en observacion con alertas controladas.
Requiere aprobacion manual para pasar a BASE.
2026-08-10 13:45:04 | OBSERVACION DE RED
Estado monitor: OBSERVACION
IP remota: 200.42.122.8
Puerto remoto: 443
IP local: 172.19.19.119
Puerto local: 61181
Estado TCP: ESTABLISHED
PID: 5868
Aplicacion: mc-fw-host
Veces vista: 55
Ya fue vista antes y sigue fuera de BASE.
Sigue en observacion con alertas controladas.
Requiere aprobacion manual para pasar a BASE.
2026-08-10 13:45:04 | OBSERVACION DE RED
Estado monitor: OBSERVACION
IP remota: 162.43.190.123
Puerto remoto: 443
IP local: 172.19.19.119
Puerto local: 62064
Estado TCP: ESTABLISHED
PID: 5064
Aplicacion: AnyDesk
Veces vista: 48
Ya fue vista antes y sigue fuera de BASE.
Sigue en observacion con alertas controladas.
Requiere aprobacion manual para pasar a BASE.
2026-08-10 13:45:04 | OBSERVACION DE RED
Estado monitor: OBSERVACION
IP remota: 162.43.190.119
Puerto remoto: 443
IP local: 172.19.19.119
Puerto local: 63359
Estado TCP: ESTABLISHED
PID: 5064
Aplicacion: AnyDesk
Veces vista: 89
Ya fue vista antes y sigue fuera de BASE.
Sigue en observacion con alertas controladas.
Requiere aprobacion manual para pasar a BASE.
2026-08-10 13:45:04 | OBSERVACION DE RED
Estado monitor: OBSERVACION
Tipo: PUERTO EN ESCUCHA
IP local: 0.0.0.0
Puerto local: 63359
Estado TCP: LISTENING
PID: 5064
Aplicacion: AnyDesk
Veces vista: 1
Sigue en observacion con alertas controladas.
Requiere aprobacion manual para pasar a BASE.
2026-08-10 13:45:04 | OBSERVACION DE RED
Estado monitor: OBSERVACION
Tipo: PUERTO EN ESCUCHA
IP local: 172.19.19.119
Puerto local: 57461
Estado TCP: LISTENING
PID: 5712
Aplicacion: RvControlSvc
Veces vista: 1
Sigue en observacion con alertas controladas.
Requiere aprobacion manual para pasar a BASE.
2026-08-10 13:45:07 | Escaneo completado. Conexiones=121 Alertas=0 Observaciones=12 LearningMode=False
2026-08-10 13:55:03 | OBSERVACION DE RED
Estado monitor: OBSERVACION
IP remota: 132.255.112.18
Puerto remoto: 14722
IP local: 172.19.19.119
Puerto local: 49682
Estado TCP: ESTABLISHED
PID: 5712
Aplicacion: RvControlSvc
Veces vista: 4
Ya fue vista antes y sigue fuera de BASE.
Sigue en observacion con alertas controladas.
Requiere aprobacion manual para pasar a BASE.
2026-08-10 13:55:03 | OBSERVACION DE RED
Estado monitor: OBSERVACION
IP remota: 151.101.193.91
Puerto remoto: 443
IP local: 172.19.19.119
Puerto local: 56135
Estado TCP: ESTABLISHED
PID: 19104
Aplicacion: chrome
Veces vista: 64
Ya fue vista antes y sigue fuera de BASE.
Sigue en observacion con alertas controladas.
Requiere aprobacion manual para pasar a BASE.
2026-08-10 13:55:03 | OBSERVACION DE RED
Estado monitor: OBSERVACION
IP remota: 172.217.119.4
Puerto remoto: 443
IP local: 172.19.19.119
Puerto local: 61018
Estado TCP: ESTABLISHED
PID: 17060
Aplicacion: language_server_windows_x64
Veces vista: 262
Ya fue vista antes y sigue fuera de BASE.
Sigue en observacion con alertas controladas.
Requiere aprobacion manual para pasar a BASE.
2026-08-10 13:55:03 | OBSERVACION DE RED
Estado monitor: OBSERVACION
IP remota: 200.42.122.32
Puerto remoto: 443
IP local: 172.19.19.119
Puerto local: 61019
Estado TCP: ESTABLISHED
PID: 14408
Aplicacion: Widgets
Veces vista: 5
Ya fue vista antes y sigue fuera de BASE.
Sigue en observacion con alertas controladas.
Requiere aprobacion manual para pasar a BASE.
2026-08-10 13:55:03 | OBSERVACION DE RED
Estado monitor: OBSERVACION
IP remota: 172.217.192.84
Puerto remoto: 443
IP local: 172.19.19.119
Puerto local: 62700
Estado TCP: ESTABLISHED
PID: 19104
Aplicacion: chrome
Veces vista: 289
Ya fue vista antes y sigue fuera de BASE.
Sigue en observacion con alertas controladas.
Requiere aprobacion manual para pasar a BASE.
2026-08-10 13:55:03 | NUEVA CONEXION DETECTADA
Estado monitor: NUEVA
IP remota: 20.42.73.28
Puerto remoto: 443
IP local: 172.19.19.119
Puerto local: 64349
Estado TCP: ESTABLISHED
PID: 7940
Aplicacion: olk
Veces vista: 1
2026-08-10 13:55:03 | OBSERVACION DE RED
Estado monitor: OBSERVACION
IP remota: 172.19.19.127
Puerto remoto: 57521
IP local: 172.19.19.119
Puerto local: 64851
Estado TCP: ESTABLISHED
PID: 5712
Aplicacion: RvControlSvc
Veces vista: 19
Ya fue vista antes y sigue fuera de BASE.
Sigue en observacion con alertas controladas.
Requiere aprobacion manual para pasar a BASE.
2026-08-10 13:55:03 | OBSERVACION DE RED
Estado monitor: OBSERVACION
Tipo: PUERTO EN ESCUCHA
IP local: 0.0.0.0
Puerto local: 55086
Estado TCP: LISTENING
PID: 5712
Aplicacion: RvControlSvc
Veces vista: 4
Ya fue vista antes y sigue fuera de BASE.
Sigue en observacion con alertas controladas.
Requiere aprobacion manual para pasar a BASE.
2026-08-10 13:55:03 | OBSERVACION DE RED
Estado monitor: OBSERVACION
Tipo: PUERTO EN ESCUCHA
IP local: 0.0.0.0
Puerto local: 62502
Estado TCP: LISTENING
PID: 5712
Aplicacion: RvControlSvc
Veces vista: 1
Sigue en observacion con alertas controladas.
Requiere aprobacion manual para pasar a BASE.
2026-08-10 13:55:03 | OBSERVACION DE RED
Estado monitor: OBSERVACION
Tipo: PUERTO EN ESCUCHA
IP local: 127.0.0.1
Puerto local: 62695
Estado TCP: LISTENING
PID: 18896
Aplicacion: language_server_windows_x64
Veces vista: 4
Ya fue vista antes y sigue fuera de BASE.
Sigue en observacion con alertas controladas.
Requiere aprobacion manual para pasar a BASE.
2026-08-10 13:55:03 | OBSERVACION DE RED
Estado monitor: OBSERVACION
Tipo: PUERTO EN ESCUCHA
IP local: 127.0.0.1
Puerto local: 62696
Estado TCP: LISTENING
PID: 18896
Aplicacion: language_server_windows_x64
Veces vista: 4
Ya fue vista antes y sigue fuera de BASE.
Sigue en observacion con alertas controladas.
Requiere aprobacion manual para pasar a BASE.
2026-08-10 13:55:03 | OBSERVACION DE RED
Estado monitor: OBSERVACION
Tipo: PUERTO EN ESCUCHA
IP local: 127.0.0.1
Puerto local: 65161
Estado TCP: LISTENING
PID: 6332
Aplicacion: Antigravity IDE
Veces vista: 4
Ya fue vista antes y sigue fuera de BASE.
Sigue en observacion con alertas controladas.
Requiere aprobacion manual para pasar a BASE.
2026-08-10 13:55:03 | OBSERVACION DE RED
Estado monitor: OBSERVACION
Tipo: PUERTO EN ESCUCHA
IP local: 127.0.0.1
Puerto local: 65162
Estado TCP: LISTENING
PID: 6332
Aplicacion: Antigravity IDE
Veces vista: 4
Ya fue vista antes y sigue fuera de BASE.
Sigue en observacion con alertas controladas.
Requiere aprobacion manual para pasar a BASE.
2026-08-10 13:55:03 | OBSERVACION DE RED
Estado monitor: OBSERVACION
Tipo: PUERTO EN ESCUCHA
IP local: 172.19.19.119
Puerto local: 62500
Estado TCP: LISTENING
PID: 5712
Aplicacion: RvControlSvc
Veces vista: 1
Sigue en observacion con alertas controladas.
Requiere aprobacion manual para pasar a BASE.
2026-08-10 13:55:06 | Escaneo completado. Conexiones=122 Alertas=0 Observaciones=14 LearningMode=False
2026-08-10 14:05:02 | OBSERVACION DE RED
Estado monitor: OBSERVACION
IP remota: 207.248.124.93
Puerto remoto: 52062
IP local: 172.19.19.119
Puerto local: 49682
Estado TCP: ESTABLISHED
PID: 5712
Aplicacion: RvControlSvc
Veces vista: 22
Ya fue vista antes y sigue fuera de BASE.
Sigue en observacion con alertas controladas.
Requiere aprobacion manual para pasar a BASE.
2026-08-10 14:05:02 | NUEVA CONEXION DETECTADA
Estado monitor: NUEVA
IP remota: 52.97.26.50
Puerto remoto: 443
IP local: 172.19.19.119
Puerto local: 52480
Estado TCP: ESTABLISHED
PID: 7848
Aplicacion: msedgewebview2
Veces vista: 1
2026-08-10 14:05:02 | OBSERVACION DE RED
Estado monitor: OBSERVACION
IP remota: 172.217.116.4
Puerto remoto: 443
IP local: 172.19.19.119
Puerto local: 63154
Estado TCP: ESTABLISHED
PID: 18896
Aplicacion: language_server_windows_x64
Veces vista: 226
Ya fue vista antes y sigue fuera de BASE.
Sigue en observacion con alertas controladas.
Requiere aprobacion manual para pasar a BASE.
2026-08-10 14:05:02 | OBSERVACION DE RED
Estado monitor: OBSERVACION
IP remota: 52.123.245.48
Puerto remoto: 443
IP local: 172.19.19.119
Puerto local: 63186
Estado TCP: ESTABLISHED
PID: 5544
Aplicacion: MpDefenderCoreService
Veces vista: 15
Ya fue vista antes y sigue fuera de BASE.
Sigue en observacion con alertas controladas.
Requiere aprobacion manual para pasar a BASE.
2026-08-10 14:05:02 | OBSERVACION DE RED
Estado monitor: OBSERVACION
Tipo: PUERTO EN ESCUCHA
IP local: 127.0.0.1
Puerto local: 50674
Estado TCP: LISTENING
PID: 17060
Aplicacion: language_server_windows_x64
Veces vista: 4
Ya fue vista antes y sigue fuera de BASE.
Sigue en observacion con alertas controladas.
Requiere aprobacion manual para pasar a BASE.
2026-08-10 14:05:02 | OBSERVACION DE RED
Estado monitor: OBSERVACION
Tipo: PUERTO EN ESCUCHA
IP local: 127.0.0.1
Puerto local: 50675
Estado TCP: LISTENING
PID: 17060
Aplicacion: language_server_windows_x64
Veces vista: 4
Ya fue vista antes y sigue fuera de BASE.
Sigue en observacion con alertas controladas.
Requiere aprobacion manual para pasar a BASE.
2026-08-10 14:05:02 | OBSERVACION DE RED
Estado monitor: OBSERVACION
Tipo: PUERTO EN ESCUCHA
IP local: 127.0.0.1
Puerto local: 56277
Estado TCP: LISTENING
PID: 13356
Aplicacion: Antigravity IDE
Veces vista: 4
Ya fue vista antes y sigue fuera de BASE.
Sigue en observacion con alertas controladas.
Requiere aprobacion manual para pasar a BASE.
2026-08-10 14:05:02 | OBSERVACION DE RED
Estado monitor: OBSERVACION
Tipo: PUERTO EN ESCUCHA
IP local: 127.0.0.1
Puerto local: 58890
Estado TCP: LISTENING
PID: 13356
Aplicacion: Antigravity IDE
Veces vista: 4
Ya fue vista antes y sigue fuera de BASE.
Sigue en observacion con alertas controladas.
Requiere aprobacion manual para pasar a BASE.
2026-08-10 14:05:02 | OBSERVACION DE RED
Estado monitor: OBSERVACION
Tipo: PUERTO EN ESCUCHA
IP local: 127.0.0.1
Puerto local: 63751
Estado TCP: LISTENING
PID: 17060
Aplicacion: language_server_windows_x64
Veces vista: 4
Ya fue vista antes y sigue fuera de BASE.
Sigue en observacion con alertas controladas.
Requiere aprobacion manual para pasar a BASE.
2026-08-10 14:05:05 | Escaneo completado. Conexiones=110 Alertas=0 Observaciones=9 LearningMode=False
2026-08-10 14:15:08 | OBSERVACION DE RED
Estado monitor: OBSERVACION
IP remota: 138.97.177.156
Puerto remoto: 62772
IP local: 172.19.19.119
Puerto local: 49682
Estado TCP: ESTABLISHED
PID: 5712
Aplicacion: RvControlSvc
Veces vista: 25
Ya fue vista antes y sigue fuera de BASE.
Sigue en observacion con alertas controladas.
Requiere aprobacion manual para pasar a BASE.
2026-08-10 14:15:08 | OBSERVACION DE RED
Estado monitor: OBSERVACION
IP remota: 138.97.177.104
Puerto remoto: 49688
IP local: 172.19.19.119
Puerto local: 50398
Estado TCP: ESTABLISHED
PID: 5712
Aplicacion: RvControlSvc
Veces vista: 61
Ya fue vista antes y sigue fuera de BASE.
Sigue en observacion con alertas controladas.
Requiere aprobacion manual para pasar a BASE.
2026-08-10 14:15:08 | OBSERVACION DE RED
Estado monitor: OBSERVACION
IP remota: 20.184.175.0
Puerto remoto: 443
IP local: 172.19.19.119
Puerto local: 51455
Estado TCP: ESTABLISHED
PID: 5544
Aplicacion: MpDefenderCoreService
Veces vista: 3
Ya fue vista antes y sigue fuera de BASE.
Sigue en observacion con alertas controladas.
Requiere aprobacion manual para pasar a BASE.
2026-08-10 14:15:08 | OBSERVACION DE RED
Estado monitor: OBSERVACION
IP remota: 151.101.0.223
Puerto remoto: 443
IP local: 172.19.19.119
Puerto local: 51458
Estado TCP: ESTABLISHED
PID: 4352
Aplicacion: svchost
Veces vista: 31
Ya fue vista antes y sigue fuera de BASE.
Sigue en observacion con alertas controladas.
Requiere aprobacion manual para pasar a BASE.
2026-08-10 14:15:08 | NUEVA CONEXION DETECTADA
Estado monitor: NUEVA
IP remota: 52.97.26.50
Puerto remoto: 443
IP local: 172.19.19.119
Puerto local: 52480
Estado TCP: ESTABLISHED
PID: 7848
Aplicacion: msedgewebview2
Veces vista: 2
2026-08-10 14:15:08 | OBSERVACION DE RED
Estado monitor: OBSERVACION
IP remota: 172.217.113.4
Puerto remoto: 443
IP local: 172.19.19.119
Puerto local: 55726
Estado TCP: ESTABLISHED
PID: 17060
Aplicacion: language_server_windows_x64
Veces vista: 257
Ya fue vista antes y sigue fuera de BASE.
Sigue en observacion con alertas controladas.
Requiere aprobacion manual para pasar a BASE.
2026-08-10 14:15:08 | OBSERVACION DE RED
Estado monitor: OBSERVACION
IP remota: 2.18.57.126
Puerto remoto: 443
IP local: 172.19.19.119
Puerto local: 56749
Estado TCP: ESTABLISHED
PID: 17252
Aplicacion: svchost
Veces vista: 54
Ya fue vista antes y sigue fuera de BASE.
Sigue en observacion con alertas controladas.
Requiere aprobacion manual para pasar a BASE.
2026-08-10 14:15:08 | OBSERVACION DE RED
Estado monitor: OBSERVACION
IP remota: 142.251.128.67
Puerto remoto: 80
IP local: 172.19.19.119
Puerto local: 56753
Estado TCP: ESTABLISHED
PID: 5092
Aplicacion: svchost
Veces vista: 26
Ya fue vista antes y sigue fuera de BASE.
Sigue en observacion con alertas controladas.
Requiere aprobacion manual para pasar a BASE.
2026-08-10 14:15:08 | NUEVA CONEXION DETECTADA
Estado monitor: NUEVA
IP remota: 104.46.162.229
Puerto remoto: 443
IP local: 172.19.19.119
Puerto local: 56756
Estado TCP: ESTABLISHED
PID: 4688
Aplicacion: OneDrive.Sync.Service
Veces vista: 1
2026-08-10 14:15:08 | NUEVA CONEXION DETECTADA
Estado monitor: NUEVA
IP remota: 104.46.162.229
Puerto remoto: 443
IP local: 172.19.19.119
Puerto local: 56757
Estado TCP: ESTABLISHED
PID: 4688
Aplicacion: OneDrive.Sync.Service
Veces vista: 2
2026-08-10 14:15:08 | OBSERVACION DE RED
Estado monitor: OBSERVACION
IP remota: 2.18.57.55
Puerto remoto: 80
IP local: 172.19.19.119
Puerto local: 56760
Estado TCP: ESTABLISHED
PID: 5092
Aplicacion: svchost
Veces vista: 37
Ya fue vista antes y sigue fuera de BASE.
Sigue en observacion con alertas controladas.
Requiere aprobacion manual para pasar a BASE.
2026-08-10 14:15:08 | OBSERVACION DE RED
Estado monitor: OBSERVACION
IP remota: 2.23.164.35
Puerto remoto: 80
IP local: 172.19.19.119
Puerto local: 56762
Estado TCP: ESTABLISHED
PID: 5092
Aplicacion: svchost
Veces vista: 3
Ya fue vista antes y sigue fuera de BASE.
Sigue en observacion con alertas controladas.
Requiere aprobacion manual para pasar a BASE.
2026-08-10 14:15:08 | OBSERVACION DE RED
Estado monitor: OBSERVACION
IP remota: 138.97.177.150
Puerto remoto: 49704
IP local: 172.19.19.119
Puerto local: 57471
Estado TCP: ESTABLISHED
PID: 5712
Aplicacion: RvControlSvc
Veces vista: 164
Ya fue vista antes y sigue fuera de BASE.
Sigue en observacion con alertas controladas.
Requiere aprobacion manual para pasar a BASE.
2026-08-10 14:15:09 | NUEVA CONEXION DETECTADA
Estado monitor: NUEVA
IP remota: 72.153.5.134
Puerto remoto: 443
IP local: 172.19.19.119
Puerto local: 61829
Estado TCP: ESTABLISHED
PID: 17252
Aplicacion: svchost
Veces vista: 1
2026-08-10 14:15:09 | OBSERVACION DE RED
Estado monitor: OBSERVACION
IP remota: 52.97.28.130
Puerto remoto: 443
IP local: 172.19.19.119
Puerto local: 62032
Estado TCP: ESTABLISHED
PID: 7848
Aplicacion: msedgewebview2
Veces vista: 29
Ya fue vista antes y sigue fuera de BASE.
Sigue en observacion con alertas controladas.
Requiere aprobacion manual para pasar a BASE.
2026-08-10 14:15:09 | OBSERVACION DE RED
Estado monitor: OBSERVACION
IP remota: 162.43.190.123
Puerto remoto: 443
IP local: 172.19.19.119
Puerto local: 62064
Estado TCP: ESTABLISHED
PID: 5064
Aplicacion: AnyDesk
Veces vista: 51
Ya fue vista antes y sigue fuera de BASE.
Sigue en observacion con alertas controladas.
Requiere aprobacion manual para pasar a BASE.
2026-08-10 14:15:09 | OBSERVACION DE RED
Estado monitor: OBSERVACION
Tipo: PUERTO EN ESCUCHA
IP local: 172.19.19.119
Puerto local: 57461
Estado TCP: LISTENING
PID: 5712
Aplicacion: RvControlSvc
Veces vista: 4
Ya fue vista antes y sigue fuera de BASE.
Sigue en observacion con alertas controladas.
Requiere aprobacion manual para pasar a BASE.
2026-08-10 14:15:12 | Escaneo completado. Conexiones=151 Alertas=0 Observaciones=17 LearningMode=False
2026-08-10 14:25:05 | NUEVA CONEXION DETECTADA
Estado monitor: NUEVA
IP remota: 34.143.74.2
Puerto remoto: 443
IP local: 172.19.19.119
Puerto local: 51727
Estado TCP: ESTABLISHED
PID: 3216
Aplicacion: Antigravity IDE
Veces vista: 1
2026-08-10 14:25:05 | NUEVA CONEXION DETECTADA
Estado monitor: NUEVA
IP remota: 52.168.117.168
Puerto remoto: 443
IP local: 172.19.19.119
Puerto local: 51736
Estado TCP: ESTABLISHED
PID: 7940
Aplicacion: olk
Veces vista: 1
2026-08-10 14:25:05 | OBSERVACION DE RED
Estado monitor: OBSERVACION
IP remota: 142.251.128.131
Puerto remoto: 443
IP local: 172.19.19.119
Puerto local: 53334
Estado TCP: ESTABLISHED
PID: 19104
Aplicacion: chrome
Veces vista: 95
Ya fue vista antes y sigue fuera de BASE.
Sigue en observacion con alertas controladas.
Requiere aprobacion manual para pasar a BASE.
2026-08-10 14:25:05 | OBSERVACION DE RED
Estado monitor: OBSERVACION
IP remota: 172.217.119.4
Puerto remoto: 443
IP local: 172.19.19.119
Puerto local: 54193
Estado TCP: ESTABLISHED
PID: 17060
Aplicacion: language_server_windows_x64
Veces vista: 267
Ya fue vista antes y sigue fuera de BASE.
Sigue en observacion con alertas controladas.
Requiere aprobacion manual para pasar a BASE.
2026-08-10 14:25:05 | OBSERVACION DE RED
Estado monitor: OBSERVACION
IP remota: 200.42.122.8
Puerto remoto: 443
IP local: 172.19.19.119
Puerto local: 55705
Estado TCP: ESTABLISHED
PID: 19104
Aplicacion: chrome
Veces vista: 60
Ya fue vista antes y sigue fuera de BASE.
Sigue en observacion con alertas controladas.
Requiere aprobacion manual para pasar a BASE.
2026-08-10 14:25:05 | OBSERVACION DE RED
Estado monitor: OBSERVACION
IP remota: 172.217.118.4
Puerto remoto: 443
IP local: 172.19.19.119
Puerto local: 55742
Estado TCP: ESTABLISHED
PID: 18896
Aplicacion: language_server_windows_x64
Veces vista: 316
Ya fue vista antes y sigue fuera de BASE.
Sigue en observacion con alertas controladas.
Requiere aprobacion manual para pasar a BASE.
2026-08-10 14:25:05 | OBSERVACION DE RED
Estado monitor: OBSERVACION
IP remota: 138.97.177.156
Puerto remoto: 61077
IP local: 172.19.19.119
Puerto local: 57461
Estado TCP: ESTABLISHED
PID: 5712
Aplicacion: RvControlSvc
Veces vista: 1
Sigue en observacion con alertas controladas.
Requiere aprobacion manual para pasar a BASE.
2026-08-10 14:25:05 | NUEVA CONEXION DETECTADA
Estado monitor: NUEVA
IP remota: 20.42.65.93
Puerto remoto: 443
IP local: 172.19.19.119
Puerto local: 64707
Estado TCP: ESTABLISHED
PID: 3216
Aplicacion: Antigravity IDE
Veces vista: 1
2026-08-10 14:25:05 | OBSERVACION DE RED
Estado monitor: OBSERVACION
IP remota: 172.19.19.127
Puerto remoto: 57521
IP local: 172.19.19.119
Puerto local: 64851
Estado TCP: ESTABLISHED
PID: 5712
Aplicacion: RvControlSvc
Veces vista: 22
Ya fue vista antes y sigue fuera de BASE.
Sigue en observacion con alertas controladas.
Requiere aprobacion manual para pasar a BASE.
2026-08-10 14:25:05 | OBSERVACION DE RED
Estado monitor: OBSERVACION
Tipo: PUERTO EN ESCUCHA
IP local: 0.0.0.0
Puerto local: 55730
Estado TCP: LISTENING
PID: 5712
Aplicacion: RvControlSvc
Veces vista: 1
Sigue en observacion con alertas controladas.
Requiere aprobacion manual para pasar a BASE.
2026-08-10 14:25:05 | OBSERVACION DE RED
Estado monitor: OBSERVACION
Tipo: PUERTO EN ESCUCHA
IP local: 127.0.0.1
Puerto local: 62695
Estado TCP: LISTENING
PID: 18896
Aplicacion: language_server_windows_x64
Veces vista: 7
Ya fue vista antes y sigue fuera de BASE.
Sigue en observacion con alertas controladas.
Requiere aprobacion manual para pasar a BASE.
2026-08-10 14:25:05 | OBSERVACION DE RED
Estado monitor: OBSERVACION
Tipo: PUERTO EN ESCUCHA
IP local: 127.0.0.1
Puerto local: 62696
Estado TCP: LISTENING
PID: 18896
Aplicacion: language_server_windows_x64
Veces vista: 7
Ya fue vista antes y sigue fuera de BASE.
Sigue en observacion con alertas controladas.
Requiere aprobacion manual para pasar a BASE.
2026-08-10 14:25:05 | OBSERVACION DE RED
Estado monitor: OBSERVACION
Tipo: PUERTO EN ESCUCHA
IP local: 127.0.0.1
Puerto local: 65161
Estado TCP: LISTENING
PID: 6332
Aplicacion: Antigravity IDE
Veces vista: 7
Ya fue vista antes y sigue fuera de BASE.
Sigue en observacion con alertas controladas.
Requiere aprobacion manual para pasar a BASE.
2026-08-10 14:25:05 | OBSERVACION DE RED
Estado monitor: OBSERVACION
Tipo: PUERTO EN ESCUCHA
IP local: 127.0.0.1
Puerto local: 65162
Estado TCP: LISTENING
PID: 6332
Aplicacion: Antigravity IDE
Veces vista: 7
Ya fue vista antes y sigue fuera de BASE.
Sigue en observacion con alertas controladas.
Requiere aprobacion manual para pasar a BASE.
2026-08-10 14:25:08 | Escaneo completado. Conexiones=116 Alertas=0 Observaciones=14 LearningMode=False
2026-08-10 15:00:49 | OBSERVACION DE RED
Estado monitor: OBSERVACION
IP remota: 52.97.21.146
Puerto remoto: 443
IP local: 192.168.0.197
Puerto local: 52432
Estado TCP: ESTABLISHED
PID: 7848
Aplicacion: msedgewebview2
Veces vista: 23
Ya fue vista antes y sigue fuera de BASE.
Sigue en observacion con alertas controladas.
Requiere aprobacion manual para pasar a BASE.
2026-08-10 15:00:49 | NUEVA CONEXION DETECTADA
Estado monitor: NUEVA
IP remota: 172.67.75.33
Puerto remoto: 443
IP local: 192.168.0.197
Puerto local: 53905
Estado TCP: ESTABLISHED
PID: 19104
Aplicacion: chrome
Veces vista: 1
2026-08-10 15:00:49 | OBSERVACION DE RED
Estado monitor: OBSERVACION
IP remota: 138.97.177.156
Puerto remoto: 64382
IP local: 192.168.0.197
Puerto local: 55470
Estado TCP: ESTABLISHED
PID: 5712
Aplicacion: RvControlSvc
Veces vista: 1
Sigue en observacion con alertas controladas.
Requiere aprobacion manual para pasar a BASE.
2026-08-10 15:00:49 | OBSERVACION DE RED
Estado monitor: OBSERVACION
IP remota: 151.101.193.229
Puerto remoto: 443
IP local: 192.168.0.197
Puerto local: 56975
Estado TCP: ESTABLISHED
PID: 19104
Aplicacion: chrome
Veces vista: 4
Ya fue vista antes y sigue fuera de BASE.
Sigue en observacion con alertas controladas.
Requiere aprobacion manual para pasar a BASE.
2026-08-10 15:00:49 | OBSERVACION DE RED
Estado monitor: OBSERVACION
IP remota: 189.1.174.38
Puerto remoto: 443
IP local: 192.168.0.197
Puerto local: 59357
Estado TCP: ESTABLISHED
PID: 5064
Aplicacion: AnyDesk
Veces vista: 124
Ya fue vista antes y sigue fuera de BASE.
Sigue en observacion con alertas controladas.
Requiere aprobacion manual para pasar a BASE.
2026-08-10 15:00:49 | OBSERVACION DE RED
Estado monitor: OBSERVACION
IP remota: 198.244.203.247
Puerto remoto: 17301
IP local: 192.168.0.197
Puerto local: 64766
Estado TCP: ESTABLISHED
PID: 5712
Aplicacion: RvControlSvc
Veces vista: 31
Ya fue vista antes y sigue fuera de BASE.
Sigue en observacion con alertas controladas.
Requiere aprobacion manual para pasar a BASE.
2026-08-10 15:00:49 | OBSERVACION DE RED
Estado monitor: OBSERVACION
Tipo: PUERTO EN ESCUCHA
IP local: 0.0.0.0
Puerto local: 2869
Estado TCP: LISTENING
PID: 4
Aplicacion: System
Veces vista: 152
Ya fue vista antes y sigue fuera de BASE.
Sigue en observacion con alertas controladas.
Requiere aprobacion manual para pasar a BASE.
2026-08-10 15:00:49 | OBSERVACION DE RED
Estado monitor: OBSERVACION
Tipo: PUERTO EN ESCUCHA
IP local: 0.0.0.0
Puerto local: 51146
Estado TCP: LISTENING
PID: 5712
Aplicacion: RvControlSvc
Veces vista: 1
Sigue en observacion con alertas controladas.
Requiere aprobacion manual para pasar a BASE.
2026-08-10 15:00:49 | OBSERVACION DE RED
Estado monitor: OBSERVACION
Tipo: PUERTO EN ESCUCHA
IP local: 0.0.0.0
Puerto local: 64767
Estado TCP: LISTENING
PID: 5712
Aplicacion: RvControlSvc
Veces vista: 1
Sigue en observacion con alertas controladas.
Requiere aprobacion manual para pasar a BASE.
2026-08-10 15:00:49 | OBSERVACION DE RED
Estado monitor: OBSERVACION
Tipo: PUERTO EN ESCUCHA
IP local: 192.168.0.197
Puerto local: 139
Estado TCP: LISTENING
PID: 4
Aplicacion: System
Veces vista: 256
Ya fue vista antes y sigue fuera de BASE.
Sigue en observacion con alertas controladas.
Requiere aprobacion manual para pasar a BASE.
2026-08-10 15:00:49 | OBSERVACION DE RED
Estado monitor: OBSERVACION
Tipo: PUERTO EN ESCUCHA
IP local: 192.168.0.197
Puerto local: 55361
Estado TCP: LISTENING
PID: 5712
Aplicacion: RvControlSvc
Veces vista: 1
Sigue en observacion con alertas controladas.
Requiere aprobacion manual para pasar a BASE.
2026-08-10 15:00:49 | OBSERVACION DE RED
Estado monitor: OBSERVACION
Tipo: PUERTO EN ESCUCHA
IP local: 192.168.0.197
Puerto local: 64766
Estado TCP: LISTENING
PID: 5712
Aplicacion: RvControlSvc
Veces vista: 1
Sigue en observacion con alertas controladas.
Requiere aprobacion manual para pasar a BASE.
2026-08-10 15:00:52 | Escaneo completado. Conexiones=62 Alertas=0 Observaciones=12 LearningMode=False
2026-08-10 15:10:52 | NUEVA CONEXION DETECTADA
Estado monitor: NUEVA
IP remota: 142.250.129.132
Puerto remoto: 443
IP local: 192.168.0.197
Puerto local: 49863
Estado TCP: ESTABLISHED
PID: 19104
Aplicacion: chrome
Veces vista: 1
2026-08-10 15:10:52 | OBSERVACION DE RED
Estado monitor: OBSERVACION
IP remota: 142.251.128.101
Puerto remoto: 443
IP local: 192.168.0.197
Puerto local: 52288
Estado TCP: ESTABLISHED
PID: 19104
Aplicacion: chrome
Veces vista: 30
Ya fue vista antes y sigue fuera de BASE.
Sigue en observacion con alertas controladas.
Requiere aprobacion manual para pasar a BASE.
2026-08-10 15:10:52 | OBSERVACION DE RED
Estado monitor: OBSERVACION
IP remota: 138.97.177.104
Puerto remoto: 49688
IP local: 192.168.0.197
Puerto local: 55321
Estado TCP: ESTABLISHED
PID: 5712
Aplicacion: RvControlSvc
Veces vista: 64
Ya fue vista antes y sigue fuera de BASE.
Sigue en observacion con alertas controladas.
Requiere aprobacion manual para pasar a BASE.
2026-08-10 15:10:52 | OBSERVACION DE RED
Estado monitor: OBSERVACION
IP remota: 138.97.177.150
Puerto remoto: 49704
IP local: 192.168.0.197
Puerto local: 55322
Estado TCP: ESTABLISHED
PID: 5712
Aplicacion: RvControlSvc
Veces vista: 167
Ya fue vista antes y sigue fuera de BASE.
Sigue en observacion con alertas controladas.
Requiere aprobacion manual para pasar a BASE.
2026-08-10 15:10:52 | OBSERVACION DE RED
Estado monitor: OBSERVACION
IP remota: 142.251.133.234
Puerto remoto: 443
IP local: 192.168.0.197
Puerto local: 58259
Estado TCP: ESTABLISHED
PID: 19104
Aplicacion: chrome
Veces vista: 88
Ya fue vista antes y sigue fuera de BASE.
Sigue en observacion con alertas controladas.
Requiere aprobacion manual para pasar a BASE.
2026-08-10 15:10:52 | NUEVA CONEXION DETECTADA
Estado monitor: NUEVA
IP remota: 142.250.129.132
Puerto remoto: 443
IP local: 192.168.0.197
Puerto local: 58613
Estado TCP: ESTABLISHED
PID: 19104
Aplicacion: chrome
Veces vista: 2
2026-08-10 15:10:52 | NUEVA CONEXION DETECTADA
Estado monitor: NUEVA
IP remota: 192.178.223.95
Puerto remoto: 443
IP local: 192.168.0.197
Puerto local: 63721
Estado TCP: ESTABLISHED
PID: 19104
Aplicacion: chrome
Veces vista: 1
2026-08-10 15:10:52 | OBSERVACION DE RED
Estado monitor: OBSERVACION
IP remota: 172.217.28.5
Puerto remoto: 443
IP local: 192.168.0.197
Puerto local: 65041
Estado TCP: ESTABLISHED
PID: 19104
Aplicacion: chrome
Veces vista: 22
Ya fue vista antes y sigue fuera de BASE.
Sigue en observacion con alertas controladas.
Requiere aprobacion manual para pasar a BASE.
2026-08-10 15:10:52 | OBSERVACION DE RED
Estado monitor: OBSERVACION
IP remota: 172.217.119.4
Puerto remoto: 443
IP local: 192.168.0.197
Puerto local: 65131
Estado TCP: ESTABLISHED
PID: 19104
Aplicacion: chrome
Veces vista: 40
Ya fue vista antes y sigue fuera de BASE.
Sigue en observacion con alertas controladas.
Requiere aprobacion manual para pasar a BASE.
2026-08-10 15:10:55 | Escaneo completado. Conexiones=61 Alertas=0 Observaciones=9 LearningMode=False
2026-08-10 19:05:46 | OBSERVACION DE RED
Estado monitor: OBSERVACION
IP remota: 142.251.128.37
Puerto remoto: 443
IP local: 192.168.100.8
Puerto local: 49669
Estado TCP: ESTABLISHED
PID: 19104
Aplicacion: chrome
Veces vista: 30
Ya fue vista antes y sigue fuera de BASE.
Sigue en observacion con alertas controladas.
Requiere aprobacion manual para pasar a BASE.
2026-08-10 19:05:46 | OBSERVACION DE RED
Estado monitor: OBSERVACION
IP remota: 199.232.214.172
Puerto remoto: 80
IP local: 192.168.100.8
Puerto local: 49671
Estado TCP: ESTABLISHED
PID: 5092
Aplicacion: svchost
Veces vista: 36
Ya fue vista antes y sigue fuera de BASE.
Sigue en observacion con alertas controladas.
Requiere aprobacion manual para pasar a BASE.
2026-08-10 19:05:46 | OBSERVACION DE RED
Estado monitor: OBSERVACION
IP remota: 172.217.28.227
Puerto remoto: 80
IP local: 192.168.100.8
Puerto local: 49672
Estado TCP: ESTABLISHED
PID: 5092
Aplicacion: svchost
Veces vista: 6
Ya fue vista antes y sigue fuera de BASE.
Sigue en observacion con alertas controladas.
Requiere aprobacion manual para pasar a BASE.
2026-08-10 19:05:46 | OBSERVACION DE RED
Estado monitor: OBSERVACION
IP remota: 64.233.190.188
Puerto remoto: 5228
IP local: 192.168.100.8
Puerto local: 49850
Estado TCP: ESTABLISHED
PID: 19104
Aplicacion: chrome
Veces vista: 378
Ya fue vista antes y sigue fuera de BASE.
Sigue en observacion con alertas controladas.
Requiere aprobacion manual para pasar a BASE.
2026-08-10 19:05:46 | OBSERVACION DE RED
Estado monitor: OBSERVACION
IP remota: 200.42.122.10
Puerto remoto: 443
IP local: 192.168.100.8
Puerto local: 53653
Estado TCP: ESTABLISHED
PID: 13672
Aplicacion: svchost
Veces vista: 17
Ya fue vista antes y sigue fuera de BASE.
Sigue en observacion con alertas controladas.
Requiere aprobacion manual para pasar a BASE.
2026-08-10 19:05:46 | OBSERVACION DE RED
Estado monitor: OBSERVACION
IP remota: 20.190.173.3
Puerto remoto: 443
IP local: 192.168.100.8
Puerto local: 57322
Estado TCP: ESTABLISHED
PID: 12976
Aplicacion: svchost
Veces vista: 17
Ya fue vista antes y sigue fuera de BASE.
Sigue en observacion con alertas controladas.
Requiere aprobacion manual para pasar a BASE.
2026-08-10 19:05:46 | OBSERVACION DE RED
Estado monitor: OBSERVACION
IP remota: 20.135.6.11
Puerto remoto: 443
IP local: 192.168.100.8
Puerto local: 59471
Estado TCP: ESTABLISHED
PID: 2632
Aplicacion: OneDrive
Veces vista: 11
Ya fue vista antes y sigue fuera de BASE.
Sigue en observacion con alertas controladas.
Requiere aprobacion manual para pasar a BASE.
2026-08-10 19:05:46 | OBSERVACION DE RED
Estado monitor: OBSERVACION
IP remota: 34.149.66.163
Puerto remoto: 443
IP local: 192.168.100.8
Puerto local: 60797
Estado TCP: ESTABLISHED
PID: 19104
Aplicacion: chrome
Veces vista: 44
Ya fue vista antes y sigue fuera de BASE.
Sigue en observacion con alertas controladas.
Requiere aprobacion manual para pasar a BASE.
2026-08-10 19:05:46 | OBSERVACION DE RED
Estado monitor: OBSERVACION
IP remota: 128.85.75.152
Puerto remoto: 443
IP local: 192.168.100.8
Puerto local: 61064
Estado TCP: ESTABLISHED
PID: 11256
Aplicacion: svchost
Veces vista: 85
Ya fue vista antes y sigue fuera de BASE.
Sigue en observacion con alertas controladas.
Requiere aprobacion manual para pasar a BASE.
2026-08-10 19:05:46 | OBSERVACION DE RED
Estado monitor: OBSERVACION
IP remota: 4.160.58.169
Puerto remoto: 443
IP local: 192.168.100.8
Puerto local: 61096
Estado TCP: ESTABLISHED
PID: 5884
Aplicacion: MsMpEng
Veces vista: 62
Ya fue vista antes y sigue fuera de BASE.
Sigue en observacion con alertas controladas.
Requiere aprobacion manual para pasar a BASE.
2026-08-10 19:05:46 | OBSERVACION DE RED
Estado monitor: OBSERVACION
IP remota: 150.171.28.11
Puerto remoto: 443
IP local: 192.168.100.8
Puerto local: 62603
Estado TCP: ESTABLISHED
PID: 9004
Aplicacion: msedgewebview2
Veces vista: 21
Ya fue vista antes y sigue fuera de BASE.
Sigue en observacion con alertas controladas.
Requiere aprobacion manual para pasar a BASE.
2026-08-10 19:05:46 | OBSERVACION DE RED
Estado monitor: OBSERVACION
IP remota: 142.251.128.99
Puerto remoto: 80
IP local: 192.168.100.8
Puerto local: 62916
Estado TCP: ESTABLISHED
PID: 5092
Aplicacion: svchost
Veces vista: 13
Ya fue vista antes y sigue fuera de BASE.
Sigue en observacion con alertas controladas.
Requiere aprobacion manual para pasar a BASE.
2026-08-10 19:05:46 | OBSERVACION DE RED
Estado monitor: OBSERVACION
IP remota: 2.18.57.55
Puerto remoto: 80
IP local: 192.168.100.8
Puerto local: 62920
Estado TCP: ESTABLISHED
PID: 5092
Aplicacion: svchost
Veces vista: 38
Ya fue vista antes y sigue fuera de BASE.
Sigue en observacion con alertas controladas.
Requiere aprobacion manual para pasar a BASE.
2026-08-10 19:05:46 | NUEVA CONEXION DETECTADA
Estado monitor: NUEVA
IP remota: 2.23.164.43
Puerto remoto: 80
IP local: 192.168.100.8
Puerto local: 62933
Estado TCP: ESTABLISHED
PID: 5092
Aplicacion: svchost
Veces vista: 1
2026-08-10 19:05:46 | OBSERVACION DE RED
Estado monitor: OBSERVACION
IP remota: 189.1.174.38
Puerto remoto: 6568
IP local: 192.168.100.8
Puerto local: 63656
Estado TCP: ESTABLISHED
PID: 5064
Aplicacion: AnyDesk
Veces vista: 1
Sigue en observacion con alertas controladas.
Requiere aprobacion manual para pasar a BASE.
2026-08-10 19:05:46 | OBSERVACION DE RED
Estado monitor: OBSERVACION
IP remota: 20.209.68.33
Puerto remoto: 443
IP local: 192.168.100.8
Puerto local: 63861
Estado TCP: ESTABLISHED
PID: 2632
Aplicacion: OneDrive
Veces vista: 5
Ya fue vista antes y sigue fuera de BASE.
Sigue en observacion con alertas controladas.
Requiere aprobacion manual para pasar a BASE.
2026-08-10 19:05:46 | OBSERVACION DE RED
Estado monitor: OBSERVACION
IP remota: 31.13.94.52
Puerto remoto: 443
IP local: 192.168.100.8
Puerto local: 64931
Estado TCP: ESTABLISHED
PID: 19104
Aplicacion: chrome
Veces vista: 424
Ya fue vista antes y sigue fuera de BASE.
Sigue en observacion con alertas controladas.
Requiere aprobacion manual para pasar a BASE.
2026-08-10 19:05:46 | OBSERVACION DE RED
Estado monitor: OBSERVACION
Tipo: PUERTO EN ESCUCHA
IP local: 0.0.0.0
Puerto local: 52289
Estado TCP: LISTENING
PID: 5712
Aplicacion: RvControlSvc
Veces vista: 1
Sigue en observacion con alertas controladas.
Requiere aprobacion manual para pasar a BASE.
2026-08-10 19:05:46 | OBSERVACION DE RED
Estado monitor: OBSERVACION
Tipo: PUERTO EN ESCUCHA
IP local: 0.0.0.0
Puerto local: 62967
Estado TCP: LISTENING
PID: 5712
Aplicacion: RvControlSvc
Veces vista: 1
Sigue en observacion con alertas controladas.
Requiere aprobacion manual para pasar a BASE.
2026-08-10 19:05:46 | OBSERVACION DE RED
Estado monitor: OBSERVACION
Tipo: PUERTO EN ESCUCHA
IP local: 0.0.0.0
Puerto local: 7680
Estado TCP: LISTENING
PID: 17252
Aplicacion: svchost
Veces vista: 520
Ya fue vista antes y sigue fuera de BASE.
Sigue en observacion con alertas controladas.
Requiere aprobacion manual para pasar a BASE.
2026-08-10 19:05:46 | OBSERVACION DE RED
Estado monitor: OBSERVACION
Tipo: PUERTO EN ESCUCHA
IP local: 192.168.100.8
Puerto local: 139
Estado TCP: LISTENING
PID: 4
Aplicacion: System
Veces vista: 1260
Ya fue vista antes y sigue fuera de BASE.
Sigue en observacion con alertas controladas.
Requiere aprobacion manual para pasar a BASE.
2026-08-10 19:05:46 | OBSERVACION DE RED
Estado monitor: OBSERVACION
Tipo: PUERTO EN ESCUCHA
IP local: 192.168.100.8
Puerto local: 55934
Estado TCP: LISTENING
PID: 5712
Aplicacion: RvControlSvc
Veces vista: 1
Sigue en observacion con alertas controladas.
Requiere aprobacion manual para pasar a BASE.
2026-08-10 19:05:46 | OBSERVACION DE RED
Estado monitor: OBSERVACION
Tipo: PUERTO EN ESCUCHA
IP local: 192.168.100.8
Puerto local: 62966
Estado TCP: LISTENING
PID: 5712
Aplicacion: RvControlSvc
Veces vista: 1
Sigue en observacion con alertas controladas.
Requiere aprobacion manual para pasar a BASE.
2026-08-10 19:05:53 | Escaneo completado. Conexiones=146 Alertas=0 Observaciones=23 LearningMode=False
2026-08-10 19:15:58 | OBSERVACION DE RED
Estado monitor: OBSERVACION
IP remota: 185.199.111.215
Puerto remoto: 443
IP local: 192.168.100.8
Puerto local: 49686
Estado TCP: ESTABLISHED
PID: 19104
Aplicacion: chrome
Veces vista: 5
Ya fue vista antes y sigue fuera de BASE.
Sigue en observacion con alertas controladas.
Requiere aprobacion manual para pasar a BASE.
2026-08-10 19:15:58 | OBSERVACION DE RED
Estado monitor: OBSERVACION
IP remota: 185.199.111.133
Puerto remoto: 443
IP local: 192.168.100.8
Puerto local: 51408
Estado TCP: ESTABLISHED
PID: 19104
Aplicacion: chrome
Veces vista: 39
Ya fue vista antes y sigue fuera de BASE.
Sigue en observacion con alertas controladas.
Requiere aprobacion manual para pasar a BASE.
2026-08-10 19:15:58 | OBSERVACION DE RED
Estado monitor: OBSERVACION
IP remota: 150.171.28.10
Puerto remoto: 443
IP local: 192.168.100.8
Puerto local: 51702
Estado TCP: ESTABLISHED
PID: 19104
Aplicacion: chrome
Veces vista: 7
Ya fue vista antes y sigue fuera de BASE.
Sigue en observacion con alertas controladas.
Requiere aprobacion manual para pasar a BASE.
2026-08-10 19:15:58 | OBSERVACION DE RED
Estado monitor: OBSERVACION
IP remota: 216.150.1.193
Puerto remoto: 443
IP local: 192.168.100.8
Puerto local: 52139
Estado TCP: ESTABLISHED
PID: 19104
Aplicacion: chrome
Veces vista: 151
Ya fue vista antes y sigue fuera de BASE.
Sigue en observacion con alertas controladas.
Requiere aprobacion manual para pasar a BASE.
2026-08-10 19:15:58 | NUEVA CONEXION DETECTADA
Estado monitor: NUEVA
IP remota: 13.251.65.221
Puerto remoto: 443
IP local: 192.168.100.8
Puerto local: 52489
Estado TCP: ESTABLISHED
PID: 19104
Aplicacion: chrome
Veces vista: 1
2026-08-10 19:15:58 | NUEVA CONEXION DETECTADA
Estado monitor: NUEVA
IP remota: 64.233.190.155
Puerto remoto: 443
IP local: 192.168.100.8
Puerto local: 53617
Estado TCP: ESTABLISHED
PID: 19104
Aplicacion: chrome
Veces vista: 1
2026-08-10 19:15:58 | NUEVA CONEXION DETECTADA
Estado monitor: NUEVA
IP remota: 13.251.65.221
Puerto remoto: 443
IP local: 192.168.100.8
Puerto local: 53846
Estado TCP: ESTABLISHED
PID: 19104
Aplicacion: chrome
Veces vista: 2
2026-08-10 19:15:58 | OBSERVACION DE RED
Estado monitor: OBSERVACION
IP remota: 138.97.177.80
Puerto remoto: 57195
IP local: 192.168.100.8
Puerto local: 54777
Estado TCP: ESTABLISHED
PID: 5712
Aplicacion: RvControlSvc
Veces vista: 1
Sigue en observacion con alertas controladas.
Requiere aprobacion manual para pasar a BASE.
2026-08-10 19:15:58 | OBSERVACION DE RED
Estado monitor: OBSERVACION
IP remota: 138.97.177.80
Puerto remoto: 53520
IP local: 192.168.100.8
Puerto local: 54778
Estado TCP: ESTABLISHED
PID: 5712
Aplicacion: RvControlSvc
Veces vista: 1
Sigue en observacion con alertas controladas.
Requiere aprobacion manual para pasar a BASE.
2026-08-10 19:15:58 | OBSERVACION DE RED
Estado monitor: OBSERVACION
IP remota: 172.217.114.4
Puerto remoto: 443
IP local: 192.168.100.8
Puerto local: 55059
Estado TCP: ESTABLISHED
PID: 19104
Aplicacion: chrome
Veces vista: 36
Ya fue vista antes y sigue fuera de BASE.
Sigue en observacion con alertas controladas.
Requiere aprobacion manual para pasar a BASE.
2026-08-10 19:15:58 | NUEVA CONEXION DETECTADA
Estado monitor: NUEVA
IP remota: 20.184.175.16
Puerto remoto: 443
IP local: 192.168.100.8
Puerto local: 55142
Estado TCP: ESTABLISHED
PID: 19104
Aplicacion: chrome
Veces vista: 1
2026-08-10 19:15:58 | OBSERVACION DE RED
Estado monitor: OBSERVACION
IP remota: 108.177.123.188
Puerto remoto: 5228
IP local: 192.168.100.8
Puerto local: 55634
Estado TCP: ESTABLISHED
PID: 19104
Aplicacion: chrome
Veces vista: 603
Ya fue vista antes y sigue fuera de BASE.
Sigue en observacion con alertas controladas.
Requiere aprobacion manual para pasar a BASE.
2026-08-10 19:15:58 | OBSERVACION DE RED
Estado monitor: OBSERVACION
IP remota: 185.199.108.215
Puerto remoto: 443
IP local: 192.168.100.8
Puerto local: 55902
Estado TCP: ESTABLISHED
PID: 19104
Aplicacion: chrome
Veces vista: 6
Ya fue vista antes y sigue fuera de BASE.
Sigue en observacion con alertas controladas.
Requiere aprobacion manual para pasar a BASE.
2026-08-10 19:15:58 | OBSERVACION DE RED
Estado monitor: OBSERVACION
IP remota: 104.18.12.205
Puerto remoto: 443
IP local: 192.168.100.8
Puerto local: 56532
Estado TCP: ESTABLISHED
PID: 19104
Aplicacion: chrome
Veces vista: 14
Ya fue vista antes y sigue fuera de BASE.
Sigue en observacion con alertas controladas.
Requiere aprobacion manual para pasar a BASE.
2026-08-10 19:15:58 | OBSERVACION DE RED
Estado monitor: OBSERVACION
IP remota: 140.82.112.22
Puerto remoto: 443
IP local: 192.168.100.8
Puerto local: 56784
Estado TCP: ESTABLISHED
PID: 19104
Aplicacion: chrome
Veces vista: 11
Ya fue vista antes y sigue fuera de BASE.
Sigue en observacion con alertas controladas.
Requiere aprobacion manual para pasar a BASE.
2026-08-10 19:15:58 | OBSERVACION DE RED
Estado monitor: OBSERVACION
IP remota: 151.101.65.91
Puerto remoto: 443
IP local: 192.168.100.8
Puerto local: 56794
Estado TCP: ESTABLISHED
PID: 19104
Aplicacion: chrome
Veces vista: 77
Ya fue vista antes y sigue fuera de BASE.
Sigue en observacion con alertas controladas.
Requiere aprobacion manual para pasar a BASE.
2026-08-10 19:15:58 | OBSERVACION DE RED
Estado monitor: OBSERVACION
IP remota: 142.250.0.84
Puerto remoto: 443
IP local: 192.168.100.8
Puerto local: 56842
Estado TCP: ESTABLISHED
PID: 19104
Aplicacion: chrome
Veces vista: 21
Ya fue vista antes y sigue fuera de BASE.
Sigue en observacion con alertas controladas.
Requiere aprobacion manual para pasar a BASE.
2026-08-10 19:15:58 | OBSERVACION DE RED
Estado monitor: OBSERVACION
IP remota: 185.199.110.133
Puerto remoto: 443
IP local: 192.168.100.8
Puerto local: 58548
Estado TCP: ESTABLISHED
PID: 19104
Aplicacion: chrome
Veces vista: 40
Ya fue vista antes y sigue fuera de BASE.
Sigue en observacion con alertas controladas.
Requiere aprobacion manual para pasar a BASE.
2026-08-10 19:15:58 | OBSERVACION DE RED
Estado monitor: OBSERVACION
IP remota: 142.251.129.136
Puerto remoto: 443
IP local: 192.168.100.8
Puerto local: 58604
Estado TCP: ESTABLISHED
PID: 19104
Aplicacion: chrome
Veces vista: 11
Ya fue vista antes y sigue fuera de BASE.
Sigue en observacion con alertas controladas.
Requiere aprobacion manual para pasar a BASE.
2026-08-10 19:15:58 | OBSERVACION DE RED
Estado monitor: OBSERVACION
IP remota: 142.251.128.67
Puerto remoto: 443
IP local: 192.168.100.8
Puerto local: 59969
Estado TCP: ESTABLISHED
PID: 19104
Aplicacion: chrome
Veces vista: 111
Ya fue vista antes y sigue fuera de BASE.
Sigue en observacion con alertas controladas.
Requiere aprobacion manual para pasar a BASE.
2026-08-10 19:15:58 | OBSERVACION DE RED
Estado monitor: OBSERVACION
IP remota: 35.237.250.138
Puerto remoto: 443
IP local: 192.168.100.8
Puerto local: 60074
Estado TCP: ESTABLISHED
PID: 19104
Aplicacion: chrome
Veces vista: 27
Ya fue vista antes y sigue fuera de BASE.
Sigue en observacion con alertas controladas.
Requiere aprobacion manual para pasar a BASE.
2026-08-10 19:15:58 | NUEVA CONEXION DETECTADA
Estado monitor: NUEVA
IP remota: 65.8.207.101
Puerto remoto: 443
IP local: 192.168.100.8
Puerto local: 60515
Estado TCP: ESTABLISHED
PID: 19104
Aplicacion: chrome
Veces vista: 1
2026-08-10 19:15:58 | OBSERVACION DE RED
Estado monitor: OBSERVACION
IP remota: 172.217.115.4
Puerto remoto: 443
IP local: 192.168.100.8
Puerto local: 61154
Estado TCP: ESTABLISHED
PID: 19104
Aplicacion: chrome
Veces vista: 33
Ya fue vista antes y sigue fuera de BASE.
Sigue en observacion con alertas controladas.
Requiere aprobacion manual para pasar a BASE.
2026-08-10 19:15:58 | NUEVA CONEXION DETECTADA
Estado monitor: NUEVA
IP remota: 52.159.82.83
Puerto remoto: 443
IP local: 192.168.100.8
Puerto local: 61845
Estado TCP: ESTABLISHED
PID: 19104
Aplicacion: chrome
Veces vista: 1
2026-08-10 19:15:58 | NUEVA CONEXION DETECTADA
Estado monitor: NUEVA
IP remota: 20.184.175.16
Puerto remoto: 443
IP local: 192.168.100.8
Puerto local: 62442
Estado TCP: ESTABLISHED
PID: 19104
Aplicacion: chrome
Veces vista: 2
2026-08-10 19:15:58 | NUEVA CONEXION DETECTADA
Estado monitor: NUEVA
IP remota: 65.8.207.26
Puerto remoto: 443
IP local: 192.168.100.8
Puerto local: 65259
Estado TCP: ESTABLISHED
PID: 19104
Aplicacion: chrome
Veces vista: 1
2026-08-10 19:15:58 | OBSERVACION DE RED
Estado monitor: OBSERVACION
IP remota: 26.81.60.236
Puerto remoto: 61619
IP local: 26.137.80.247
Puerto local: 7680
Estado TCP: ESTABLISHED
PID: 17252
Aplicacion: svchost
Veces vista: 1
Sigue en observacion con alertas controladas.
Requiere aprobacion manual para pasar a BASE.
2026-08-10 19:16:01 | Escaneo completado. Conexiones=127 Alertas=0 Observaciones=27 LearningMode=False
2026-08-10 19:25:40 | OBSERVACION DE RED
Estado monitor: OBSERVACION
IP remota: 142.250.0.188
Puerto remoto: 5228
IP local: 192.168.100.8
Puerto local: 49669
Estado TCP: ESTABLISHED
PID: 19104
Aplicacion: chrome
Veces vista: 626
Ya fue vista antes y sigue fuera de BASE.
Sigue en observacion con alertas controladas.
Requiere aprobacion manual para pasar a BASE.
2026-08-10 19:25:40 | NUEVA CONEXION DETECTADA
Estado monitor: NUEVA
IP remota: 13.213.219.9
Puerto remoto: 443
IP local: 192.168.100.8
Puerto local: 55262
Estado TCP: ESTABLISHED
PID: 19104
Aplicacion: chrome
Veces vista: 1
2026-08-10 19:25:40 | NUEVA CONEXION DETECTADA
Estado monitor: NUEVA
IP remota: 13.213.219.9
Puerto remoto: 443
IP local: 192.168.100.8
Puerto local: 57775
Estado TCP: ESTABLISHED
PID: 19104
Aplicacion: chrome
Veces vista: 2
2026-08-10 19:25:40 | OBSERVACION DE RED
Estado monitor: OBSERVACION
IP remota: 138.97.177.150
Puerto remoto: 49704
IP local: 192.168.100.8
Puerto local: 60666
Estado TCP: ESTABLISHED
PID: 5712
Aplicacion: RvControlSvc
Veces vista: 170
Ya fue vista antes y sigue fuera de BASE.
Sigue en observacion con alertas controladas.
Requiere aprobacion manual para pasar a BASE.
2026-08-10 19:25:40 | OBSERVACION DE RED
Estado monitor: OBSERVACION
IP remota: 138.97.177.104
Puerto remoto: 49688
IP local: 192.168.100.8
Puerto local: 62910
Estado TCP: ESTABLISHED
PID: 5712
Aplicacion: RvControlSvc
Veces vista: 67
Ya fue vista antes y sigue fuera de BASE.
Sigue en observacion con alertas controladas.
Requiere aprobacion manual para pasar a BASE.
2026-08-10 19:25:40 | OBSERVACION DE RED
Estado monitor: OBSERVACION
Tipo: PUERTO EN ESCUCHA
IP local: 0.0.0.0
Puerto local: 61127
Estado TCP: LISTENING
PID: 5712
Aplicacion: RvControlSvc
Veces vista: 1
Sigue en observacion con alertas controladas.
Requiere aprobacion manual para pasar a BASE.
2026-08-10 19:25:43 | Escaneo completado. Conexiones=57 Alertas=0 Observaciones=6 LearningMode=False
2026-08-10 19:35:40 | OBSERVACION DE RED
Estado monitor: OBSERVACION
IP remota: 31.13.94.52
Puerto remoto: 443
IP local: 192.168.100.8
Puerto local: 50252
Estado TCP: ESTABLISHED
PID: 19104
Aplicacion: chrome
Veces vista: 427
Ya fue vista antes y sigue fuera de BASE.
Sigue en observacion con alertas controladas.
Requiere aprobacion manual para pasar a BASE.
2026-08-10 19:35:40 | OBSERVACION DE RED
Estado monitor: OBSERVACION
IP remota: 64.233.190.188
Puerto remoto: 5228
IP local: 192.168.100.8
Puerto local: 50780
Estado TCP: ESTABLISHED
PID: 19104
Aplicacion: chrome
Veces vista: 381
Ya fue vista antes y sigue fuera de BASE.
Sigue en observacion con alertas controladas.
Requiere aprobacion manual para pasar a BASE.
2026-08-10 19:35:40 | OBSERVACION DE RED
Estado monitor: OBSERVACION
IP remota: 189.1.174.38
Puerto remoto: 6568
IP local: 192.168.100.8
Puerto local: 63656
Estado TCP: ESTABLISHED
PID: 5064
Aplicacion: AnyDesk
Veces vista: 4
Ya fue vista antes y sigue fuera de BASE.
Sigue en observacion con alertas controladas.
Requiere aprobacion manual para pasar a BASE.
2026-08-10 19:35:40 | OBSERVACION DE RED
Estado monitor: OBSERVACION
IP remota: 26.81.60.236
Puerto remoto: 62262
IP local: 26.137.80.247
Puerto local: 7680
Estado TCP: ESTABLISHED
PID: 17252
Aplicacion: svchost
Veces vista: 1
Sigue en observacion con alertas controladas.
Requiere aprobacion manual para pasar a BASE.
2026-08-10 19:35:40 | OBSERVACION DE RED
Estado monitor: OBSERVACION
Tipo: PUERTO EN ESCUCHA
IP local: 0.0.0.0
Puerto local: 55905
Estado TCP: LISTENING
PID: 5712
Aplicacion: RvControlSvc
Veces vista: 1
Sigue en observacion con alertas controladas.
Requiere aprobacion manual para pasar a BASE.
2026-08-10 19:35:40 | OBSERVACION DE RED
Estado monitor: OBSERVACION
Tipo: PUERTO EN ESCUCHA
IP local: 0.0.0.0
Puerto local: 7680
Estado TCP: LISTENING
PID: 17252
Aplicacion: svchost
Veces vista: 523
Ya fue vista antes y sigue fuera de BASE.
Sigue en observacion con alertas controladas.
Requiere aprobacion manual para pasar a BASE.
2026-08-10 19:35:40 | OBSERVACION DE RED
Estado monitor: OBSERVACION
Tipo: PUERTO EN ESCUCHA
IP local: 192.168.100.8
Puerto local: 139
Estado TCP: LISTENING
PID: 4
Aplicacion: System
Veces vista: 1263
Ya fue vista antes y sigue fuera de BASE.
Sigue en observacion con alertas controladas.
Requiere aprobacion manual para pasar a BASE.
2026-08-10 19:35:40 | OBSERVACION DE RED
Estado monitor: OBSERVACION
Tipo: PUERTO EN ESCUCHA
IP local: 192.168.100.8
Puerto local: 55934
Estado TCP: LISTENING
PID: 5712
Aplicacion: RvControlSvc
Veces vista: 4
Ya fue vista antes y sigue fuera de BASE.
Sigue en observacion con alertas controladas.
Requiere aprobacion manual para pasar a BASE.
2026-08-10 19:35:43 | Escaneo completado. Conexiones=42 Alertas=0 Observaciones=8 LearningMode=False
2026-08-10 19:45:41 | OBSERVACION DE RED
Estado monitor: OBSERVACION
IP remota: 34.149.66.163
Puerto remoto: 443
IP local: 192.168.100.8
Puerto local: 54340
Estado TCP: ESTABLISHED
PID: 19104
Aplicacion: chrome
Veces vista: 46
Ya fue vista antes y sigue fuera de BASE.
Sigue en observacion con alertas controladas.
Requiere aprobacion manual para pasar a BASE.
2026-08-10 19:45:41 | OBSERVACION DE RED
Estado monitor: OBSERVACION
IP remota: 138.97.177.80
Puerto remoto: 57195
IP local: 192.168.100.8
Puerto local: 54777
Estado TCP: ESTABLISHED
PID: 5712
Aplicacion: RvControlSvc
Veces vista: 4
Ya fue vista antes y sigue fuera de BASE.
Sigue en observacion con alertas controladas.
Requiere aprobacion manual para pasar a BASE.
2026-08-10 19:45:41 | OBSERVACION DE RED
Estado monitor: OBSERVACION
IP remota: 138.97.177.80
Puerto remoto: 53520
IP local: 192.168.100.8
Puerto local: 54778
Estado TCP: ESTABLISHED
PID: 5712
Aplicacion: RvControlSvc
Veces vista: 4
Ya fue vista antes y sigue fuera de BASE.
Sigue en observacion con alertas controladas.
Requiere aprobacion manual para pasar a BASE.
2026-08-10 19:45:41 | OBSERVACION DE RED
Estado monitor: OBSERVACION
Tipo: PUERTO EN ESCUCHA
IP local: 0.0.0.0
Puerto local: 60563
Estado TCP: LISTENING
PID: 5712
Aplicacion: RvControlSvc
Veces vista: 1
Sigue en observacion con alertas controladas.
Requiere aprobacion manual para pasar a BASE.
2026-08-10 19:45:44 | Escaneo completado. Conexiones=49 Alertas=0 Observaciones=4 LearningMode=False
2026-08-10 19:55:43 | OBSERVACION DE RED
Estado monitor: OBSERVACION
IP remota: 142.250.0.188
Puerto remoto: 5228
IP local: 192.168.100.8
Puerto local: 49669
Estado TCP: ESTABLISHED
PID: 19104
Aplicacion: chrome
Veces vista: 629
Ya fue vista antes y sigue fuera de BASE.
Sigue en observacion con alertas controladas.
Requiere aprobacion manual para pasar a BASE.
2026-08-10 19:55:43 | OBSERVACION DE RED
Estado monitor: OBSERVACION
IP remota: 138.97.177.150
Puerto remoto: 49704
IP local: 192.168.100.8
Puerto local: 60666
Estado TCP: ESTABLISHED
PID: 5712
Aplicacion: RvControlSvc
Veces vista: 173
Ya fue vista antes y sigue fuera de BASE.
Sigue en observacion con alertas controladas.
Requiere aprobacion manual para pasar a BASE.
2026-08-10 19:55:43 | OBSERVACION DE RED
Estado monitor: OBSERVACION
IP remota: 138.97.177.104
Puerto remoto: 49688
IP local: 192.168.100.8
Puerto local: 62910
Estado TCP: ESTABLISHED
PID: 5712
Aplicacion: RvControlSvc
Veces vista: 70
Ya fue vista antes y sigue fuera de BASE.
Sigue en observacion con alertas controladas.
Requiere aprobacion manual para pasar a BASE.
2026-08-10 19:55:43 | OBSERVACION DE RED
Estado monitor: OBSERVACION
IP remota: 216.150.1.193
Puerto remoto: 443
IP local: 192.168.100.8
Puerto local: 64753
Estado TCP: ESTABLISHED
PID: 19104
Aplicacion: chrome
Veces vista: 153
Ya fue vista antes y sigue fuera de BASE.
Sigue en observacion con alertas controladas.
Requiere aprobacion manual para pasar a BASE.
2026-08-10 19:55:43 | OBSERVACION DE RED
Estado monitor: OBSERVACION
Tipo: PUERTO EN ESCUCHA
IP local: 0.0.0.0
Puerto local: 62536
Estado TCP: LISTENING
PID: 5712
Aplicacion: RvControlSvc
Veces vista: 1
Sigue en observacion con alertas controladas.
Requiere aprobacion manual para pasar a BASE.
2026-08-10 19:55:46 | Escaneo completado. Conexiones=49 Alertas=0 Observaciones=5 LearningMode=False
2026-08-10 20:05:43 | OBSERVACION DE RED
Estado monitor: OBSERVACION
IP remota: 64.233.190.188
Puerto remoto: 5228
IP local: 192.168.100.8
Puerto local: 50780
Estado TCP: ESTABLISHED
PID: 19104
Aplicacion: chrome
Veces vista: 384
Ya fue vista antes y sigue fuera de BASE.
Sigue en observacion con alertas controladas.
Requiere aprobacion manual para pasar a BASE.
2026-08-10 20:05:43 | OBSERVACION DE RED
Estado monitor: OBSERVACION
IP remota: 31.13.94.52
Puerto remoto: 443
IP local: 192.168.100.8
Puerto local: 52393
Estado TCP: ESTABLISHED
PID: 19104
Aplicacion: chrome
Veces vista: 430
Ya fue vista antes y sigue fuera de BASE.
Sigue en observacion con alertas controladas.
Requiere aprobacion manual para pasar a BASE.
2026-08-10 20:05:43 | OBSERVACION DE RED
Estado monitor: OBSERVACION
IP remota: 189.1.174.38
Puerto remoto: 6568
IP local: 192.168.100.8
Puerto local: 63656
Estado TCP: ESTABLISHED
PID: 5064
Aplicacion: AnyDesk
Veces vista: 7
Ya fue vista antes y sigue fuera de BASE.
Sigue en observacion con alertas controladas.
Requiere aprobacion manual para pasar a BASE.
2026-08-10 20:05:43 | OBSERVACION DE RED
Estado monitor: OBSERVACION
IP remota: 26.81.60.236
Puerto remoto: 62262
IP local: 26.137.80.247
Puerto local: 7680
Estado TCP: ESTABLISHED
PID: 17252
Aplicacion: svchost
Veces vista: 4
Ya fue vista antes y sigue fuera de BASE.
Sigue en observacion con alertas controladas.
Requiere aprobacion manual para pasar a BASE.
2026-08-10 20:05:43 | OBSERVACION DE RED
Estado monitor: OBSERVACION
Tipo: PUERTO EN ESCUCHA
IP local: 0.0.0.0
Puerto local: 61723
Estado TCP: LISTENING
PID: 5712
Aplicacion: RvControlSvc
Veces vista: 1
Sigue en observacion con alertas controladas.
Requiere aprobacion manual para pasar a BASE.
2026-08-10 20:05:43 | OBSERVACION DE RED
Estado monitor: OBSERVACION
Tipo: PUERTO EN ESCUCHA
IP local: 0.0.0.0
Puerto local: 7680
Estado TCP: LISTENING
PID: 17252
Aplicacion: svchost
Veces vista: 526
Ya fue vista antes y sigue fuera de BASE.
Sigue en observacion con alertas controladas.
Requiere aprobacion manual para pasar a BASE.
2026-08-10 20:05:43 | OBSERVACION DE RED
Estado monitor: OBSERVACION
Tipo: PUERTO EN ESCUCHA
IP local: 192.168.100.8
Puerto local: 139
Estado TCP: LISTENING
PID: 4
Aplicacion: System
Veces vista: 1266
Ya fue vista antes y sigue fuera de BASE.
Sigue en observacion con alertas controladas.
Requiere aprobacion manual para pasar a BASE.
2026-08-10 20:05:43 | OBSERVACION DE RED
Estado monitor: OBSERVACION
Tipo: PUERTO EN ESCUCHA
IP local: 192.168.100.8
Puerto local: 55934
Estado TCP: LISTENING
PID: 5712
Aplicacion: RvControlSvc
Veces vista: 7
Ya fue vista antes y sigue fuera de BASE.
Sigue en observacion con alertas controladas.
Requiere aprobacion manual para pasar a BASE.
2026-08-10 20:05:47 | Escaneo completado. Conexiones=45 Alertas=0 Observaciones=8 LearningMode=False
2026-08-10 20:15:42 | OBSERVACION DE RED
Estado monitor: OBSERVACION
IP remota: 172.217.116.4
Puerto remoto: 443
IP local: 192.168.100.8
Puerto local: 49671
Estado TCP: ESTABLISHED
PID: 19104
Aplicacion: chrome
Veces vista: 37
Ya fue vista antes y sigue fuera de BASE.
Sigue en observacion con alertas controladas.
Requiere aprobacion manual para pasar a BASE.
2026-08-10 20:15:42 | OBSERVACION DE RED
Estado monitor: OBSERVACION
IP remota: 138.97.177.80
Puerto remoto: 57195
IP local: 192.168.100.8
Puerto local: 54777
Estado TCP: ESTABLISHED
PID: 5712
Aplicacion: RvControlSvc
Veces vista: 7
Ya fue vista antes y sigue fuera de BASE.
Sigue en observacion con alertas controladas.
Requiere aprobacion manual para pasar a BASE.
2026-08-10 20:15:42 | OBSERVACION DE RED
Estado monitor: OBSERVACION
IP remota: 138.97.177.80
Puerto remoto: 53520
IP local: 192.168.100.8
Puerto local: 54778
Estado TCP: ESTABLISHED
PID: 5712
Aplicacion: RvControlSvc
Veces vista: 7
Ya fue vista antes y sigue fuera de BASE.
Sigue en observacion con alertas controladas.
Requiere aprobacion manual para pasar a BASE.
2026-08-10 20:15:42 | OBSERVACION DE RED
Estado monitor: OBSERVACION
IP remota: 142.251.129.133
Puerto remoto: 443
IP local: 192.168.100.8
Puerto local: 56964
Estado TCP: ESTABLISHED
PID: 19104
Aplicacion: chrome
Veces vista: 12
Ya fue vista antes y sigue fuera de BASE.
Sigue en observacion con alertas controladas.
Requiere aprobacion manual para pasar a BASE.
2026-08-10 20:15:42 | OBSERVACION DE RED
Estado monitor: OBSERVACION
Tipo: PUERTO EN ESCUCHA
IP local: 0.0.0.0
Puerto local: 60702
Estado TCP: LISTENING
PID: 5712
Aplicacion: RvControlSvc
Veces vista: 1
Sigue en observacion con alertas controladas.
Requiere aprobacion manual para pasar a BASE.
2026-08-10 20:15:45 | Escaneo completado. Conexiones=46 Alertas=0 Observaciones=5 LearningMode=False
2026-08-10 20:25:43 | OBSERVACION DE RED
Estado monitor: OBSERVACION
IP remota: 142.250.0.188
Puerto remoto: 5228
IP local: 192.168.100.8
Puerto local: 49669
Estado TCP: ESTABLISHED
PID: 19104
Aplicacion: chrome
Veces vista: 632
Ya fue vista antes y sigue fuera de BASE.
Sigue en observacion con alertas controladas.
Requiere aprobacion manual para pasar a BASE.
2026-08-10 20:25:43 | OBSERVACION DE RED
Estado monitor: OBSERVACION
IP remota: 179.63.242.166
Puerto remoto: 59394
IP local: 192.168.100.8
Puerto local: 55934
Estado TCP: ESTABLISHED
PID: 5712
Aplicacion: RvControlSvc
Veces vista: 1
Sigue en observacion con alertas controladas.
Requiere aprobacion manual para pasar a BASE.
2026-08-10 20:25:43 | OBSERVACION DE RED
Estado monitor: OBSERVACION
IP remota: 216.150.1.193
Puerto remoto: 443
IP local: 192.168.100.8
Puerto local: 56265
Estado TCP: ESTABLISHED
PID: 19104
Aplicacion: chrome
Veces vista: 156
Ya fue vista antes y sigue fuera de BASE.
Sigue en observacion con alertas controladas.
Requiere aprobacion manual para pasar a BASE.
2026-08-10 20:25:43 | OBSERVACION DE RED
Estado monitor: OBSERVACION
IP remota: 34.149.66.163
Puerto remoto: 443
IP local: 192.168.100.8
Puerto local: 58927
Estado TCP: ESTABLISHED
PID: 19104
Aplicacion: chrome
Veces vista: 50
Ya fue vista antes y sigue fuera de BASE.
Sigue en observacion con alertas controladas.
Requiere aprobacion manual para pasar a BASE.
2026-08-10 20:25:43 | OBSERVACION DE RED
Estado monitor: OBSERVACION
IP remota: 138.97.177.150
Puerto remoto: 49704
IP local: 192.168.100.8
Puerto local: 60666
Estado TCP: ESTABLISHED
PID: 5712
Aplicacion: RvControlSvc
Veces vista: 176
Ya fue vista antes y sigue fuera de BASE.
Sigue en observacion con alertas controladas.
Requiere aprobacion manual para pasar a BASE.
2026-08-10 20:25:43 | OBSERVACION DE RED
Estado monitor: OBSERVACION
IP remota: 138.97.177.104
Puerto remoto: 49688
IP local: 192.168.100.8
Puerto local: 62910
Estado TCP: ESTABLISHED
PID: 5712
Aplicacion: RvControlSvc
Veces vista: 73
Ya fue vista antes y sigue fuera de BASE.
Sigue en observacion con alertas controladas.
Requiere aprobacion manual para pasar a BASE.
2026-08-10 20:25:43 | OBSERVACION DE RED
Estado monitor: OBSERVACION
Tipo: PUERTO EN ESCUCHA
IP local: 0.0.0.0
Puerto local: 61290
Estado TCP: LISTENING
PID: 5712
Aplicacion: RvControlSvc
Veces vista: 1
Sigue en observacion con alertas controladas.
Requiere aprobacion manual para pasar a BASE.
2026-08-10 20:25:46 | Escaneo completado. Conexiones=46 Alertas=0 Observaciones=7 LearningMode=False
2026-08-10 20:35:45 | OBSERVACION DE RED
Estado monitor: OBSERVACION
IP remota: 64.233.190.188
Puerto remoto: 5228
IP local: 192.168.100.8
Puerto local: 50780
Estado TCP: ESTABLISHED
PID: 19104
Aplicacion: chrome
Veces vista: 387
Ya fue vista antes y sigue fuera de BASE.
Sigue en observacion con alertas controladas.
Requiere aprobacion manual para pasar a BASE.
2026-08-10 20:35:45 | OBSERVACION DE RED
Estado monitor: OBSERVACION
IP remota: 31.13.94.52
Puerto remoto: 443
IP local: 192.168.100.8
Puerto local: 52393
Estado TCP: ESTABLISHED
PID: 19104
Aplicacion: chrome
Veces vista: 433
Ya fue vista antes y sigue fuera de BASE.
Sigue en observacion con alertas controladas.
Requiere aprobacion manual para pasar a BASE.
2026-08-10 20:35:45 | OBSERVACION DE RED
Estado monitor: OBSERVACION
IP remota: 138.97.177.150
Puerto remoto: 63983
IP local: 192.168.100.8
Puerto local: 55934
Estado TCP: ESTABLISHED
PID: 5712
Aplicacion: RvControlSvc
Veces vista: 1
Sigue en observacion con alertas controladas.
Requiere aprobacion manual para pasar a BASE.
2026-08-10 20:35:45 | OBSERVACION DE RED
Estado monitor: OBSERVACION
IP remota: 189.1.174.38
Puerto remoto: 6568
IP local: 192.168.100.8
Puerto local: 63656
Estado TCP: ESTABLISHED
PID: 5064
Aplicacion: AnyDesk
Veces vista: 10
Ya fue vista antes y sigue fuera de BASE.
Sigue en observacion con alertas controladas.
Requiere aprobacion manual para pasar a BASE.
2026-08-10 20:35:45 | OBSERVACION DE RED
Estado monitor: OBSERVACION
Tipo: PUERTO EN ESCUCHA
IP local: 0.0.0.0
Puerto local: 49724
Estado TCP: LISTENING
PID: 5712
Aplicacion: RvControlSvc
Veces vista: 1
Sigue en observacion con alertas controladas.
Requiere aprobacion manual para pasar a BASE.
2026-08-10 20:35:45 | OBSERVACION DE RED
Estado monitor: OBSERVACION
Tipo: PUERTO EN ESCUCHA
IP local: 0.0.0.0
Puerto local: 7680
Estado TCP: LISTENING
PID: 17252
Aplicacion: svchost
Veces vista: 527
Ya fue vista antes y sigue fuera de BASE.
Sigue en observacion con alertas controladas.
Requiere aprobacion manual para pasar a BASE.
2026-08-10 20:35:45 | OBSERVACION DE RED
Estado monitor: OBSERVACION
Tipo: PUERTO EN ESCUCHA
IP local: 192.168.100.8
Puerto local: 139
Estado TCP: LISTENING
PID: 4
Aplicacion: System
Veces vista: 1269
Ya fue vista antes y sigue fuera de BASE.
Sigue en observacion con alertas controladas.
Requiere aprobacion manual para pasar a BASE.
2026-08-10 20:35:45 | OBSERVACION DE RED
Estado monitor: OBSERVACION
Tipo: PUERTO EN ESCUCHA
IP local: 192.168.100.8
Puerto local: 55934
Estado TCP: LISTENING
PID: 5712
Aplicacion: RvControlSvc
Veces vista: 10
Ya fue vista antes y sigue fuera de BASE.
Sigue en observacion con alertas controladas.
Requiere aprobacion manual para pasar a BASE.
2026-08-10 20:35:48 | Escaneo completado. Conexiones=47 Alertas=0 Observaciones=8 LearningMode=False
2026-08-10 20:46:19 | OBSERVACION DE RED
Estado monitor: OBSERVACION
IP remota: 108.177.123.188
Puerto remoto: 5228
IP local: 192.168.100.8
Puerto local: 50538
Estado TCP: ESTABLISHED
PID: 19104
Aplicacion: chrome
Veces vista: 604
Ya fue vista antes y sigue fuera de BASE.
Sigue en observacion con alertas controladas.
Requiere aprobacion manual para pasar a BASE.
2026-08-10 20:46:19 | OBSERVACION DE RED
Estado monitor: OBSERVACION
IP remota: 45.162.230.182
Puerto remoto: 17351
IP local: 192.168.100.8
Puerto local: 55786
Estado TCP: ESTABLISHED
PID: 5712
Aplicacion: RvControlSvc
Veces vista: 2095
Ya fue vista antes y sigue fuera de BASE.
Sigue en observacion con alertas controladas.
Requiere aprobacion manual para pasar a BASE.
2026-08-10 20:46:19 | OBSERVACION DE RED
Estado monitor: OBSERVACION
IP remota: 148.113.190.78
Puerto remoto: 17301
IP local: 192.168.100.8
Puerto local: 55934
Estado TCP: ESTABLISHED
PID: 5712
Aplicacion: RvControlSvc
Veces vista: 997
Ya fue vista antes y sigue fuera de BASE.
Sigue en observacion con alertas controladas.
Requiere aprobacion manual para pasar a BASE.
2026-08-10 20:46:19 | OBSERVACION DE RED
Estado monitor: OBSERVACION
IP remota: 179.63.242.166
Puerto remoto: 65034
IP local: 192.168.100.8
Puerto local: 55934
Estado TCP: ESTABLISHED
PID: 5712
Aplicacion: RvControlSvc
Veces vista: 1
Sigue en observacion con alertas controladas.
Requiere aprobacion manual para pasar a BASE.
2026-08-10 20:46:19 | OBSERVACION DE RED
Estado monitor: OBSERVACION
IP remota: 31.13.94.52
Puerto remoto: 5222
IP local: 192.168.100.8
Puerto local: 60499
Estado TCP: ESTABLISHED
PID: 19104
Aplicacion: chrome
Veces vista: 79
Ya fue vista antes y sigue fuera de BASE.
Sigue en observacion con alertas controladas.
Requiere aprobacion manual para pasar a BASE.
2026-08-10 20:46:19 | OBSERVACION DE RED
Estado monitor: OBSERVACION
IP remota: 138.97.177.80
Puerto remoto: 53520
IP local: 192.168.100.8
Puerto local: 64403
Estado TCP: ESTABLISHED
PID: 5712
Aplicacion: RvControlSvc
Veces vista: 10
Ya fue vista antes y sigue fuera de BASE.
Sigue en observacion con alertas controladas.
Requiere aprobacion manual para pasar a BASE.
2026-08-10 20:46:19 | OBSERVACION DE RED
Estado monitor: OBSERVACION
IP remota: 168.90.73.130
Puerto remoto: 55558
IP local: 192.168.100.8
Puerto local: 64447
Estado TCP: ESTABLISHED
PID: 5712
Aplicacion: RvControlSvc
Veces vista: 137
Ya fue vista antes y sigue fuera de BASE.
Sigue en observacion con alertas controladas.
Requiere aprobacion manual para pasar a BASE.
2026-08-10 20:46:19 | OBSERVACION DE RED
Estado monitor: OBSERVACION
IP remota: 138.97.177.20
Puerto remoto: 50991
IP local: 192.168.100.8
Puerto local: 64448
Estado TCP: ESTABLISHED
PID: 5712
Aplicacion: RvControlSvc
Veces vista: 192
Ya fue vista antes y sigue fuera de BASE.
Sigue en observacion con alertas controladas.
Requiere aprobacion manual para pasar a BASE.
2026-08-10 20:46:19 | OBSERVACION DE RED
Estado monitor: OBSERVACION
IP remota: 138.97.177.156
Puerto remoto: 43991
IP local: 192.168.100.8
Puerto local: 64478
Estado TCP: ESTABLISHED
PID: 5712
Aplicacion: RvControlSvc
Veces vista: 162
Ya fue vista antes y sigue fuera de BASE.
Sigue en observacion con alertas controladas.
Requiere aprobacion manual para pasar a BASE.
2026-08-10 20:46:19 | OBSERVACION DE RED
Estado monitor: OBSERVACION
IP remota: 198.244.203.247
Puerto remoto: 17301
IP local: 192.168.100.8
Puerto local: 64676
Estado TCP: ESTABLISHED
PID: 5712
Aplicacion: RvControlSvc
Veces vista: 32
Ya fue vista antes y sigue fuera de BASE.
Sigue en observacion con alertas controladas.
Requiere aprobacion manual para pasar a BASE.
2026-08-10 20:46:19 | OBSERVACION DE RED
Estado monitor: OBSERVACION
IP remota: 20.42.73.30
Puerto remoto: 443
IP local: 192.168.100.8
Puerto local: 64681
Estado TCP: ESTABLISHED
PID: 5544
Aplicacion: MpDefenderCoreService
Veces vista: 2
Ya fue vista antes y sigue fuera de BASE.
Sigue en observacion con alertas controladas.
Requiere aprobacion manual para pasar a BASE.
2026-08-10 20:46:19 | OBSERVACION DE RED
Estado monitor: OBSERVACION
Tipo: PUERTO EN ESCUCHA
IP local: 0.0.0.0
Puerto local: 135
Estado TCP: LISTENING
PID: 1808
Aplicacion: svchost
Veces vista: 3376
Ya fue vista antes y sigue fuera de BASE.
Sigue en observacion con alertas controladas.
Requiere aprobacion manual para pasar a BASE.
2026-08-10 20:46:19 | OBSERVACION DE RED
Estado monitor: OBSERVACION
Tipo: PUERTO EN ESCUCHA
IP local: 0.0.0.0
Puerto local: 445
Estado TCP: LISTENING
PID: 4
Aplicacion: System
Veces vista: 3376
Ya fue vista antes y sigue fuera de BASE.
Sigue en observacion con alertas controladas.
Requiere aprobacion manual para pasar a BASE.
2026-08-10 20:46:19 | OBSERVACION DE RED
Estado monitor: OBSERVACION
Tipo: PUERTO EN ESCUCHA
IP local: 0.0.0.0
Puerto local: 49664
Estado TCP: LISTENING
PID: 1516
Aplicacion: lsass
Veces vista: 3376
Ya fue vista antes y sigue fuera de BASE.
Sigue en observacion con alertas controladas.
Requiere aprobacion manual para pasar a BASE.
2026-08-10 20:46:19 | OBSERVACION DE RED
Estado monitor: OBSERVACION
Tipo: PUERTO EN ESCUCHA
IP local: 0.0.0.0
Puerto local: 49665
Estado TCP: LISTENING
PID: 1336
Aplicacion: wininit
Veces vista: 3376
Ya fue vista antes y sigue fuera de BASE.
Sigue en observacion con alertas controladas.
Requiere aprobacion manual para pasar a BASE.
2026-08-10 20:46:19 | OBSERVACION DE RED
Estado monitor: OBSERVACION
Tipo: PUERTO EN ESCUCHA
IP local: 0.0.0.0
Puerto local: 49666
Estado TCP: LISTENING
PID: 2520
Aplicacion: svchost
Veces vista: 3376
Ya fue vista antes y sigue fuera de BASE.
Sigue en observacion con alertas controladas.
Requiere aprobacion manual para pasar a BASE.
2026-08-10 20:46:19 | OBSERVACION DE RED
Estado monitor: OBSERVACION
Tipo: PUERTO EN ESCUCHA
IP local: 0.0.0.0
Puerto local: 49667
Estado TCP: LISTENING
PID: 3316
Aplicacion: svchost
Veces vista: 3376
Ya fue vista antes y sigue fuera de BASE.
Sigue en observacion con alertas controladas.
Requiere aprobacion manual para pasar a BASE.
2026-08-10 20:46:19 | OBSERVACION DE RED
Estado monitor: OBSERVACION
Tipo: PUERTO EN ESCUCHA
IP local: 0.0.0.0
Puerto local: 49668
Estado TCP: LISTENING
PID: 4872
Aplicacion: spoolsv
Veces vista: 3376
Ya fue vista antes y sigue fuera de BASE.
Sigue en observacion con alertas controladas.
Requiere aprobacion manual para pasar a BASE.
2026-08-10 20:46:19 | OBSERVACION DE RED
Estado monitor: OBSERVACION
Tipo: PUERTO EN ESCUCHA
IP local: 0.0.0.0
Puerto local: 49670
Estado TCP: LISTENING
PID: 1488
Aplicacion: services
Veces vista: 2113
Ya fue vista antes y sigue fuera de BASE.
Sigue en observacion con alertas controladas.
Requiere aprobacion manual para pasar a BASE.
2026-08-10 20:46:19 | OBSERVACION DE RED
Estado monitor: OBSERVACION
Tipo: PUERTO EN ESCUCHA
IP local: 0.0.0.0
Puerto local: 5040
Estado TCP: LISTENING
PID: 12640
Aplicacion: svchost
Veces vista: 3372
Ya fue vista antes y sigue fuera de BASE.
Sigue en observacion con alertas controladas.
Requiere aprobacion manual para pasar a BASE.
2026-08-10 20:46:19 | OBSERVACION DE RED
Estado monitor: OBSERVACION
Tipo: PUERTO EN ESCUCHA
IP local: 0.0.0.0
Puerto local: 64437
Estado TCP: LISTENING
PID: 5712
Aplicacion: RvControlSvc
Veces vista: 1
Sigue en observacion con alertas controladas.
Requiere aprobacion manual para pasar a BASE.
2026-08-10 20:46:19 | OBSERVACION DE RED
Estado monitor: OBSERVACION
Tipo: PUERTO EN ESCUCHA
IP local: 0.0.0.0
Puerto local: 64677
Estado TCP: LISTENING
PID: 5712
Aplicacion: RvControlSvc
Veces vista: 1
Sigue en observacion con alertas controladas.
Requiere aprobacion manual para pasar a BASE.
2026-08-10 20:46:19 | OBSERVACION DE RED
Estado monitor: OBSERVACION
Tipo: PUERTO EN ESCUCHA
IP local: 0.0.0.0
Puerto local: 7070
Estado TCP: LISTENING
PID: 5064
Aplicacion: AnyDesk
Veces vista: 2771
Ya fue vista antes y sigue fuera de BASE.
Sigue en observacion con alertas controladas.
Requiere aprobacion manual para pasar a BASE.
2026-08-10 20:46:19 | OBSERVACION DE RED
Estado monitor: OBSERVACION
Tipo: PUERTO EN ESCUCHA
IP local: 127.0.0.1
Puerto local: 5939
Estado TCP: LISTENING
PID: 5860
Aplicacion: TeamViewer_Service
Veces vista: 439
Ya fue vista antes y sigue fuera de BASE.
Sigue en observacion con alertas controladas.
Requiere aprobacion manual para pasar a BASE.
2026-08-10 20:46:19 | OBSERVACION DE RED
Estado monitor: OBSERVACION
Tipo: PUERTO EN ESCUCHA
IP local: 192.168.100.8
Puerto local: 64676
Estado TCP: LISTENING
PID: 5712
Aplicacion: RvControlSvc
Veces vista: 1
Sigue en observacion con alertas controladas.
Requiere aprobacion manual para pasar a BASE.
2026-08-10 20:46:19 | OBSERVACION DE RED
Estado monitor: OBSERVACION
Tipo: PUERTO EN ESCUCHA
IP local: 192.168.56.1
Puerto local: 139
Estado TCP: LISTENING
PID: 4
Aplicacion: System
Veces vista: 3374
Ya fue vista antes y sigue fuera de BASE.
Sigue en observacion con alertas controladas.
Requiere aprobacion manual para pasar a BASE.
2026-08-10 20:46:19 | OBSERVACION DE RED
Estado monitor: OBSERVACION
Tipo: PUERTO EN ESCUCHA
IP local: 26.137.80.247
Puerto local: 139
Estado TCP: LISTENING
PID: 4
Aplicacion: System
Veces vista: 3332
Ya fue vista antes y sigue fuera de BASE.
Sigue en observacion con alertas controladas.
Requiere aprobacion manual para pasar a BASE.
2026-08-10 20:46:23 | Escaneo completado. Conexiones=57 Alertas=0 Observaciones=27 LearningMode=False
2026-08-10 20:56:18 | OBSERVACION DE RED
Estado monitor: OBSERVACION
IP remota: 142.251.0.188
Puerto remoto: 5228
IP local: 192.168.100.8
Puerto local: 53312
Estado TCP: ESTABLISHED
PID: 19104
Aplicacion: chrome
Veces vista: 519
Ya fue vista antes y sigue fuera de BASE.
Sigue en observacion con alertas controladas.
Requiere aprobacion manual para pasar a BASE.
2026-08-10 20:56:18 | OBSERVACION DE RED
Estado monitor: OBSERVACION
IP remota: 138.97.177.104
Puerto remoto: 49688
IP local: 192.168.100.8
Puerto local: 64492
Estado TCP: ESTABLISHED
PID: 5712
Aplicacion: RvControlSvc
Veces vista: 76
Ya fue vista antes y sigue fuera de BASE.
Sigue en observacion con alertas controladas.
Requiere aprobacion manual para pasar a BASE.
2026-08-10 20:56:18 | OBSERVACION DE RED
Estado monitor: OBSERVACION
Tipo: PUERTO EN ESCUCHA
IP local: 0.0.0.0
Puerto local: 59951
Estado TCP: LISTENING
PID: 5712
Aplicacion: RvControlSvc
Veces vista: 1
Sigue en observacion con alertas controladas.
Requiere aprobacion manual para pasar a BASE.
2026-08-10 20:56:21 | Escaneo completado. Conexiones=41 Alertas=0 Observaciones=3 LearningMode=False
2026-08-10 21:06:20 | OBSERVACION DE RED
Estado monitor: OBSERVACION
IP remota: 172.64.149.246
Puerto remoto: 443
IP local: 192.168.100.8
Puerto local: 54774
Estado TCP: ESTABLISHED
PID: 19104
Aplicacion: chrome
Veces vista: 9
Ya fue vista antes y sigue fuera de BASE.
Sigue en observacion con alertas controladas.
Requiere aprobacion manual para pasar a BASE.
2026-08-10 21:06:20 | OBSERVACION DE RED
Estado monitor: OBSERVACION
IP remota: 138.97.177.150
Puerto remoto: 63983
IP local: 192.168.100.8
Puerto local: 55934
Estado TCP: ESTABLISHED
PID: 5712
Aplicacion: RvControlSvc
Veces vista: 4
Ya fue vista antes y sigue fuera de BASE.
Sigue en observacion con alertas controladas.
Requiere aprobacion manual para pasar a BASE.
2026-08-10 21:06:20 | OBSERVACION DE RED
Estado monitor: OBSERVACION
IP remota: 34.149.66.163
Puerto remoto: 443
IP local: 192.168.100.8
Puerto local: 62135
Estado TCP: ESTABLISHED
PID: 19104
Aplicacion: chrome
Veces vista: 54
Ya fue vista antes y sigue fuera de BASE.
Sigue en observacion con alertas controladas.
Requiere aprobacion manual para pasar a BASE.
2026-08-10 21:06:20 | OBSERVACION DE RED
Estado monitor: OBSERVACION
IP remota: 189.1.174.38
Puerto remoto: 6568
IP local: 192.168.100.8
Puerto local: 63656
Estado TCP: ESTABLISHED
PID: 5064
Aplicacion: AnyDesk
Veces vista: 13
Ya fue vista antes y sigue fuera de BASE.
Sigue en observacion con alertas controladas.
Requiere aprobacion manual para pasar a BASE.
2026-08-10 21:06:20 | OBSERVACION DE RED
Estado monitor: OBSERVACION
Tipo: PUERTO EN ESCUCHA
IP local: 0.0.0.0
Puerto local: 54357
Estado TCP: LISTENING
PID: 5712
Aplicacion: RvControlSvc
Veces vista: 1
Sigue en observacion con alertas controladas.
Requiere aprobacion manual para pasar a BASE.
2026-08-10 21:06:20 | OBSERVACION DE RED
Estado monitor: OBSERVACION
Tipo: PUERTO EN ESCUCHA
IP local: 0.0.0.0
Puerto local: 7680
Estado TCP: LISTENING
PID: 17252
Aplicacion: svchost
Veces vista: 530
Ya fue vista antes y sigue fuera de BASE.
Sigue en observacion con alertas controladas.
Requiere aprobacion manual para pasar a BASE.
2026-08-10 21:06:20 | OBSERVACION DE RED
Estado monitor: OBSERVACION
Tipo: PUERTO EN ESCUCHA
IP local: 192.168.100.8
Puerto local: 139
Estado TCP: LISTENING
PID: 4
Aplicacion: System
Veces vista: 1272
Ya fue vista antes y sigue fuera de BASE.
Sigue en observacion con alertas controladas.
Requiere aprobacion manual para pasar a BASE.
2026-08-10 21:06:20 | OBSERVACION DE RED
Estado monitor: OBSERVACION
Tipo: PUERTO EN ESCUCHA
IP local: 192.168.100.8
Puerto local: 55934
Estado TCP: LISTENING
PID: 5712
Aplicacion: RvControlSvc
Veces vista: 13
Ya fue vista antes y sigue fuera de BASE.
Sigue en observacion con alertas controladas.
Requiere aprobacion manual para pasar a BASE.
2026-08-10 21:06:23 | Escaneo completado. Conexiones=44 Alertas=0 Observaciones=8 LearningMode=False
2026-08-10 21:16:20 | OBSERVACION DE RED
Estado monitor: OBSERVACION
IP remota: 108.177.123.188
Puerto remoto: 5228
IP local: 192.168.100.8
Puerto local: 50538
Estado TCP: ESTABLISHED
PID: 19104
Aplicacion: chrome
Veces vista: 607
Ya fue vista antes y sigue fuera de BASE.
Sigue en observacion con alertas controladas.
Requiere aprobacion manual para pasar a BASE.
2026-08-10 21:16:20 | OBSERVACION DE RED
Estado monitor: OBSERVACION
IP remota: 45.162.230.182
Puerto remoto: 17351
IP local: 192.168.100.8
Puerto local: 55786
Estado TCP: ESTABLISHED
PID: 5712
Aplicacion: RvControlSvc
Veces vista: 2110
Ya fue vista antes y sigue fuera de BASE.
Sigue en observacion con alertas controladas.
Requiere aprobacion manual para pasar a BASE.
2026-08-10 21:16:20 | OBSERVACION DE RED
Estado monitor: OBSERVACION
IP remota: 148.113.190.78
Puerto remoto: 17301
IP local: 192.168.100.8
Puerto local: 55934
Estado TCP: ESTABLISHED
PID: 5712
Aplicacion: RvControlSvc
Veces vista: 1000
Ya fue vista antes y sigue fuera de BASE.
Sigue en observacion con alertas controladas.
Requiere aprobacion manual para pasar a BASE.
2026-08-10 21:16:20 | OBSERVACION DE RED
Estado monitor: OBSERVACION
IP remota: 179.63.242.166
Puerto remoto: 65034
IP local: 192.168.100.8
Puerto local: 55934
Estado TCP: ESTABLISHED
PID: 5712
Aplicacion: RvControlSvc
Veces vista: 4
Ya fue vista antes y sigue fuera de BASE.
Sigue en observacion con alertas controladas.
Requiere aprobacion manual para pasar a BASE.
2026-08-10 21:16:20 | OBSERVACION DE RED
Estado monitor: OBSERVACION
IP remota: 20.184.175.5
Puerto remoto: 443
IP local: 192.168.100.8
Puerto local: 59409
Estado TCP: ESTABLISHED
PID: 5544
Aplicacion: MpDefenderCoreService
Veces vista: 3
Ya fue vista antes y sigue fuera de BASE.
Sigue en observacion con alertas controladas.
Requiere aprobacion manual para pasar a BASE.
2026-08-10 21:16:20 | OBSERVACION DE RED
Estado monitor: OBSERVACION
IP remota: 31.13.94.52
Puerto remoto: 5222
IP local: 192.168.100.8
Puerto local: 60499
Estado TCP: ESTABLISHED
PID: 19104
Aplicacion: chrome
Veces vista: 82
Ya fue vista antes y sigue fuera de BASE.
Sigue en observacion con alertas controladas.
Requiere aprobacion manual para pasar a BASE.
2026-08-10 21:16:20 | OBSERVACION DE RED
Estado monitor: OBSERVACION
IP remota: 138.97.177.80
Puerto remoto: 53520
IP local: 192.168.100.8
Puerto local: 64403
Estado TCP: ESTABLISHED
PID: 5712
Aplicacion: RvControlSvc
Veces vista: 13
Ya fue vista antes y sigue fuera de BASE.
Sigue en observacion con alertas controladas.
Requiere aprobacion manual para pasar a BASE.
2026-08-10 21:16:20 | OBSERVACION DE RED
Estado monitor: OBSERVACION
IP remota: 168.90.73.130
Puerto remoto: 55558
IP local: 192.168.100.8
Puerto local: 64447
Estado TCP: ESTABLISHED
PID: 5712
Aplicacion: RvControlSvc
Veces vista: 140
Ya fue vista antes y sigue fuera de BASE.
Sigue en observacion con alertas controladas.
Requiere aprobacion manual para pasar a BASE.
2026-08-10 21:16:20 | OBSERVACION DE RED
Estado monitor: OBSERVACION
IP remota: 138.97.177.20
Puerto remoto: 50991
IP local: 192.168.100.8
Puerto local: 64448
Estado TCP: ESTABLISHED
PID: 5712
Aplicacion: RvControlSvc
Veces vista: 195
Ya fue vista antes y sigue fuera de BASE.
Sigue en observacion con alertas controladas.
Requiere aprobacion manual para pasar a BASE.
2026-08-10 21:16:20 | OBSERVACION DE RED
Estado monitor: OBSERVACION
IP remota: 138.97.177.156
Puerto remoto: 43991
IP local: 192.168.100.8
Puerto local: 64478
Estado TCP: ESTABLISHED
PID: 5712
Aplicacion: RvControlSvc
Veces vista: 165
Ya fue vista antes y sigue fuera de BASE.
Sigue en observacion con alertas controladas.
Requiere aprobacion manual para pasar a BASE.
2026-08-10 21:16:20 | OBSERVACION DE RED
Estado monitor: OBSERVACION
Tipo: PUERTO EN ESCUCHA
IP local: 0.0.0.0
Puerto local: 135
Estado TCP: LISTENING
PID: 1808
Aplicacion: svchost
Veces vista: 3379
Ya fue vista antes y sigue fuera de BASE.
Sigue en observacion con alertas controladas.
Requiere aprobacion manual para pasar a BASE.
2026-08-10 21:16:20 | OBSERVACION DE RED
Estado monitor: OBSERVACION
Tipo: PUERTO EN ESCUCHA
IP local: 0.0.0.0
Puerto local: 445
Estado TCP: LISTENING
PID: 4
Aplicacion: System
Veces vista: 3379
Ya fue vista antes y sigue fuera de BASE.
Sigue en observacion con alertas controladas.
Requiere aprobacion manual para pasar a BASE.
2026-08-10 21:16:20 | OBSERVACION DE RED
Estado monitor: OBSERVACION
Tipo: PUERTO EN ESCUCHA
IP local: 0.0.0.0
Puerto local: 49664
Estado TCP: LISTENING
PID: 1516
Aplicacion: lsass
Veces vista: 3379
Ya fue vista antes y sigue fuera de BASE.
Sigue en observacion con alertas controladas.
Requiere aprobacion manual para pasar a BASE.
2026-08-10 21:16:20 | OBSERVACION DE RED
Estado monitor: OBSERVACION
Tipo: PUERTO EN ESCUCHA
IP local: 0.0.0.0
Puerto local: 49665
Estado TCP: LISTENING
PID: 1336
Aplicacion: wininit
Veces vista: 3379
Ya fue vista antes y sigue fuera de BASE.
Sigue en observacion con alertas controladas.
Requiere aprobacion manual para pasar a BASE.
2026-08-10 21:16:20 | OBSERVACION DE RED
Estado monitor: OBSERVACION
Tipo: PUERTO EN ESCUCHA
IP local: 0.0.0.0
Puerto local: 49666
Estado TCP: LISTENING
PID: 2520
Aplicacion: svchost
Veces vista: 3379
Ya fue vista antes y sigue fuera de BASE.
Sigue en observacion con alertas controladas.
Requiere aprobacion manual para pasar a BASE.
2026-08-10 21:16:20 | OBSERVACION DE RED
Estado monitor: OBSERVACION
Tipo: PUERTO EN ESCUCHA
IP local: 0.0.0.0
Puerto local: 49667
Estado TCP: LISTENING
PID: 3316
Aplicacion: svchost
Veces vista: 3379
Ya fue vista antes y sigue fuera de BASE.
Sigue en observacion con alertas controladas.
Requiere aprobacion manual para pasar a BASE.
2026-08-10 21:16:20 | OBSERVACION DE RED
Estado monitor: OBSERVACION
Tipo: PUERTO EN ESCUCHA
IP local: 0.0.0.0
Puerto local: 49668
Estado TCP: LISTENING
PID: 4872
Aplicacion: spoolsv
Veces vista: 3379
Ya fue vista antes y sigue fuera de BASE.
Sigue en observacion con alertas controladas.
Requiere aprobacion manual para pasar a BASE.
2026-08-10 21:16:20 | OBSERVACION DE RED
Estado monitor: OBSERVACION
Tipo: PUERTO EN ESCUCHA
IP local: 0.0.0.0
Puerto local: 49670
Estado TCP: LISTENING
PID: 1488
Aplicacion: services
Veces vista: 2116
Ya fue vista antes y sigue fuera de BASE.
Sigue en observacion con alertas controladas.
Requiere aprobacion manual para pasar a BASE.
2026-08-10 21:16:20 | OBSERVACION DE RED
Estado monitor: OBSERVACION
Tipo: PUERTO EN ESCUCHA
IP local: 0.0.0.0
Puerto local: 5040
Estado TCP: LISTENING
PID: 12640
Aplicacion: svchost
Veces vista: 3375
Ya fue vista antes y sigue fuera de BASE.
Sigue en observacion con alertas controladas.
Requiere aprobacion manual para pasar a BASE.
2026-08-10 21:16:20 | OBSERVACION DE RED
Estado monitor: OBSERVACION
Tipo: PUERTO EN ESCUCHA
IP local: 0.0.0.0
Puerto local: 54686
Estado TCP: LISTENING
PID: 5712
Aplicacion: RvControlSvc
Veces vista: 1
Sigue en observacion con alertas controladas.
Requiere aprobacion manual para pasar a BASE.
2026-08-10 21:16:20 | OBSERVACION DE RED
Estado monitor: OBSERVACION
Tipo: PUERTO EN ESCUCHA
IP local: 0.0.0.0
Puerto local: 7070
Estado TCP: LISTENING
PID: 5064
Aplicacion: AnyDesk
Veces vista: 2774
Ya fue vista antes y sigue fuera de BASE.
Sigue en observacion con alertas controladas.
Requiere aprobacion manual para pasar a BASE.
2026-08-10 21:16:20 | OBSERVACION DE RED
Estado monitor: OBSERVACION
Tipo: PUERTO EN ESCUCHA
IP local: 127.0.0.1
Puerto local: 5939
Estado TCP: LISTENING
PID: 5860
Aplicacion: TeamViewer_Service
Veces vista: 442
Ya fue vista antes y sigue fuera de BASE.
Sigue en observacion con alertas controladas.
Requiere aprobacion manual para pasar a BASE.
2026-08-10 21:16:20 | OBSERVACION DE RED
Estado monitor: OBSERVACION
Tipo: PUERTO EN ESCUCHA
IP local: 192.168.56.1
Puerto local: 139
Estado TCP: LISTENING
PID: 4
Aplicacion: System
Veces vista: 3377
Ya fue vista antes y sigue fuera de BASE.
Sigue en observacion con alertas controladas.
Requiere aprobacion manual para pasar a BASE.
2026-08-10 21:16:20 | OBSERVACION DE RED
Estado monitor: OBSERVACION
Tipo: PUERTO EN ESCUCHA
IP local: 26.137.80.247
Puerto local: 139
Estado TCP: LISTENING
PID: 4
Aplicacion: System
Veces vista: 3335
Ya fue vista antes y sigue fuera de BASE.
Sigue en observacion con alertas controladas.
Requiere aprobacion manual para pasar a BASE.
2026-08-10 21:16:23 | Escaneo completado. Conexiones=44 Alertas=0 Observaciones=24 LearningMode=False
2026-08-10 21:26:21 | OBSERVACION DE RED
Estado monitor: OBSERVACION
IP remota: 142.251.128.67
Puerto remoto: 443
IP local: 192.168.100.8
Puerto local: 52777
Estado TCP: ESTABLISHED
PID: 19104
Aplicacion: chrome
Veces vista: 113
Ya fue vista antes y sigue fuera de BASE.
Sigue en observacion con alertas controladas.
Requiere aprobacion manual para pasar a BASE.
2026-08-10 21:26:21 | OBSERVACION DE RED
Estado monitor: OBSERVACION
IP remota: 142.250.0.84
Puerto remoto: 443
IP local: 192.168.100.8
Puerto local: 53016
Estado TCP: ESTABLISHED
PID: 19104
Aplicacion: chrome
Veces vista: 22
Ya fue vista antes y sigue fuera de BASE.
Sigue en observacion con alertas controladas.
Requiere aprobacion manual para pasar a BASE.
2026-08-10 21:26:21 | OBSERVACION DE RED
Estado monitor: OBSERVACION
IP remota: 142.251.0.188
Puerto remoto: 5228
IP local: 192.168.100.8
Puerto local: 53312
Estado TCP: ESTABLISHED
PID: 19104
Aplicacion: chrome
Veces vista: 522
Ya fue vista antes y sigue fuera de BASE.
Sigue en observacion con alertas controladas.
Requiere aprobacion manual para pasar a BASE.
2026-08-10 21:26:21 | OBSERVACION DE RED
Estado monitor: OBSERVACION
IP remota: 138.97.177.104
Puerto remoto: 49688
IP local: 192.168.100.8
Puerto local: 64492
Estado TCP: ESTABLISHED
PID: 5712
Aplicacion: RvControlSvc
Veces vista: 79
Ya fue vista antes y sigue fuera de BASE.
Sigue en observacion con alertas controladas.
Requiere aprobacion manual para pasar a BASE.
2026-08-10 21:26:21 | OBSERVACION DE RED
Estado monitor: OBSERVACION
Tipo: PUERTO EN ESCUCHA
IP local: 0.0.0.0
Puerto local: 62479
Estado TCP: LISTENING
PID: 5712
Aplicacion: RvControlSvc
Veces vista: 1
Sigue en observacion con alertas controladas.
Requiere aprobacion manual para pasar a BASE.
2026-08-10 21:26:25 | Escaneo completado. Conexiones=48 Alertas=0 Observaciones=5 LearningMode=False
2026-08-10 21:36:22 | OBSERVACION DE RED
Estado monitor: OBSERVACION
IP remota: 31.13.94.52
Puerto remoto: 443
IP local: 192.168.100.8
Puerto local: 52844
Estado TCP: ESTABLISHED
PID: 19104
Aplicacion: chrome
Veces vista: 434
Ya fue vista antes y sigue fuera de BASE.
Sigue en observacion con alertas controladas.
Requiere aprobacion manual para pasar a BASE.
2026-08-10 21:36:22 | OBSERVACION DE RED
Estado monitor: OBSERVACION
IP remota: 138.97.177.150
Puerto remoto: 63983
IP local: 192.168.100.8
Puerto local: 55934
Estado TCP: ESTABLISHED
PID: 5712
Aplicacion: RvControlSvc
Veces vista: 7
Ya fue vista antes y sigue fuera de BASE.
Sigue en observacion con alertas controladas.
Requiere aprobacion manual para pasar a BASE.
2026-08-10 21:36:22 | OBSERVACION DE RED
Estado monitor: OBSERVACION
IP remota: 216.150.1.193
Puerto remoto: 443
IP local: 192.168.100.8
Puerto local: 60007
Estado TCP: ESTABLISHED
PID: 19104
Aplicacion: chrome
Veces vista: 158
Ya fue vista antes y sigue fuera de BASE.
Sigue en observacion con alertas controladas.
Requiere aprobacion manual para pasar a BASE.
2026-08-10 21:36:22 | OBSERVACION DE RED
Estado monitor: OBSERVACION
IP remota: 142.251.128.37
Puerto remoto: 443
IP local: 192.168.100.8
Puerto local: 61213
Estado TCP: ESTABLISHED
PID: 19104
Aplicacion: chrome
Veces vista: 34
Ya fue vista antes y sigue fuera de BASE.
Sigue en observacion con alertas controladas.
Requiere aprobacion manual para pasar a BASE.
2026-08-10 21:36:22 | OBSERVACION DE RED
Estado monitor: OBSERVACION
IP remota: 189.1.174.38
Puerto remoto: 6568
IP local: 192.168.100.8
Puerto local: 63656
Estado TCP: ESTABLISHED
PID: 5064
Aplicacion: AnyDesk
Veces vista: 16
Ya fue vista antes y sigue fuera de BASE.
Sigue en observacion con alertas controladas.
Requiere aprobacion manual para pasar a BASE.
2026-08-10 21:36:22 | OBSERVACION DE RED
Estado monitor: OBSERVACION
IP remota: 34.149.66.163
Puerto remoto: 443
IP local: 192.168.100.8
Puerto local: 64427
Estado TCP: ESTABLISHED
PID: 19104
Aplicacion: chrome
Veces vista: 59
Ya fue vista antes y sigue fuera de BASE.
Sigue en observacion con alertas controladas.
Requiere aprobacion manual para pasar a BASE.
2026-08-10 21:36:22 | OBSERVACION DE RED
Estado monitor: OBSERVACION
Tipo: PUERTO EN ESCUCHA
IP local: 0.0.0.0
Puerto local: 60329
Estado TCP: LISTENING
PID: 5712
Aplicacion: RvControlSvc
Veces vista: 1
Sigue en observacion con alertas controladas.
Requiere aprobacion manual para pasar a BASE.
2026-08-10 21:36:22 | OBSERVACION DE RED
Estado monitor: OBSERVACION
Tipo: PUERTO EN ESCUCHA
IP local: 0.0.0.0
Puerto local: 7680
Estado TCP: LISTENING
PID: 17252
Aplicacion: svchost
Veces vista: 533
Ya fue vista antes y sigue fuera de BASE.
Sigue en observacion con alertas controladas.
Requiere aprobacion manual para pasar a BASE.
2026-08-10 21:36:22 | OBSERVACION DE RED
Estado monitor: OBSERVACION
Tipo: PUERTO EN ESCUCHA
IP local: 192.168.100.8
Puerto local: 139
Estado TCP: LISTENING
PID: 4
Aplicacion: System
Veces vista: 1275
Ya fue vista antes y sigue fuera de BASE.
Sigue en observacion con alertas controladas.
Requiere aprobacion manual para pasar a BASE.
2026-08-10 21:36:22 | OBSERVACION DE RED
Estado monitor: OBSERVACION
Tipo: PUERTO EN ESCUCHA
IP local: 192.168.100.8
Puerto local: 55934
Estado TCP: LISTENING
PID: 5712
Aplicacion: RvControlSvc
Veces vista: 16
Ya fue vista antes y sigue fuera de BASE.
Sigue en observacion con alertas controladas.
Requiere aprobacion manual para pasar a BASE.
2026-08-10 21:36:25 | Escaneo completado. Conexiones=56 Alertas=0 Observaciones=10 LearningMode=False
2026-08-10 21:46:24 | OBSERVACION DE RED
Estado monitor: OBSERVACION
IP remota: 108.177.123.188
Puerto remoto: 5228
IP local: 192.168.100.8
Puerto local: 50538
Estado TCP: ESTABLISHED
PID: 19104
Aplicacion: chrome
Veces vista: 610
Ya fue vista antes y sigue fuera de BASE.
Sigue en observacion con alertas controladas.
Requiere aprobacion manual para pasar a BASE.
2026-08-10 21:46:24 | OBSERVACION DE RED
Estado monitor: OBSERVACION
IP remota: 20.184.175.6
Puerto remoto: 443
IP local: 192.168.100.8
Puerto local: 54077
Estado TCP: ESTABLISHED
PID: 21176
Aplicacion: OneDrive
Veces vista: 3
Ya fue vista antes y sigue fuera de BASE.
Sigue en observacion con alertas controladas.
Requiere aprobacion manual para pasar a BASE.
2026-08-10 21:46:24 | OBSERVACION DE RED
Estado monitor: OBSERVACION
IP remota: 20.184.175.5
Puerto remoto: 443
IP local: 192.168.100.8
Puerto local: 54078
Estado TCP: ESTABLISHED
PID: 5544
Aplicacion: MpDefenderCoreService
Veces vista: 4
Ya fue vista antes y sigue fuera de BASE.
Sigue en observacion con alertas controladas.
Requiere aprobacion manual para pasar a BASE.
2026-08-10 21:46:24 | OBSERVACION DE RED
Estado monitor: OBSERVACION
IP remota: 45.162.230.182
Puerto remoto: 17351
IP local: 192.168.100.8
Puerto local: 55224
Estado TCP: ESTABLISHED
PID: 5712
Aplicacion: RvControlSvc
Veces vista: 2125
Ya fue vista antes y sigue fuera de BASE.
Sigue en observacion con alertas controladas.
Requiere aprobacion manual para pasar a BASE.
2026-08-10 21:46:24 | OBSERVACION DE RED
Estado monitor: OBSERVACION
IP remota: 132.255.112.120
Puerto remoto: 53091
IP local: 192.168.100.8
Puerto local: 55934
Estado TCP: ESTABLISHED
PID: 5712
Aplicacion: RvControlSvc
Veces vista: 1
Sigue en observacion con alertas controladas.
Requiere aprobacion manual para pasar a BASE.
2026-08-10 21:46:24 | OBSERVACION DE RED
Estado monitor: OBSERVACION
IP remota: 148.113.190.78
Puerto remoto: 17301
IP local: 192.168.100.8
Puerto local: 55934
Estado TCP: ESTABLISHED
PID: 5712
Aplicacion: RvControlSvc
Veces vista: 1003
Ya fue vista antes y sigue fuera de BASE.
Sigue en observacion con alertas controladas.
Requiere aprobacion manual para pasar a BASE.
2026-08-10 21:46:24 | OBSERVACION DE RED
Estado monitor: OBSERVACION
IP remota: 138.97.177.80
Puerto remoto: 53520
IP local: 192.168.100.8
Puerto local: 64403
Estado TCP: ESTABLISHED
PID: 5712
Aplicacion: RvControlSvc
Veces vista: 16
Ya fue vista antes y sigue fuera de BASE.
Sigue en observacion con alertas controladas.
Requiere aprobacion manual para pasar a BASE.
2026-08-10 21:46:24 | OBSERVACION DE RED
Estado monitor: OBSERVACION
IP remota: 168.90.73.130
Puerto remoto: 55558
IP local: 192.168.100.8
Puerto local: 64447
Estado TCP: ESTABLISHED
PID: 5712
Aplicacion: RvControlSvc
Veces vista: 143
Ya fue vista antes y sigue fuera de BASE.
Sigue en observacion con alertas controladas.
Requiere aprobacion manual para pasar a BASE.
2026-08-10 21:46:24 | OBSERVACION DE RED
Estado monitor: OBSERVACION
IP remota: 138.97.177.20
Puerto remoto: 50991
IP local: 192.168.100.8
Puerto local: 64448
Estado TCP: ESTABLISHED
PID: 5712
Aplicacion: RvControlSvc
Veces vista: 198
Ya fue vista antes y sigue fuera de BASE.
Sigue en observacion con alertas controladas.
Requiere aprobacion manual para pasar a BASE.
2026-08-10 21:46:24 | OBSERVACION DE RED
Estado monitor: OBSERVACION
IP remota: 138.97.177.156
Puerto remoto: 43991
IP local: 192.168.100.8
Puerto local: 64478
Estado TCP: ESTABLISHED
PID: 5712
Aplicacion: RvControlSvc
Veces vista: 168
Ya fue vista antes y sigue fuera de BASE.
Sigue en observacion con alertas controladas.
Requiere aprobacion manual para pasar a BASE.
2026-08-10 21:46:24 | OBSERVACION DE RED
Estado monitor: OBSERVACION
IP remota: 142.251.129.133
Puerto remoto: 443
IP local: 192.168.100.8
Puerto local: 65138
Estado TCP: ESTABLISHED
PID: 19104
Aplicacion: chrome
Veces vista: 14
Ya fue vista antes y sigue fuera de BASE.
Sigue en observacion con alertas controladas.
Requiere aprobacion manual para pasar a BASE.
2026-08-10 21:46:24 | OBSERVACION DE RED
Estado monitor: OBSERVACION
Tipo: PUERTO EN ESCUCHA
IP local: 0.0.0.0
Puerto local: 135
Estado TCP: LISTENING
PID: 1808
Aplicacion: svchost
Veces vista: 3382
Ya fue vista antes y sigue fuera de BASE.
Sigue en observacion con alertas controladas.
Requiere aprobacion manual para pasar a BASE.
2026-08-10 21:46:25 | OBSERVACION DE RED
Estado monitor: OBSERVACION
Tipo: PUERTO EN ESCUCHA
IP local: 0.0.0.0
Puerto local: 445
Estado TCP: LISTENING
PID: 4
Aplicacion: System
Veces vista: 3382
Ya fue vista antes y sigue fuera de BASE.
Sigue en observacion con alertas controladas.
Requiere aprobacion manual para pasar a BASE.
2026-08-10 21:46:25 | OBSERVACION DE RED
Estado monitor: OBSERVACION
Tipo: PUERTO EN ESCUCHA
IP local: 0.0.0.0
Puerto local: 49664
Estado TCP: LISTENING
PID: 1516
Aplicacion: lsass
Veces vista: 3382
Ya fue vista antes y sigue fuera de BASE.
Sigue en observacion con alertas controladas.
Requiere aprobacion manual para pasar a BASE.
2026-08-10 21:46:25 | OBSERVACION DE RED
Estado monitor: OBSERVACION
Tipo: PUERTO EN ESCUCHA
IP local: 0.0.0.0
Puerto local: 49665
Estado TCP: LISTENING
PID: 1336
Aplicacion: wininit
Veces vista: 3382
Ya fue vista antes y sigue fuera de BASE.
Sigue en observacion con alertas controladas.
Requiere aprobacion manual para pasar a BASE.
2026-08-10 21:46:25 | OBSERVACION DE RED
Estado monitor: OBSERVACION
Tipo: PUERTO EN ESCUCHA
IP local: 0.0.0.0
Puerto local: 49666
Estado TCP: LISTENING
PID: 2520
Aplicacion: svchost
Veces vista: 3382
Ya fue vista antes y sigue fuera de BASE.
Sigue en observacion con alertas controladas.
Requiere aprobacion manual para pasar a BASE.
2026-08-10 21:46:25 | OBSERVACION DE RED
Estado monitor: OBSERVACION
Tipo: PUERTO EN ESCUCHA
IP local: 0.0.0.0
Puerto local: 49667
Estado TCP: LISTENING
PID: 3316
Aplicacion: svchost
Veces vista: 3382
Ya fue vista antes y sigue fuera de BASE.
Sigue en observacion con alertas controladas.
Requiere aprobacion manual para pasar a BASE.
2026-08-10 21:46:25 | OBSERVACION DE RED
Estado monitor: OBSERVACION
Tipo: PUERTO EN ESCUCHA
IP local: 0.0.0.0
Puerto local: 49668
Estado TCP: LISTENING
PID: 4872
Aplicacion: spoolsv
Veces vista: 3382
Ya fue vista antes y sigue fuera de BASE.
Sigue en observacion con alertas controladas.
Requiere aprobacion manual para pasar a BASE.
2026-08-10 21:46:25 | OBSERVACION DE RED
Estado monitor: OBSERVACION
Tipo: PUERTO EN ESCUCHA
IP local: 0.0.0.0
Puerto local: 49670
Estado TCP: LISTENING
PID: 1488
Aplicacion: services
Veces vista: 2119
Ya fue vista antes y sigue fuera de BASE.
Sigue en observacion con alertas controladas.
Requiere aprobacion manual para pasar a BASE.
2026-08-10 21:46:25 | OBSERVACION DE RED
Estado monitor: OBSERVACION
Tipo: PUERTO EN ESCUCHA
IP local: 0.0.0.0
Puerto local: 5040
Estado TCP: LISTENING
PID: 12640
Aplicacion: svchost
Veces vista: 3378
Ya fue vista antes y sigue fuera de BASE.
Sigue en observacion con alertas controladas.
Requiere aprobacion manual para pasar a BASE.
2026-08-10 21:46:25 | OBSERVACION DE RED
Estado monitor: OBSERVACION
Tipo: PUERTO EN ESCUCHA
IP local: 0.0.0.0
Puerto local: 58194
Estado TCP: LISTENING
PID: 5712
Aplicacion: RvControlSvc
Veces vista: 1
Sigue en observacion con alertas controladas.
Requiere aprobacion manual para pasar a BASE.
2026-08-10 21:46:25 | OBSERVACION DE RED
Estado monitor: OBSERVACION
Tipo: PUERTO EN ESCUCHA
IP local: 0.0.0.0
Puerto local: 7070
Estado TCP: LISTENING
PID: 5064
Aplicacion: AnyDesk
Veces vista: 2777
Ya fue vista antes y sigue fuera de BASE.
Sigue en observacion con alertas controladas.
Requiere aprobacion manual para pasar a BASE.
2026-08-10 21:46:25 | OBSERVACION DE RED
Estado monitor: OBSERVACION
Tipo: PUERTO EN ESCUCHA
IP local: 127.0.0.1
Puerto local: 5939
Estado TCP: LISTENING
PID: 5860
Aplicacion: TeamViewer_Service
Veces vista: 445
Ya fue vista antes y sigue fuera de BASE.
Sigue en observacion con alertas controladas.
Requiere aprobacion manual para pasar a BASE.
2026-08-10 21:46:25 | OBSERVACION DE RED
Estado monitor: OBSERVACION
Tipo: PUERTO EN ESCUCHA
IP local: 192.168.56.1
Puerto local: 139
Estado TCP: LISTENING
PID: 4
Aplicacion: System
Veces vista: 3380
Ya fue vista antes y sigue fuera de BASE.
Sigue en observacion con alertas controladas.
Requiere aprobacion manual para pasar a BASE.
2026-08-10 21:46:25 | OBSERVACION DE RED
Estado monitor: OBSERVACION
Tipo: PUERTO EN ESCUCHA
IP local: 26.137.80.247
Puerto local: 139
Estado TCP: LISTENING
PID: 4
Aplicacion: System
Veces vista: 3338
Ya fue vista antes y sigue fuera de BASE.
Sigue en observacion con alertas controladas.
Requiere aprobacion manual para pasar a BASE.
2026-08-10 21:46:28 | Escaneo completado. Conexiones=56 Alertas=0 Observaciones=25 LearningMode=False
2026-08-10 21:56:23 | OBSERVACION DE RED
Estado monitor: OBSERVACION
IP remota: 142.251.0.188
Puerto remoto: 5228
IP local: 192.168.100.8
Puerto local: 53312
Estado TCP: ESTABLISHED
PID: 19104
Aplicacion: chrome
Veces vista: 525
Ya fue vista antes y sigue fuera de BASE.
Sigue en observacion con alertas controladas.
Requiere aprobacion manual para pasar a BASE.
2026-08-10 21:56:23 | OBSERVACION DE RED
Estado monitor: OBSERVACION
IP remota: 142.250.0.84
Puerto remoto: 443
IP local: 192.168.100.8
Puerto local: 61136
Estado TCP: ESTABLISHED
PID: 19104
Aplicacion: chrome
Veces vista: 23
Ya fue vista antes y sigue fuera de BASE.
Sigue en observacion con alertas controladas.
Requiere aprobacion manual para pasar a BASE.
2026-08-10 21:56:23 | OBSERVACION DE RED
Estado monitor: OBSERVACION
IP remota: 138.97.177.104
Puerto remoto: 49688
IP local: 192.168.100.8
Puerto local: 64492
Estado TCP: ESTABLISHED
PID: 5712
Aplicacion: RvControlSvc
Veces vista: 82
Ya fue vista antes y sigue fuera de BASE.
Sigue en observacion con alertas controladas.
Requiere aprobacion manual para pasar a BASE.
2026-08-10 21:56:23 | OBSERVACION DE RED
Estado monitor: OBSERVACION
IP remota: 200.42.122.18
Puerto remoto: 443
IP local: 192.168.100.8
Puerto local: 65252
Estado TCP: ESTABLISHED
PID: 5536
Aplicacion: servicehost
Veces vista: 43
Ya fue vista antes y sigue fuera de BASE.
Sigue en observacion con alertas controladas.
Requiere aprobacion manual para pasar a BASE.
2026-08-10 21:56:23 | OBSERVACION DE RED
Estado monitor: OBSERVACION
IP remota: 200.42.122.18
Puerto remoto: 443
IP local: 192.168.100.8
Puerto local: 65254
Estado TCP: ESTABLISHED
PID: 5868
Aplicacion: mc-fw-host
Veces vista: 51
Ya fue vista antes y sigue fuera de BASE.
Sigue en observacion con alertas controladas.
Requiere aprobacion manual para pasar a BASE.
2026-08-10 21:56:23 | OBSERVACION DE RED
Estado monitor: OBSERVACION
Tipo: PUERTO EN ESCUCHA
IP local: 0.0.0.0
Puerto local: 50183
Estado TCP: LISTENING
PID: 5712
Aplicacion: RvControlSvc
Veces vista: 1
Sigue en observacion con alertas controladas.
Requiere aprobacion manual para pasar a BASE.
2026-08-10 21:56:27 | Escaneo completado. Conexiones=49 Alertas=0 Observaciones=6 LearningMode=False
2026-08-10 22:06:24 | OBSERVACION DE RED
Estado monitor: OBSERVACION
IP remota: 31.13.94.52
Puerto remoto: 443
IP local: 192.168.100.8
Puerto local: 52844
Estado TCP: ESTABLISHED
PID: 19104
Aplicacion: chrome
Veces vista: 437
Ya fue vista antes y sigue fuera de BASE.
Sigue en observacion con alertas controladas.
Requiere aprobacion manual para pasar a BASE.
2026-08-10 22:06:24 | OBSERVACION DE RED
Estado monitor: OBSERVACION
IP remota: 138.97.177.150
Puerto remoto: 63983
IP local: 192.168.100.8
Puerto local: 55934
Estado TCP: ESTABLISHED
PID: 5712
Aplicacion: RvControlSvc
Veces vista: 10
Ya fue vista antes y sigue fuera de BASE.
Sigue en observacion con alertas controladas.
Requiere aprobacion manual para pasar a BASE.
2026-08-10 22:06:24 | OBSERVACION DE RED
Estado monitor: OBSERVACION
IP remota: 216.150.1.193
Puerto remoto: 443
IP local: 192.168.100.8
Puerto local: 56914
Estado TCP: ESTABLISHED
PID: 19104
Aplicacion: chrome
Veces vista: 160
Ya fue vista antes y sigue fuera de BASE.
Sigue en observacion con alertas controladas.
Requiere aprobacion manual para pasar a BASE.
2026-08-10 22:06:24 | OBSERVACION DE RED
Estado monitor: OBSERVACION
IP remota: 189.1.174.38
Puerto remoto: 6568
IP local: 192.168.100.8
Puerto local: 63656
Estado TCP: ESTABLISHED
PID: 5064
Aplicacion: AnyDesk
Veces vista: 19
Ya fue vista antes y sigue fuera de BASE.
Sigue en observacion con alertas controladas.
Requiere aprobacion manual para pasar a BASE.
2026-08-10 22:06:24 | OBSERVACION DE RED
Estado monitor: OBSERVACION
IP remota: 34.149.66.163
Puerto remoto: 443
IP local: 192.168.100.8
Puerto local: 63928
Estado TCP: ESTABLISHED
PID: 19104
Aplicacion: chrome
Veces vista: 62
Ya fue vista antes y sigue fuera de BASE.
Sigue en observacion con alertas controladas.
Requiere aprobacion manual para pasar a BASE.
2026-08-10 22:06:24 | OBSERVACION DE RED
Estado monitor: OBSERVACION
Tipo: PUERTO EN ESCUCHA
IP local: 0.0.0.0
Puerto local: 55027
Estado TCP: LISTENING
PID: 5712
Aplicacion: RvControlSvc
Veces vista: 1
Sigue en observacion con alertas controladas.
Requiere aprobacion manual para pasar a BASE.
2026-08-10 22:06:24 | OBSERVACION DE RED
Estado monitor: OBSERVACION
Tipo: PUERTO EN ESCUCHA
IP local: 0.0.0.0
Puerto local: 7680
Estado TCP: LISTENING
PID: 17252
Aplicacion: svchost
Veces vista: 536
Ya fue vista antes y sigue fuera de BASE.
Sigue en observacion con alertas controladas.
Requiere aprobacion manual para pasar a BASE.
2026-08-10 22:06:24 | OBSERVACION DE RED
Estado monitor: OBSERVACION
Tipo: PUERTO EN ESCUCHA
IP local: 192.168.100.8
Puerto local: 139
Estado TCP: LISTENING
PID: 4
Aplicacion: System
Veces vista: 1278
Ya fue vista antes y sigue fuera de BASE.
Sigue en observacion con alertas controladas.
Requiere aprobacion manual para pasar a BASE.
2026-08-10 22:06:24 | OBSERVACION DE RED
Estado monitor: OBSERVACION
Tipo: PUERTO EN ESCUCHA
IP local: 192.168.100.8
Puerto local: 55934
Estado TCP: LISTENING
PID: 5712
Aplicacion: RvControlSvc
Veces vista: 19
Ya fue vista antes y sigue fuera de BASE.
Sigue en observacion con alertas controladas.
Requiere aprobacion manual para pasar a BASE.
2026-08-10 22:06:27 | Escaneo completado. Conexiones=44 Alertas=0 Observaciones=9 LearningMode=False
2026-08-10 22:16:25 | OBSERVACION DE RED
Estado monitor: OBSERVACION
IP remota: 108.177.123.188
Puerto remoto: 5228
IP local: 192.168.100.8
Puerto local: 50538
Estado TCP: ESTABLISHED
PID: 19104
Aplicacion: chrome
Veces vista: 613
Ya fue vista antes y sigue fuera de BASE.
Sigue en observacion con alertas controladas.
Requiere aprobacion manual para pasar a BASE.
2026-08-10 22:16:25 | OBSERVACION DE RED
Estado monitor: OBSERVACION
IP remota: 45.162.230.182
Puerto remoto: 17351
IP local: 192.168.100.8
Puerto local: 55224
Estado TCP: ESTABLISHED
PID: 5712
Aplicacion: RvControlSvc
Veces vista: 2140
Ya fue vista antes y sigue fuera de BASE.
Sigue en observacion con alertas controladas.
Requiere aprobacion manual para pasar a BASE.
2026-08-10 22:16:25 | OBSERVACION DE RED
Estado monitor: OBSERVACION
IP remota: 132.255.112.120
Puerto remoto: 53091
IP local: 192.168.100.8
Puerto local: 55934
Estado TCP: ESTABLISHED
PID: 5712
Aplicacion: RvControlSvc
Veces vista: 4
Ya fue vista antes y sigue fuera de BASE.
Sigue en observacion con alertas controladas.
Requiere aprobacion manual para pasar a BASE.
2026-08-10 22:16:25 | OBSERVACION DE RED
Estado monitor: OBSERVACION
IP remota: 148.113.190.78
Puerto remoto: 17301
IP local: 192.168.100.8
Puerto local: 55934
Estado TCP: ESTABLISHED
PID: 5712
Aplicacion: RvControlSvc
Veces vista: 1006
Ya fue vista antes y sigue fuera de BASE.
Sigue en observacion con alertas controladas.
Requiere aprobacion manual para pasar a BASE.
2026-08-10 22:16:25 | NUEVA CONEXION DETECTADA
Estado monitor: NUEVA
IP remota: 40.79.150.123
Puerto remoto: 443
IP local: 192.168.100.8
Puerto local: 59384
Estado TCP: ESTABLISHED
PID: 5544
Aplicacion: MpDefenderCoreService
Veces vista: 1
2026-08-10 22:16:25 | OBSERVACION DE RED
Estado monitor: OBSERVACION
IP remota: 138.97.177.80
Puerto remoto: 53520
IP local: 192.168.100.8
Puerto local: 64403
Estado TCP: ESTABLISHED
PID: 5712
Aplicacion: RvControlSvc
Veces vista: 19
Ya fue vista antes y sigue fuera de BASE.
Sigue en observacion con alertas controladas.
Requiere aprobacion manual para pasar a BASE.
2026-08-10 22:16:25 | OBSERVACION DE RED
Estado monitor: OBSERVACION
IP remota: 168.90.73.130
Puerto remoto: 55558
IP local: 192.168.100.8
Puerto local: 64447
Estado TCP: ESTABLISHED
PID: 5712
Aplicacion: RvControlSvc
Veces vista: 146
Ya fue vista antes y sigue fuera de BASE.
Sigue en observacion con alertas controladas.
Requiere aprobacion manual para pasar a BASE.
2026-08-10 22:16:25 | OBSERVACION DE RED
Estado monitor: OBSERVACION
IP remota: 138.97.177.20
Puerto remoto: 50991
IP local: 192.168.100.8
Puerto local: 64448
Estado TCP: ESTABLISHED
PID: 5712
Aplicacion: RvControlSvc
Veces vista: 201
Ya fue vista antes y sigue fuera de BASE.
Sigue en observacion con alertas controladas.
Requiere aprobacion manual para pasar a BASE.
2026-08-10 22:16:25 | OBSERVACION DE RED
Estado monitor: OBSERVACION
IP remota: 138.97.177.156
Puerto remoto: 43991
IP local: 192.168.100.8
Puerto local: 64478
Estado TCP: ESTABLISHED
PID: 5712
Aplicacion: RvControlSvc
Veces vista: 171
Ya fue vista antes y sigue fuera de BASE.
Sigue en observacion con alertas controladas.
Requiere aprobacion manual para pasar a BASE.
2026-08-10 22:16:25 | OBSERVACION DE RED
Estado monitor: OBSERVACION
Tipo: PUERTO EN ESCUCHA
IP local: 0.0.0.0
Puerto local: 135
Estado TCP: LISTENING
PID: 1808
Aplicacion: svchost
Veces vista: 3385
Ya fue vista antes y sigue fuera de BASE.
Sigue en observacion con alertas controladas.
Requiere aprobacion manual para pasar a BASE.
2026-08-10 22:16:25 | OBSERVACION DE RED
Estado monitor: OBSERVACION
Tipo: PUERTO EN ESCUCHA
IP local: 0.0.0.0
Puerto local: 445
Estado TCP: LISTENING
PID: 4
Aplicacion: System
Veces vista: 3385
Ya fue vista antes y sigue fuera de BASE.
Sigue en observacion con alertas controladas.
Requiere aprobacion manual para pasar a BASE.
2026-08-10 22:16:25 | OBSERVACION DE RED
Estado monitor: OBSERVACION
Tipo: PUERTO EN ESCUCHA
IP local: 0.0.0.0
Puerto local: 49664
Estado TCP: LISTENING
PID: 1516
Aplicacion: lsass
Veces vista: 3385
Ya fue vista antes y sigue fuera de BASE.
Sigue en observacion con alertas controladas.
Requiere aprobacion manual para pasar a BASE.
2026-08-10 22:16:25 | OBSERVACION DE RED
Estado monitor: OBSERVACION
Tipo: PUERTO EN ESCUCHA
IP local: 0.0.0.0
Puerto local: 49665
Estado TCP: LISTENING
PID: 1336
Aplicacion: wininit
Veces vista: 3385
Ya fue vista antes y sigue fuera de BASE.
Sigue en observacion con alertas controladas.
Requiere aprobacion manual para pasar a BASE.
2026-08-10 22:16:25 | OBSERVACION DE RED
Estado monitor: OBSERVACION
Tipo: PUERTO EN ESCUCHA
IP local: 0.0.0.0
Puerto local: 49666
Estado TCP: LISTENING
PID: 2520
Aplicacion: svchost
Veces vista: 3385
Ya fue vista antes y sigue fuera de BASE.
Sigue en observacion con alertas controladas.
Requiere aprobacion manual para pasar a BASE.
2026-08-10 22:16:25 | OBSERVACION DE RED
Estado monitor: OBSERVACION
Tipo: PUERTO EN ESCUCHA
IP local: 0.0.0.0
Puerto local: 49667
Estado TCP: LISTENING
PID: 3316
Aplicacion: svchost
Veces vista: 3385
Ya fue vista antes y sigue fuera de BASE.
Sigue en observacion con alertas controladas.
Requiere aprobacion manual para pasar a BASE.
2026-08-10 22:16:25 | OBSERVACION DE RED
Estado monitor: OBSERVACION
Tipo: PUERTO EN ESCUCHA
IP local: 0.0.0.0
Puerto local: 49668
Estado TCP: LISTENING
PID: 4872
Aplicacion: spoolsv
Veces vista: 3385
Ya fue vista antes y sigue fuera de BASE.
Sigue en observacion con alertas controladas.
Requiere aprobacion manual para pasar a BASE.
2026-08-10 22:16:25 | OBSERVACION DE RED
Estado monitor: OBSERVACION
Tipo: PUERTO EN ESCUCHA
IP local: 0.0.0.0
Puerto local: 49670
Estado TCP: LISTENING
PID: 1488
Aplicacion: services
Veces vista: 2122
Ya fue vista antes y sigue fuera de BASE.
Sigue en observacion con alertas controladas.
Requiere aprobacion manual para pasar a BASE.
2026-08-10 22:16:25 | OBSERVACION DE RED
Estado monitor: OBSERVACION
Tipo: PUERTO EN ESCUCHA
IP local: 0.0.0.0
Puerto local: 5040
Estado TCP: LISTENING
PID: 12640
Aplicacion: svchost
Veces vista: 3381
Ya fue vista antes y sigue fuera de BASE.
Sigue en observacion con alertas controladas.
Requiere aprobacion manual para pasar a BASE.
2026-08-10 22:16:25 | OBSERVACION DE RED
Estado monitor: OBSERVACION
Tipo: PUERTO EN ESCUCHA
IP local: 0.0.0.0
Puerto local: 60042
Estado TCP: LISTENING
PID: 5712
Aplicacion: RvControlSvc
Veces vista: 1
Sigue en observacion con alertas controladas.
Requiere aprobacion manual para pasar a BASE.
2026-08-10 22:16:25 | OBSERVACION DE RED
Estado monitor: OBSERVACION
Tipo: PUERTO EN ESCUCHA
IP local: 0.0.0.0
Puerto local: 7070
Estado TCP: LISTENING
PID: 5064
Aplicacion: AnyDesk
Veces vista: 2780
Ya fue vista antes y sigue fuera de BASE.
Sigue en observacion con alertas controladas.
Requiere aprobacion manual para pasar a BASE.
2026-08-10 22:16:25 | OBSERVACION DE RED
Estado monitor: OBSERVACION
Tipo: PUERTO EN ESCUCHA
IP local: 127.0.0.1
Puerto local: 5939
Estado TCP: LISTENING
PID: 5860
Aplicacion: TeamViewer_Service
Veces vista: 448
Ya fue vista antes y sigue fuera de BASE.
Sigue en observacion con alertas controladas.
Requiere aprobacion manual para pasar a BASE.
2026-08-10 22:16:25 | OBSERVACION DE RED
Estado monitor: OBSERVACION
Tipo: PUERTO EN ESCUCHA
IP local: 192.168.56.1
Puerto local: 139
Estado TCP: LISTENING
PID: 4
Aplicacion: System
Veces vista: 3383
Ya fue vista antes y sigue fuera de BASE.
Sigue en observacion con alertas controladas.
Requiere aprobacion manual para pasar a BASE.
2026-08-10 22:16:25 | OBSERVACION DE RED
Estado monitor: OBSERVACION
Tipo: PUERTO EN ESCUCHA
IP local: 26.137.80.247
Puerto local: 139
Estado TCP: LISTENING
PID: 4
Aplicacion: System
Veces vista: 3341
Ya fue vista antes y sigue fuera de BASE.
Sigue en observacion con alertas controladas.
Requiere aprobacion manual para pasar a BASE.
2026-08-10 22:16:28 | Escaneo completado. Conexiones=48 Alertas=0 Observaciones=23 LearningMode=False
2026-08-10 22:30:51 | OBSERVACION DE RED
Estado monitor: OBSERVACION
IP remota: 138.97.177.80
Puerto remoto: 57195
IP local: 192.168.100.8
Puerto local: 56681
Estado TCP: ESTABLISHED
PID: 5712
Aplicacion: RvControlSvc
Veces vista: 10
Ya fue vista antes y sigue fuera de BASE.
Sigue en observacion con alertas controladas.
Requiere aprobacion manual para pasar a BASE.
2026-08-10 22:30:51 | OBSERVACION DE RED
Estado monitor: OBSERVACION
IP remota: 138.97.177.150
Puerto remoto: 63951
IP local: 192.168.100.8
Puerto local: 60474
Estado TCP: ESTABLISHED
PID: 5712
Aplicacion: RvControlSvc
Veces vista: 1
Sigue en observacion con alertas controladas.
Requiere aprobacion manual para pasar a BASE.
2026-08-10 22:30:51 | NUEVA CONEXION DETECTADA
Estado monitor: NUEVA
IP remota: 189.1.168.122
Puerto remoto: 80
IP local: 192.168.100.8
Puerto local: 60548
Estado TCP: ESTABLISHED
PID: 5064
Aplicacion: AnyDesk
Veces vista: 1
2026-08-10 22:30:51 | OBSERVACION DE RED
Estado monitor: OBSERVACION
IP remota: 142.251.129.133
Puerto remoto: 443
IP local: 192.168.100.8
Puerto local: 63356
Estado TCP: ESTABLISHED
PID: 19104
Aplicacion: chrome
Veces vista: 15
Ya fue vista antes y sigue fuera de BASE.
Sigue en observacion con alertas controladas.
Requiere aprobacion manual para pasar a BASE.
2026-08-10 22:30:51 | OBSERVACION DE RED
Estado monitor: OBSERVACION
IP remota: 26.81.60.236
Puerto remoto: 51824
IP local: 26.137.80.247
Puerto local: 7680
Estado TCP: ESTABLISHED
PID: 17252
Aplicacion: svchost
Veces vista: 1
Sigue en observacion con alertas controladas.
Requiere aprobacion manual para pasar a BASE.
2026-08-10 22:30:51 | OBSERVACION DE RED
Estado monitor: OBSERVACION
Tipo: PUERTO EN ESCUCHA
IP local: 192.168.100.8
Puerto local: 60470
Estado TCP: LISTENING
PID: 5712
Aplicacion: RvControlSvc
Veces vista: 1
Sigue en observacion con alertas controladas.
Requiere aprobacion manual para pasar a BASE.
2026-08-10 22:30:55 | Escaneo completado. Conexiones=55 Alertas=0 Observaciones=6 LearningMode=False
2026-08-10 23:25:12 | NUEVA CONEXION DETECTADA
Estado monitor: NUEVA
IP remota: 46.62.196.169
Puerto remoto: 443
IP local: 192.168.100.8
Puerto local: 49810
Estado TCP: ESTABLISHED
PID: 5712
Aplicacion: RvControlSvc
Veces vista: 1
2026-08-10 23:25:12 | OBSERVACION DE RED
Estado monitor: OBSERVACION
IP remota: 31.13.94.52
Puerto remoto: 443
IP local: 192.168.100.8
Puerto local: 51038
Estado TCP: ESTABLISHED
PID: 19104
Aplicacion: chrome
Veces vista: 440
Ya fue vista antes y sigue fuera de BASE.
Sigue en observacion con alertas controladas.
Requiere aprobacion manual para pasar a BASE.
2026-08-10 23:25:12 | OBSERVACION DE RED
Estado monitor: OBSERVACION
IP remota: 216.150.1.193
Puerto remoto: 443
IP local: 192.168.100.8
Puerto local: 51626
Estado TCP: ESTABLISHED
PID: 19104
Aplicacion: chrome
Veces vista: 161
Ya fue vista antes y sigue fuera de BASE.
Sigue en observacion con alertas controladas.
Requiere aprobacion manual para pasar a BASE.
2026-08-10 23:25:12 | OBSERVACION DE RED
Estado monitor: OBSERVACION
IP remota: 132.255.112.120
Puerto remoto: 49680
IP local: 192.168.100.8
Puerto local: 52326
Estado TCP: ESTABLISHED
PID: 5712
Aplicacion: RvControlSvc
Veces vista: 1
Sigue en observacion con alertas controladas.
Requiere aprobacion manual para pasar a BASE.
2026-08-10 23:25:12 | OBSERVACION DE RED
Estado monitor: OBSERVACION
IP remota: 104.18.38.10
Puerto remoto: 443
IP local: 192.168.100.8
Puerto local: 53696
Estado TCP: ESTABLISHED
PID: 19104
Aplicacion: chrome
Veces vista: 16
Ya fue vista antes y sigue fuera de BASE.
Sigue en observacion con alertas controladas.
Requiere aprobacion manual para pasar a BASE.
2026-08-10 23:25:12 | OBSERVACION DE RED
Estado monitor: OBSERVACION
IP remota: 34.149.66.163
Puerto remoto: 443
IP local: 192.168.100.8
Puerto local: 53806
Estado TCP: ESTABLISHED
PID: 19104
Aplicacion: chrome
Veces vista: 64
Ya fue vista antes y sigue fuera de BASE.
Sigue en observacion con alertas controladas.
Requiere aprobacion manual para pasar a BASE.
2026-08-10 23:25:12 | OBSERVACION DE RED
Estado monitor: OBSERVACION
IP remota: 142.251.134.195
Puerto remoto: 443
IP local: 192.168.100.8
Puerto local: 57162
Estado TCP: ESTABLISHED
PID: 19104
Aplicacion: chrome
Veces vista: 72
Ya fue vista antes y sigue fuera de BASE.
Sigue en observacion con alertas controladas.
Requiere aprobacion manual para pasar a BASE.
2026-08-10 23:25:12 | OBSERVACION DE RED
Estado monitor: OBSERVACION
IP remota: 190.122.183.105
Puerto remoto: 57028
IP local: 192.168.100.8
Puerto local: 57181
Estado TCP: ESTABLISHED
PID: 5712
Aplicacion: RvControlSvc
Veces vista: 2
Ya fue vista antes y sigue fuera de BASE.
Sigue en observacion con alertas controladas.
Requiere aprobacion manual para pasar a BASE.
2026-08-10 23:25:12 | OBSERVACION DE RED
Estado monitor: OBSERVACION
IP remota: 179.42.168.31
Puerto remoto: 63947
IP local: 192.168.100.8
Puerto local: 57203
Estado TCP: ESTABLISHED
PID: 5712
Aplicacion: RvControlSvc
Veces vista: 1
Sigue en observacion con alertas controladas.
Requiere aprobacion manual para pasar a BASE.
2026-08-10 23:25:12 | OBSERVACION DE RED
Estado monitor: OBSERVACION
IP remota: 207.248.126.253
Puerto remoto: 56353
IP local: 192.168.100.8
Puerto local: 57211
Estado TCP: ESTABLISHED
PID: 5712
Aplicacion: RvControlSvc
Veces vista: 91
Ya fue vista antes y sigue fuera de BASE.
Sigue en observacion con alertas controladas.
Requiere aprobacion manual para pasar a BASE.
2026-08-10 23:25:12 | OBSERVACION DE RED
Estado monitor: OBSERVACION
IP remota: 172.217.117.4
Puerto remoto: 443
IP local: 192.168.100.8
Puerto local: 59020
Estado TCP: ESTABLISHED
PID: 19104
Aplicacion: chrome
Veces vista: 38
Ya fue vista antes y sigue fuera de BASE.
Sigue en observacion con alertas controladas.
Requiere aprobacion manual para pasar a BASE.
2026-08-10 23:25:12 | OBSERVACION DE RED
Estado monitor: OBSERVACION
IP remota: 138.97.177.104
Puerto remoto: 49688
IP local: 192.168.100.8
Puerto local: 61485
Estado TCP: ESTABLISHED
PID: 5712
Aplicacion: RvControlSvc
Veces vista: 85
Ya fue vista antes y sigue fuera de BASE.
Sigue en observacion con alertas controladas.
Requiere aprobacion manual para pasar a BASE.
2026-08-10 23:25:12 | OBSERVACION DE RED
Estado monitor: OBSERVACION
IP remota: 138.97.177.156
Puerto remoto: 62945
IP local: 192.168.100.8
Puerto local: 61491
Estado TCP: ESTABLISHED
PID: 5712
Aplicacion: RvControlSvc
Veces vista: 152
Ya fue vista antes y sigue fuera de BASE.
Sigue en observacion con alertas controladas.
Requiere aprobacion manual para pasar a BASE.
2026-08-10 23:25:12 | OBSERVACION DE RED
Estado monitor: OBSERVACION
IP remota: 138.97.177.156
Puerto remoto: 63251
IP local: 192.168.100.8
Puerto local: 61492
Estado TCP: ESTABLISHED
PID: 5712
Aplicacion: RvControlSvc
Veces vista: 132
Ya fue vista antes y sigue fuera de BASE.
Sigue en observacion con alertas controladas.
Requiere aprobacion manual para pasar a BASE.
2026-08-10 23:25:12 | OBSERVACION DE RED
Estado monitor: OBSERVACION
IP remota: 172.217.192.188
Puerto remoto: 5228
IP local: 192.168.100.8
Puerto local: 61951
Estado TCP: ESTABLISHED
PID: 19104
Aplicacion: chrome
Veces vista: 648
Ya fue vista antes y sigue fuera de BASE.
Sigue en observacion con alertas controladas.
Requiere aprobacion manual para pasar a BASE.
2026-08-10 23:25:12 | OBSERVACION DE RED
Estado monitor: OBSERVACION
IP remota: 200.42.122.18
Puerto remoto: 443
IP local: 192.168.100.8
Puerto local: 65176
Estado TCP: ESTABLISHED
PID: 19104
Aplicacion: chrome
Veces vista: 31
Ya fue vista antes y sigue fuera de BASE.
Sigue en observacion con alertas controladas.
Requiere aprobacion manual para pasar a BASE.
2026-08-10 23:25:12 | OBSERVACION DE RED
Estado monitor: OBSERVACION
Tipo: PUERTO EN ESCUCHA
IP local: 0.0.0.0
Puerto local: 59025
Estado TCP: LISTENING
PID: 5712
Aplicacion: RvControlSvc
Veces vista: 1
Sigue en observacion con alertas controladas.
Requiere aprobacion manual para pasar a BASE.
2026-08-10 23:25:12 | OBSERVACION DE RED
Estado monitor: OBSERVACION
Tipo: PUERTO EN ESCUCHA
IP local: 0.0.0.0
Puerto local: 7680
Estado TCP: LISTENING
PID: 17252
Aplicacion: svchost
Veces vista: 539
Ya fue vista antes y sigue fuera de BASE.
Sigue en observacion con alertas controladas.
Requiere aprobacion manual para pasar a BASE.
2026-08-10 23:25:12 | OBSERVACION DE RED
Estado monitor: OBSERVACION
Tipo: PUERTO EN ESCUCHA
IP local: 192.168.100.8
Puerto local: 139
Estado TCP: LISTENING
PID: 4
Aplicacion: System
Veces vista: 1281
Ya fue vista antes y sigue fuera de BASE.
Sigue en observacion con alertas controladas.
Requiere aprobacion manual para pasar a BASE.
2026-08-10 23:25:12 | OBSERVACION DE RED
Estado monitor: OBSERVACION
Tipo: PUERTO EN ESCUCHA
IP local: 192.168.100.8
Puerto local: 49810
Estado TCP: LISTENING
PID: 5712
Aplicacion: RvControlSvc
Veces vista: 1
Sigue en observacion con alertas controladas.
Requiere aprobacion manual para pasar a BASE.
2026-08-10 23:25:16 | Escaneo completado. Conexiones=81 Alertas=0 Observaciones=20 LearningMode=False
2026-08-10 23:35:08 | OBSERVACION DE RED
Estado monitor: OBSERVACION
IP remota: 51.104.15.253
Puerto remoto: 443
IP local: 192.168.100.8
Puerto local: 49706
Estado TCP: ESTABLISHED
PID: 5544
Aplicacion: MpDefenderCoreService
Veces vista: 2
Ya fue vista antes y sigue fuera de BASE.
Sigue en observacion con alertas controladas.
Requiere aprobacion manual para pasar a BASE.
2026-08-10 23:35:08 | NUEVA CONEXION DETECTADA
Estado monitor: NUEVA
IP remota: 46.62.196.169
Puerto remoto: 443
IP local: 192.168.100.8
Puerto local: 49810
Estado TCP: ESTABLISHED
PID: 5712
Aplicacion: RvControlSvc
Veces vista: 2
2026-08-10 23:35:08 | OBSERVACION DE RED
Estado monitor: OBSERVACION
IP remota: 45.162.230.182
Puerto remoto: 17351
IP local: 192.168.100.8
Puerto local: 56289
Estado TCP: ESTABLISHED
PID: 5712
Aplicacion: RvControlSvc
Veces vista: 2154
Ya fue vista antes y sigue fuera de BASE.
Sigue en observacion con alertas controladas.
Requiere aprobacion manual para pasar a BASE.
2026-08-10 23:35:08 | OBSERVACION DE RED
Estado monitor: OBSERVACION
IP remota: 108.177.123.188
Puerto remoto: 5228
IP local: 192.168.100.8
Puerto local: 57175
Estado TCP: ESTABLISHED
PID: 19104
Aplicacion: chrome
Veces vista: 615
Ya fue vista antes y sigue fuera de BASE.
Sigue en observacion con alertas controladas.
Requiere aprobacion manual para pasar a BASE.
2026-08-10 23:35:08 | OBSERVACION DE RED
Estado monitor: OBSERVACION
IP remota: 162.43.190.123
Puerto remoto: 443
IP local: 192.168.100.8
Puerto local: 60575
Estado TCP: ESTABLISHED
PID: 5064
Aplicacion: AnyDesk
Veces vista: 53
Ya fue vista antes y sigue fuera de BASE.
Sigue en observacion con alertas controladas.
Requiere aprobacion manual para pasar a BASE.
2026-08-10 23:35:08 | OBSERVACION DE RED
Estado monitor: OBSERVACION
IP remota: 138.97.177.80
Puerto remoto: 53520
IP local: 192.168.100.8
Puerto local: 61481
Estado TCP: ESTABLISHED
PID: 5712
Aplicacion: RvControlSvc
Veces vista: 22
Ya fue vista antes y sigue fuera de BASE.
Sigue en observacion con alertas controladas.
Requiere aprobacion manual para pasar a BASE.
2026-08-10 23:35:08 | OBSERVACION DE RED
Estado monitor: OBSERVACION
IP remota: 138.97.177.20
Puerto remoto: 50991
IP local: 192.168.100.8
Puerto local: 61482
Estado TCP: ESTABLISHED
PID: 5712
Aplicacion: RvControlSvc
Veces vista: 204
Ya fue vista antes y sigue fuera de BASE.
Sigue en observacion con alertas controladas.
Requiere aprobacion manual para pasar a BASE.
2026-08-10 23:35:08 | OBSERVACION DE RED
Estado monitor: OBSERVACION
IP remota: 138.97.177.156
Puerto remoto: 43991
IP local: 192.168.100.8
Puerto local: 61486
Estado TCP: ESTABLISHED
PID: 5712
Aplicacion: RvControlSvc
Veces vista: 173
Ya fue vista antes y sigue fuera de BASE.
Sigue en observacion con alertas controladas.
Requiere aprobacion manual para pasar a BASE.
2026-08-10 23:35:08 | OBSERVACION DE RED
Estado monitor: OBSERVACION
IP remota: 168.90.73.130
Puerto remoto: 55558
IP local: 192.168.100.8
Puerto local: 61487
Estado TCP: ESTABLISHED
PID: 5712
Aplicacion: RvControlSvc
Veces vista: 149
Ya fue vista antes y sigue fuera de BASE.
Sigue en observacion con alertas controladas.
Requiere aprobacion manual para pasar a BASE.
2026-08-10 23:35:08 | OBSERVACION DE RED
Estado monitor: OBSERVACION
Tipo: PUERTO EN ESCUCHA
IP local: 0.0.0.0
Puerto local: 135
Estado TCP: LISTENING
PID: 1808
Aplicacion: svchost
Veces vista: 3388
Ya fue vista antes y sigue fuera de BASE.
Sigue en observacion con alertas controladas.
Requiere aprobacion manual para pasar a BASE.
2026-08-10 23:35:08 | OBSERVACION DE RED
Estado monitor: OBSERVACION
Tipo: PUERTO EN ESCUCHA
IP local: 0.0.0.0
Puerto local: 445
Estado TCP: LISTENING
PID: 4
Aplicacion: System
Veces vista: 3388
Ya fue vista antes y sigue fuera de BASE.
Sigue en observacion con alertas controladas.
Requiere aprobacion manual para pasar a BASE.
2026-08-10 23:35:08 | OBSERVACION DE RED
Estado monitor: OBSERVACION
Tipo: PUERTO EN ESCUCHA
IP local: 0.0.0.0
Puerto local: 49664
Estado TCP: LISTENING
PID: 1516
Aplicacion: lsass
Veces vista: 3388
Ya fue vista antes y sigue fuera de BASE.
Sigue en observacion con alertas controladas.
Requiere aprobacion manual para pasar a BASE.
2026-08-10 23:35:08 | OBSERVACION DE RED
Estado monitor: OBSERVACION
Tipo: PUERTO EN ESCUCHA
IP local: 0.0.0.0
Puerto local: 49665
Estado TCP: LISTENING
PID: 1336
Aplicacion: wininit
Veces vista: 3388
Ya fue vista antes y sigue fuera de BASE.
Sigue en observacion con alertas controladas.
Requiere aprobacion manual para pasar a BASE.
2026-08-10 23:35:08 | OBSERVACION DE RED
Estado monitor: OBSERVACION
Tipo: PUERTO EN ESCUCHA
IP local: 0.0.0.0
Puerto local: 49666
Estado TCP: LISTENING
PID: 2520
Aplicacion: svchost
Veces vista: 3388
Ya fue vista antes y sigue fuera de BASE.
Sigue en observacion con alertas controladas.
Requiere aprobacion manual para pasar a BASE.
2026-08-10 23:35:08 | OBSERVACION DE RED
Estado monitor: OBSERVACION
Tipo: PUERTO EN ESCUCHA
IP local: 0.0.0.0
Puerto local: 49667
Estado TCP: LISTENING
PID: 3316
Aplicacion: svchost
Veces vista: 3388
Ya fue vista antes y sigue fuera de BASE.
Sigue en observacion con alertas controladas.
Requiere aprobacion manual para pasar a BASE.
2026-08-10 23:35:08 | OBSERVACION DE RED
Estado monitor: OBSERVACION
Tipo: PUERTO EN ESCUCHA
IP local: 0.0.0.0
Puerto local: 49668
Estado TCP: LISTENING
PID: 4872
Aplicacion: spoolsv
Veces vista: 3388
Ya fue vista antes y sigue fuera de BASE.
Sigue en observacion con alertas controladas.
Requiere aprobacion manual para pasar a BASE.
2026-08-10 23:35:08 | OBSERVACION DE RED
Estado monitor: OBSERVACION
Tipo: PUERTO EN ESCUCHA
IP local: 0.0.0.0
Puerto local: 49670
Estado TCP: LISTENING
PID: 1488
Aplicacion: services
Veces vista: 2125
Ya fue vista antes y sigue fuera de BASE.
Sigue en observacion con alertas controladas.
Requiere aprobacion manual para pasar a BASE.
2026-08-10 23:35:08 | OBSERVACION DE RED
Estado monitor: OBSERVACION
Tipo: PUERTO EN ESCUCHA
IP local: 0.0.0.0
Puerto local: 5040
Estado TCP: LISTENING
PID: 12640
Aplicacion: svchost
Veces vista: 3384
Ya fue vista antes y sigue fuera de BASE.
Sigue en observacion con alertas controladas.
Requiere aprobacion manual para pasar a BASE.
2026-08-10 23:35:08 | OBSERVACION DE RED
Estado monitor: OBSERVACION
Tipo: PUERTO EN ESCUCHA
IP local: 0.0.0.0
Puerto local: 7070
Estado TCP: LISTENING
PID: 5064
Aplicacion: AnyDesk
Veces vista: 2783
Ya fue vista antes y sigue fuera de BASE.
Sigue en observacion con alertas controladas.
Requiere aprobacion manual para pasar a BASE.
2026-08-10 23:35:08 | OBSERVACION DE RED
Estado monitor: OBSERVACION
Tipo: PUERTO EN ESCUCHA
IP local: 127.0.0.1
Puerto local: 5939
Estado TCP: LISTENING
PID: 5860
Aplicacion: TeamViewer_Service
Veces vista: 451
Ya fue vista antes y sigue fuera de BASE.
Sigue en observacion con alertas controladas.
Requiere aprobacion manual para pasar a BASE.
2026-08-10 23:35:08 | OBSERVACION DE RED
Estado monitor: OBSERVACION
Tipo: PUERTO EN ESCUCHA
IP local: 192.168.56.1
Puerto local: 139
Estado TCP: LISTENING
PID: 4
Aplicacion: System
Veces vista: 3386
Ya fue vista antes y sigue fuera de BASE.
Sigue en observacion con alertas controladas.
Requiere aprobacion manual para pasar a BASE.
2026-08-10 23:35:08 | OBSERVACION DE RED
Estado monitor: OBSERVACION
Tipo: PUERTO EN ESCUCHA
IP local: 26.137.80.247
Puerto local: 139
Estado TCP: LISTENING
PID: 4
Aplicacion: System
Veces vista: 3344
Ya fue vista antes y sigue fuera de BASE.
Sigue en observacion con alertas controladas.
Requiere aprobacion manual para pasar a BASE.
2026-08-10 23:35:11 | Escaneo completado. Conexiones=52 Alertas=0 Observaciones=22 LearningMode=False
2026-08-10 23:45:02 | OBSERVACION DE RED
Estado monitor: OBSERVACION
IP remota: 138.97.177.80
Puerto remoto: 57195
IP local: 192.168.100.8
Puerto local: 52328
Estado TCP: ESTABLISHED
PID: 5712
Aplicacion: RvControlSvc
Veces vista: 13
Ya fue vista antes y sigue fuera de BASE.
Sigue en observacion con alertas controladas.
Requiere aprobacion manual para pasar a BASE.
2026-08-10 23:45:06 | Escaneo completado. Conexiones=48 Alertas=0 Observaciones=1 LearningMode=False
2026-08-10 23:55:03 | OBSERVACION DE RED
Estado monitor: OBSERVACION
IP remota: 34.149.66.163
Puerto remoto: 443
IP local: 192.168.100.8
Puerto local: 50284
Estado TCP: ESTABLISHED
PID: 19104
Aplicacion: chrome
Veces vista: 68
Ya fue vista antes y sigue fuera de BASE.
Sigue en observacion con alertas controladas.
Requiere aprobacion manual para pasar a BASE.
2026-08-10 23:55:03 | OBSERVACION DE RED
Estado monitor: OBSERVACION
IP remota: 31.13.94.52
Puerto remoto: 443
IP local: 192.168.100.8
Puerto local: 51038
Estado TCP: ESTABLISHED
PID: 19104
Aplicacion: chrome
Veces vista: 443
Ya fue vista antes y sigue fuera de BASE.
Sigue en observacion con alertas controladas.
Requiere aprobacion manual para pasar a BASE.
2026-08-10 23:55:03 | OBSERVACION DE RED
Estado monitor: OBSERVACION
IP remota: 132.255.112.120
Puerto remoto: 49680
IP local: 192.168.100.8
Puerto local: 52326
Estado TCP: ESTABLISHED
PID: 5712
Aplicacion: RvControlSvc
Veces vista: 4
Ya fue vista antes y sigue fuera de BASE.
Sigue en observacion con alertas controladas.
Requiere aprobacion manual para pasar a BASE.
2026-08-10 23:55:03 | OBSERVACION DE RED
Estado monitor: OBSERVACION
IP remota: 142.251.128.37
Puerto remoto: 443
IP local: 192.168.100.8
Puerto local: 55005
Estado TCP: ESTABLISHED
PID: 19104
Aplicacion: chrome
Veces vista: 35
Ya fue vista antes y sigue fuera de BASE.
Sigue en observacion con alertas controladas.
Requiere aprobacion manual para pasar a BASE.
2026-08-10 23:55:03 | OBSERVACION DE RED
Estado monitor: OBSERVACION
IP remota: 172.64.149.246
Puerto remoto: 443
IP local: 192.168.100.8
Puerto local: 55705
Estado TCP: ESTABLISHED
PID: 19104
Aplicacion: chrome
Veces vista: 11
Ya fue vista antes y sigue fuera de BASE.
Sigue en observacion con alertas controladas.
Requiere aprobacion manual para pasar a BASE.
2026-08-10 23:55:03 | OBSERVACION DE RED
Estado monitor: OBSERVACION
IP remota: 190.122.183.105
Puerto remoto: 57028
IP local: 192.168.100.8
Puerto local: 57181
Estado TCP: ESTABLISHED
PID: 5712
Aplicacion: RvControlSvc
Veces vista: 5
Ya fue vista antes y sigue fuera de BASE.
Sigue en observacion con alertas controladas.
Requiere aprobacion manual para pasar a BASE.
2026-08-10 23:55:03 | OBSERVACION DE RED
Estado monitor: OBSERVACION
IP remota: 179.42.168.31
Puerto remoto: 63947
IP local: 192.168.100.8
Puerto local: 57203
Estado TCP: ESTABLISHED
PID: 5712
Aplicacion: RvControlSvc
Veces vista: 4
Ya fue vista antes y sigue fuera de BASE.
Sigue en observacion con alertas controladas.
Requiere aprobacion manual para pasar a BASE.
2026-08-10 23:55:03 | OBSERVACION DE RED
Estado monitor: OBSERVACION
IP remota: 207.248.126.253
Puerto remoto: 56353
IP local: 192.168.100.8
Puerto local: 57211
Estado TCP: ESTABLISHED
PID: 5712
Aplicacion: RvControlSvc
Veces vista: 94
Ya fue vista antes y sigue fuera de BASE.
Sigue en observacion con alertas controladas.
Requiere aprobacion manual para pasar a BASE.
2026-08-10 23:55:03 | OBSERVACION DE RED
Estado monitor: OBSERVACION
IP remota: 216.150.1.193
Puerto remoto: 443
IP local: 192.168.100.8
Puerto local: 58140
Estado TCP: ESTABLISHED
PID: 19104
Aplicacion: chrome
Veces vista: 164
Ya fue vista antes y sigue fuera de BASE.
Sigue en observacion con alertas controladas.
Requiere aprobacion manual para pasar a BASE.
2026-08-10 23:55:03 | OBSERVACION DE RED
Estado monitor: OBSERVACION
IP remota: 138.97.177.156
Puerto remoto: 62945
IP local: 192.168.100.8
Puerto local: 61491
Estado TCP: ESTABLISHED
PID: 5712
Aplicacion: RvControlSvc
Veces vista: 155
Ya fue vista antes y sigue fuera de BASE.
Sigue en observacion con alertas controladas.
Requiere aprobacion manual para pasar a BASE.
2026-08-10 23:55:03 | OBSERVACION DE RED
Estado monitor: OBSERVACION
IP remota: 138.97.177.156
Puerto remoto: 63251
IP local: 192.168.100.8
Puerto local: 61492
Estado TCP: ESTABLISHED
PID: 5712
Aplicacion: RvControlSvc
Veces vista: 135
Ya fue vista antes y sigue fuera de BASE.
Sigue en observacion con alertas controladas.
Requiere aprobacion manual para pasar a BASE.
2026-08-10 23:55:03 | OBSERVACION DE RED
Estado monitor: OBSERVACION
IP remota: 172.217.192.188
Puerto remoto: 5228
IP local: 192.168.100.8
Puerto local: 61951
Estado TCP: ESTABLISHED
PID: 19104
Aplicacion: chrome
Veces vista: 651
Ya fue vista antes y sigue fuera de BASE.
Sigue en observacion con alertas controladas.
Requiere aprobacion manual para pasar a BASE.
2026-08-10 23:55:03 | OBSERVACION DE RED
Estado monitor: OBSERVACION
Tipo: PUERTO EN ESCUCHA
IP local: 0.0.0.0
Puerto local: 59025
Estado TCP: LISTENING
PID: 5712
Aplicacion: RvControlSvc
Veces vista: 4
Ya fue vista antes y sigue fuera de BASE.
Sigue en observacion con alertas controladas.
Requiere aprobacion manual para pasar a BASE.
2026-08-10 23:55:03 | OBSERVACION DE RED
Estado monitor: OBSERVACION
Tipo: PUERTO EN ESCUCHA
IP local: 0.0.0.0
Puerto local: 7680
Estado TCP: LISTENING
PID: 17252
Aplicacion: svchost
Veces vista: 542
Ya fue vista antes y sigue fuera de BASE.
Sigue en observacion con alertas controladas.
Requiere aprobacion manual para pasar a BASE.
2026-08-10 23:55:03 | OBSERVACION DE RED
Estado monitor: OBSERVACION
Tipo: PUERTO EN ESCUCHA
IP local: 192.168.100.8
Puerto local: 139
Estado TCP: LISTENING
PID: 4
Aplicacion: System
Veces vista: 1284
Ya fue vista antes y sigue fuera de BASE.
Sigue en observacion con alertas controladas.
Requiere aprobacion manual para pasar a BASE.
2026-08-10 23:55:03 | OBSERVACION DE RED
Estado monitor: OBSERVACION
Tipo: PUERTO EN ESCUCHA
IP local: 192.168.100.8
Puerto local: 49810
Estado TCP: LISTENING
PID: 5712
Aplicacion: RvControlSvc
Veces vista: 4
Ya fue vista antes y sigue fuera de BASE.
Sigue en observacion con alertas controladas.
Requiere aprobacion manual para pasar a BASE.
2026-08-10 23:55:06 | Escaneo completado. Conexiones=54 Alertas=0 Observaciones=16 LearningMode=False
2026-08-11 00:05:04 | OBSERVACION DE RED
Estado monitor: OBSERVACION
IP remota: 51.104.15.253
Puerto remoto: 443
IP local: 192.168.100.8
Puerto local: 55246
Estado TCP: ESTABLISHED
PID: 5544
Aplicacion: MpDefenderCoreService
Veces vista: 3
Ya fue vista antes y sigue fuera de BASE.
Sigue en observacion con alertas controladas.
Requiere aprobacion manual para pasar a BASE.
2026-08-11 00:05:04 | OBSERVACION DE RED
Estado monitor: OBSERVACION
IP remota: 45.162.230.182
Puerto remoto: 17351
IP local: 192.168.100.8
Puerto local: 56289
Estado TCP: ESTABLISHED
PID: 5712
Aplicacion: RvControlSvc
Veces vista: 2166
Ya fue vista antes y sigue fuera de BASE.
Sigue en observacion con alertas controladas.
Requiere aprobacion manual para pasar a BASE.
2026-08-11 00:05:04 | OBSERVACION DE RED
Estado monitor: OBSERVACION
IP remota: 108.177.123.188
Puerto remoto: 5228
IP local: 192.168.100.8
Puerto local: 57175
Estado TCP: ESTABLISHED
PID: 19104
Aplicacion: chrome
Veces vista: 618
Ya fue vista antes y sigue fuera de BASE.
Sigue en observacion con alertas controladas.
Requiere aprobacion manual para pasar a BASE.
2026-08-11 00:05:04 | OBSERVACION DE RED
Estado monitor: OBSERVACION
IP remota: 162.43.190.123
Puerto remoto: 443
IP local: 192.168.100.8
Puerto local: 60575
Estado TCP: ESTABLISHED
PID: 5064
Aplicacion: AnyDesk
Veces vista: 56
Ya fue vista antes y sigue fuera de BASE.
Sigue en observacion con alertas controladas.
Requiere aprobacion manual para pasar a BASE.
2026-08-11 00:05:04 | OBSERVACION DE RED
Estado monitor: OBSERVACION
IP remota: 138.97.177.80
Puerto remoto: 53520
IP local: 192.168.100.8
Puerto local: 61481
Estado TCP: ESTABLISHED
PID: 5712
Aplicacion: RvControlSvc
Veces vista: 25
Ya fue vista antes y sigue fuera de BASE.
Sigue en observacion con alertas controladas.
Requiere aprobacion manual para pasar a BASE.
2026-08-11 00:05:04 | OBSERVACION DE RED
Estado monitor: OBSERVACION
IP remota: 138.97.177.20
Puerto remoto: 50991
IP local: 192.168.100.8
Puerto local: 61482
Estado TCP: ESTABLISHED
PID: 5712
Aplicacion: RvControlSvc
Veces vista: 207
Ya fue vista antes y sigue fuera de BASE.
Sigue en observacion con alertas controladas.
Requiere aprobacion manual para pasar a BASE.
2026-08-11 00:05:04 | OBSERVACION DE RED
Estado monitor: OBSERVACION
IP remota: 138.97.177.156
Puerto remoto: 43991
IP local: 192.168.100.8
Puerto local: 61486
Estado TCP: ESTABLISHED
PID: 5712
Aplicacion: RvControlSvc
Veces vista: 176
Ya fue vista antes y sigue fuera de BASE.
Sigue en observacion con alertas controladas.
Requiere aprobacion manual para pasar a BASE.
2026-08-11 00:05:04 | OBSERVACION DE RED
Estado monitor: OBSERVACION
IP remota: 168.90.73.130
Puerto remoto: 55558
IP local: 192.168.100.8
Puerto local: 61487
Estado TCP: ESTABLISHED
PID: 5712
Aplicacion: RvControlSvc
Veces vista: 152
Ya fue vista antes y sigue fuera de BASE.
Sigue en observacion con alertas controladas.
Requiere aprobacion manual para pasar a BASE.
2026-08-11 00:05:04 | OBSERVACION DE RED
Estado monitor: OBSERVACION
Tipo: PUERTO EN ESCUCHA
IP local: 0.0.0.0
Puerto local: 135
Estado TCP: LISTENING
PID: 1808
Aplicacion: svchost
Veces vista: 3391
Ya fue vista antes y sigue fuera de BASE.
Sigue en observacion con alertas controladas.
Requiere aprobacion manual para pasar a BASE.
2026-08-11 00:05:04 | OBSERVACION DE RED
Estado monitor: OBSERVACION
Tipo: PUERTO EN ESCUCHA
IP local: 0.0.0.0
Puerto local: 445
Estado TCP: LISTENING
PID: 4
Aplicacion: System
Veces vista: 3391
Ya fue vista antes y sigue fuera de BASE.
Sigue en observacion con alertas controladas.
Requiere aprobacion manual para pasar a BASE.
2026-08-11 00:05:04 | OBSERVACION DE RED
Estado monitor: OBSERVACION
Tipo: PUERTO EN ESCUCHA
IP local: 0.0.0.0
Puerto local: 49664
Estado TCP: LISTENING
PID: 1516
Aplicacion: lsass
Veces vista: 3391
Ya fue vista antes y sigue fuera de BASE.
Sigue en observacion con alertas controladas.
Requiere aprobacion manual para pasar a BASE.
2026-08-11 00:05:04 | OBSERVACION DE RED
Estado monitor: OBSERVACION
Tipo: PUERTO EN ESCUCHA
IP local: 0.0.0.0
Puerto local: 49665
Estado TCP: LISTENING
PID: 1336
Aplicacion: wininit
Veces vista: 3391
Ya fue vista antes y sigue fuera de BASE.
Sigue en observacion con alertas controladas.
Requiere aprobacion manual para pasar a BASE.
2026-08-11 00:05:04 | OBSERVACION DE RED
Estado monitor: OBSERVACION
Tipo: PUERTO EN ESCUCHA
IP local: 0.0.0.0
Puerto local: 49666
Estado TCP: LISTENING
PID: 2520
Aplicacion: svchost
Veces vista: 3391
Ya fue vista antes y sigue fuera de BASE.
Sigue en observacion con alertas controladas.
Requiere aprobacion manual para pasar a BASE.
2026-08-11 00:05:04 | OBSERVACION DE RED
Estado monitor: OBSERVACION
Tipo: PUERTO EN ESCUCHA
IP local: 0.0.0.0
Puerto local: 49667
Estado TCP: LISTENING
PID: 3316
Aplicacion: svchost
Veces vista: 3391
Ya fue vista antes y sigue fuera de BASE.
Sigue en observacion con alertas controladas.
Requiere aprobacion manual para pasar a BASE.
2026-08-11 00:05:04 | OBSERVACION DE RED
Estado monitor: OBSERVACION
Tipo: PUERTO EN ESCUCHA
IP local: 0.0.0.0
Puerto local: 49668
Estado TCP: LISTENING
PID: 4872
Aplicacion: spoolsv
Veces vista: 3391
Ya fue vista antes y sigue fuera de BASE.
Sigue en observacion con alertas controladas.
Requiere aprobacion manual para pasar a BASE.
2026-08-11 00:05:04 | OBSERVACION DE RED
Estado monitor: OBSERVACION
Tipo: PUERTO EN ESCUCHA
IP local: 0.0.0.0
Puerto local: 49670
Estado TCP: LISTENING
PID: 1488
Aplicacion: services
Veces vista: 2128
Ya fue vista antes y sigue fuera de BASE.
Sigue en observacion con alertas controladas.
Requiere aprobacion manual para pasar a BASE.
2026-08-11 00:05:04 | OBSERVACION DE RED
Estado monitor: OBSERVACION
Tipo: PUERTO EN ESCUCHA
IP local: 0.0.0.0
Puerto local: 5040
Estado TCP: LISTENING
PID: 12640
Aplicacion: svchost
Veces vista: 3387
Ya fue vista antes y sigue fuera de BASE.
Sigue en observacion con alertas controladas.
Requiere aprobacion manual para pasar a BASE.
2026-08-11 00:05:04 | OBSERVACION DE RED
Estado monitor: OBSERVACION
Tipo: PUERTO EN ESCUCHA
IP local: 0.0.0.0
Puerto local: 7070
Estado TCP: LISTENING
PID: 5064
Aplicacion: AnyDesk
Veces vista: 2786
Ya fue vista antes y sigue fuera de BASE.
Sigue en observacion con alertas controladas.
Requiere aprobacion manual para pasar a BASE.
2026-08-11 00:05:04 | OBSERVACION DE RED
Estado monitor: OBSERVACION
Tipo: PUERTO EN ESCUCHA
IP local: 127.0.0.1
Puerto local: 5939
Estado TCP: LISTENING
PID: 5860
Aplicacion: TeamViewer_Service
Veces vista: 454
Ya fue vista antes y sigue fuera de BASE.
Sigue en observacion con alertas controladas.
Requiere aprobacion manual para pasar a BASE.
2026-08-11 00:05:04 | OBSERVACION DE RED
Estado monitor: OBSERVACION
Tipo: PUERTO EN ESCUCHA
IP local: 192.168.56.1
Puerto local: 139
Estado TCP: LISTENING
PID: 4
Aplicacion: System
Veces vista: 3389
Ya fue vista antes y sigue fuera de BASE.
Sigue en observacion con alertas controladas.
Requiere aprobacion manual para pasar a BASE.
2026-08-11 00:05:04 | OBSERVACION DE RED
Estado monitor: OBSERVACION
Tipo: PUERTO EN ESCUCHA
IP local: 26.137.80.247
Puerto local: 139
Estado TCP: LISTENING
PID: 4
Aplicacion: System
Veces vista: 3347
Ya fue vista antes y sigue fuera de BASE.
Sigue en observacion con alertas controladas.
Requiere aprobacion manual para pasar a BASE.
2026-08-11 00:05:07 | Escaneo completado. Conexiones=61 Alertas=0 Observaciones=21 LearningMode=False
2026-08-11 00:15:05 | OBSERVACION DE RED
Estado monitor: OBSERVACION
IP remota: 138.97.177.80
Puerto remoto: 57195
IP local: 192.168.100.8
Puerto local: 52328
Estado TCP: ESTABLISHED
PID: 5712
Aplicacion: RvControlSvc
Veces vista: 16
Ya fue vista antes y sigue fuera de BASE.
Sigue en observacion con alertas controladas.
Requiere aprobacion manual para pasar a BASE.
2026-08-11 00:15:09 | Escaneo completado. Conexiones=53 Alertas=0 Observaciones=1 LearningMode=False
2026-08-11 00:25:04 | OBSERVACION DE RED
Estado monitor: OBSERVACION
IP remota: 34.149.66.163
Puerto remoto: 443
IP local: 192.168.100.8
Puerto local: 50388
Estado TCP: ESTABLISHED
PID: 19104
Aplicacion: chrome
Veces vista: 71
Ya fue vista antes y sigue fuera de BASE.
Sigue en observacion con alertas controladas.
Requiere aprobacion manual para pasar a BASE.
2026-08-11 00:25:05 | OBSERVACION DE RED
Estado monitor: OBSERVACION
IP remota: 216.150.1.193
Puerto remoto: 443
IP local: 192.168.100.8
Puerto local: 50665
Estado TCP: ESTABLISHED
PID: 19104
Aplicacion: chrome
Veces vista: 165
Ya fue vista antes y sigue fuera de BASE.
Sigue en observacion con alertas controladas.
Requiere aprobacion manual para pasar a BASE.
2026-08-11 00:25:05 | OBSERVACION DE RED
Estado monitor: OBSERVACION
IP remota: 31.13.94.52
Puerto remoto: 443
IP local: 192.168.100.8
Puerto local: 51038
Estado TCP: ESTABLISHED
PID: 19104
Aplicacion: chrome
Veces vista: 446
Ya fue vista antes y sigue fuera de BASE.
Sigue en observacion con alertas controladas.
Requiere aprobacion manual para pasar a BASE.
2026-08-11 00:25:05 | OBSERVACION DE RED
Estado monitor: OBSERVACION
IP remota: 199.232.214.172
Puerto remoto: 80
IP local: 192.168.100.8
Puerto local: 51840
Estado TCP: ESTABLISHED
PID: 5092
Aplicacion: svchost
Veces vista: 39
Ya fue vista antes y sigue fuera de BASE.
Sigue en observacion con alertas controladas.
Requiere aprobacion manual para pasar a BASE.
2026-08-11 00:25:05 | OBSERVACION DE RED
Estado monitor: OBSERVACION
IP remota: 142.251.129.99
Puerto remoto: 80
IP local: 192.168.100.8
Puerto local: 51841
Estado TCP: ESTABLISHED
PID: 5092
Aplicacion: svchost
Veces vista: 14
Ya fue vista antes y sigue fuera de BASE.
Sigue en observacion con alertas controladas.
Requiere aprobacion manual para pasar a BASE.
2026-08-11 00:25:05 | OBSERVACION DE RED
Estado monitor: OBSERVACION
IP remota: 132.255.112.120
Puerto remoto: 49680
IP local: 192.168.100.8
Puerto local: 52326
Estado TCP: ESTABLISHED
PID: 5712
Aplicacion: RvControlSvc
Veces vista: 7
Ya fue vista antes y sigue fuera de BASE.
Sigue en observacion con alertas controladas.
Requiere aprobacion manual para pasar a BASE.
2026-08-11 00:25:05 | OBSERVACION DE RED
Estado monitor: OBSERVACION
IP remota: 190.122.183.105
Puerto remoto: 57028
IP local: 192.168.100.8
Puerto local: 57181
Estado TCP: ESTABLISHED
PID: 5712
Aplicacion: RvControlSvc
Veces vista: 8
Ya fue vista antes y sigue fuera de BASE.
Sigue en observacion con alertas controladas.
Requiere aprobacion manual para pasar a BASE.
2026-08-11 00:25:05 | OBSERVACION DE RED
Estado monitor: OBSERVACION
IP remota: 179.42.168.31
Puerto remoto: 63947
IP local: 192.168.100.8
Puerto local: 57203
Estado TCP: ESTABLISHED
PID: 5712
Aplicacion: RvControlSvc
Veces vista: 7
Ya fue vista antes y sigue fuera de BASE.
Sigue en observacion con alertas controladas.
Requiere aprobacion manual para pasar a BASE.
2026-08-11 00:25:05 | OBSERVACION DE RED
Estado monitor: OBSERVACION
IP remota: 207.248.126.253
Puerto remoto: 56353
IP local: 192.168.100.8
Puerto local: 57211
Estado TCP: ESTABLISHED
PID: 5712
Aplicacion: RvControlSvc
Veces vista: 97
Ya fue vista antes y sigue fuera de BASE.
Sigue en observacion con alertas controladas.
Requiere aprobacion manual para pasar a BASE.
2026-08-11 00:25:05 | OBSERVACION DE RED
Estado monitor: OBSERVACION
IP remota: 138.97.177.156
Puerto remoto: 62945
IP local: 192.168.100.8
Puerto local: 61491
Estado TCP: ESTABLISHED
PID: 5712
Aplicacion: RvControlSvc
Veces vista: 158
Ya fue vista antes y sigue fuera de BASE.
Sigue en observacion con alertas controladas.
Requiere aprobacion manual para pasar a BASE.
2026-08-11 00:25:05 | OBSERVACION DE RED
Estado monitor: OBSERVACION
IP remota: 138.97.177.156
Puerto remoto: 63251
IP local: 192.168.100.8
Puerto local: 61492
Estado TCP: ESTABLISHED
PID: 5712
Aplicacion: RvControlSvc
Veces vista: 138
Ya fue vista antes y sigue fuera de BASE.
Sigue en observacion con alertas controladas.
Requiere aprobacion manual para pasar a BASE.
2026-08-11 00:25:05 | OBSERVACION DE RED
Estado monitor: OBSERVACION
IP remota: 172.217.192.188
Puerto remoto: 5228
IP local: 192.168.100.8
Puerto local: 61951
Estado TCP: ESTABLISHED
PID: 19104
Aplicacion: chrome
Veces vista: 654
Ya fue vista antes y sigue fuera de BASE.
Sigue en observacion con alertas controladas.
Requiere aprobacion manual para pasar a BASE.
2026-08-11 00:25:05 | OBSERVACION DE RED
Estado monitor: OBSERVACION
Tipo: PUERTO EN ESCUCHA
IP local: 0.0.0.0
Puerto local: 59025
Estado TCP: LISTENING
PID: 5712
Aplicacion: RvControlSvc
Veces vista: 7
Ya fue vista antes y sigue fuera de BASE.
Sigue en observacion con alertas controladas.
Requiere aprobacion manual para pasar a BASE.
2026-08-11 00:25:05 | OBSERVACION DE RED
Estado monitor: OBSERVACION
Tipo: PUERTO EN ESCUCHA
IP local: 0.0.0.0
Puerto local: 7680
Estado TCP: LISTENING
PID: 17252
Aplicacion: svchost
Veces vista: 545
Ya fue vista antes y sigue fuera de BASE.
Sigue en observacion con alertas controladas.
Requiere aprobacion manual para pasar a BASE.
2026-08-11 00:25:05 | OBSERVACION DE RED
Estado monitor: OBSERVACION
Tipo: PUERTO EN ESCUCHA
IP local: 192.168.100.8
Puerto local: 139
Estado TCP: LISTENING
PID: 4
Aplicacion: System
Veces vista: 1287
Ya fue vista antes y sigue fuera de BASE.
Sigue en observacion con alertas controladas.
Requiere aprobacion manual para pasar a BASE.
2026-08-11 00:25:05 | OBSERVACION DE RED
Estado monitor: OBSERVACION
Tipo: PUERTO EN ESCUCHA
IP local: 192.168.100.8
Puerto local: 49810
Estado TCP: LISTENING
PID: 5712
Aplicacion: RvControlSvc
Veces vista: 7
Ya fue vista antes y sigue fuera de BASE.
Sigue en observacion con alertas controladas.
Requiere aprobacion manual para pasar a BASE.
2026-08-11 00:25:08 | Escaneo completado. Conexiones=56 Alertas=0 Observaciones=16 LearningMode=False
2026-08-11 00:35:02 | OBSERVACION DE RED
Estado monitor: OBSERVACION
IP remota: 20.42.73.30
Puerto remoto: 443
IP local: 192.168.100.8
Puerto local: 52629
Estado TCP: ESTABLISHED
PID: 5544
Aplicacion: MpDefenderCoreService
Veces vista: 3
Ya fue vista antes y sigue fuera de BASE.
Sigue en observacion con alertas controladas.
Requiere aprobacion manual para pasar a BASE.
2026-08-11 00:35:02 | OBSERVACION DE RED
Estado monitor: OBSERVACION
IP remota: 45.162.230.182
Puerto remoto: 17351
IP local: 192.168.100.8
Puerto local: 56289
Estado TCP: ESTABLISHED
PID: 5712
Aplicacion: RvControlSvc
Veces vista: 2178
Ya fue vista antes y sigue fuera de BASE.
Sigue en observacion con alertas controladas.
Requiere aprobacion manual para pasar a BASE.
2026-08-11 00:35:02 | OBSERVACION DE RED
Estado monitor: OBSERVACION
IP remota: 108.177.123.188
Puerto remoto: 5228
IP local: 192.168.100.8
Puerto local: 57175
Estado TCP: ESTABLISHED
PID: 19104
Aplicacion: chrome
Veces vista: 621
Ya fue vista antes y sigue fuera de BASE.
Sigue en observacion con alertas controladas.
Requiere aprobacion manual para pasar a BASE.
2026-08-11 00:35:02 | OBSERVACION DE RED
Estado monitor: OBSERVACION
IP remota: 162.43.190.123
Puerto remoto: 443
IP local: 192.168.100.8
Puerto local: 60575
Estado TCP: ESTABLISHED
PID: 5064
Aplicacion: AnyDesk
Veces vista: 59
Ya fue vista antes y sigue fuera de BASE.
Sigue en observacion con alertas controladas.
Requiere aprobacion manual para pasar a BASE.
2026-08-11 00:35:02 | OBSERVACION DE RED
Estado monitor: OBSERVACION
IP remota: 138.97.177.80
Puerto remoto: 53520
IP local: 192.168.100.8
Puerto local: 61481
Estado TCP: ESTABLISHED
PID: 5712
Aplicacion: RvControlSvc
Veces vista: 28
Ya fue vista antes y sigue fuera de BASE.
Sigue en observacion con alertas controladas.
Requiere aprobacion manual para pasar a BASE.
2026-08-11 00:35:02 | OBSERVACION DE RED
Estado monitor: OBSERVACION
IP remota: 138.97.177.20
Puerto remoto: 50991
IP local: 192.168.100.8
Puerto local: 61482
Estado TCP: ESTABLISHED
PID: 5712
Aplicacion: RvControlSvc
Veces vista: 210
Ya fue vista antes y sigue fuera de BASE.
Sigue en observacion con alertas controladas.
Requiere aprobacion manual para pasar a BASE.
2026-08-11 00:35:02 | OBSERVACION DE RED
Estado monitor: OBSERVACION
IP remota: 138.97.177.156
Puerto remoto: 43991
IP local: 192.168.100.8
Puerto local: 61486
Estado TCP: ESTABLISHED
PID: 5712
Aplicacion: RvControlSvc
Veces vista: 179
Ya fue vista antes y sigue fuera de BASE.
Sigue en observacion con alertas controladas.
Requiere aprobacion manual para pasar a BASE.
2026-08-11 00:35:02 | OBSERVACION DE RED
Estado monitor: OBSERVACION
IP remota: 168.90.73.130
Puerto remoto: 55558
IP local: 192.168.100.8
Puerto local: 61487
Estado TCP: ESTABLISHED
PID: 5712
Aplicacion: RvControlSvc
Veces vista: 155
Ya fue vista antes y sigue fuera de BASE.
Sigue en observacion con alertas controladas.
Requiere aprobacion manual para pasar a BASE.
2026-08-11 00:35:02 | OBSERVACION DE RED
Estado monitor: OBSERVACION
Tipo: PUERTO EN ESCUCHA
IP local: 0.0.0.0
Puerto local: 135
Estado TCP: LISTENING
PID: 1808
Aplicacion: svchost
Veces vista: 3394
Ya fue vista antes y sigue fuera de BASE.
Sigue en observacion con alertas controladas.
Requiere aprobacion manual para pasar a BASE.
2026-08-11 00:35:02 | OBSERVACION DE RED
Estado monitor: OBSERVACION
Tipo: PUERTO EN ESCUCHA
IP local: 0.0.0.0
Puerto local: 445
Estado TCP: LISTENING
PID: 4
Aplicacion: System
Veces vista: 3394
Ya fue vista antes y sigue fuera de BASE.
Sigue en observacion con alertas controladas.
Requiere aprobacion manual para pasar a BASE.
2026-08-11 00:35:02 | OBSERVACION DE RED
Estado monitor: OBSERVACION
Tipo: PUERTO EN ESCUCHA
IP local: 0.0.0.0
Puerto local: 49664
Estado TCP: LISTENING
PID: 1516
Aplicacion: lsass
Veces vista: 3394
Ya fue vista antes y sigue fuera de BASE.
Sigue en observacion con alertas controladas.
Requiere aprobacion manual para pasar a BASE.
2026-08-11 00:35:02 | OBSERVACION DE RED
Estado monitor: OBSERVACION
Tipo: PUERTO EN ESCUCHA
IP local: 0.0.0.0
Puerto local: 49665
Estado TCP: LISTENING
PID: 1336
Aplicacion: wininit
Veces vista: 3394
Ya fue vista antes y sigue fuera de BASE.
Sigue en observacion con alertas controladas.
Requiere aprobacion manual para pasar a BASE.
2026-08-11 00:35:02 | OBSERVACION DE RED
Estado monitor: OBSERVACION
Tipo: PUERTO EN ESCUCHA
IP local: 0.0.0.0
Puerto local: 49666
Estado TCP: LISTENING
PID: 2520
Aplicacion: svchost
Veces vista: 3394
Ya fue vista antes y sigue fuera de BASE.
Sigue en observacion con alertas controladas.
Requiere aprobacion manual para pasar a BASE.
2026-08-11 00:35:02 | OBSERVACION DE RED
Estado monitor: OBSERVACION
Tipo: PUERTO EN ESCUCHA
IP local: 0.0.0.0
Puerto local: 49667
Estado TCP: LISTENING
PID: 3316
Aplicacion: svchost
Veces vista: 3394
Ya fue vista antes y sigue fuera de BASE.
Sigue en observacion con alertas controladas.
Requiere aprobacion manual para pasar a BASE.
2026-08-11 00:35:02 | OBSERVACION DE RED
Estado monitor: OBSERVACION
Tipo: PUERTO EN ESCUCHA
IP local: 0.0.0.0
Puerto local: 49668
Estado TCP: LISTENING
PID: 4872
Aplicacion: spoolsv
Veces vista: 3394
Ya fue vista antes y sigue fuera de BASE.
Sigue en observacion con alertas controladas.
Requiere aprobacion manual para pasar a BASE.
2026-08-11 00:35:02 | OBSERVACION DE RED
Estado monitor: OBSERVACION
Tipo: PUERTO EN ESCUCHA
IP local: 0.0.0.0
Puerto local: 49670
Estado TCP: LISTENING
PID: 1488
Aplicacion: services
Veces vista: 2131
Ya fue vista antes y sigue fuera de BASE.
Sigue en observacion con alertas controladas.
Requiere aprobacion manual para pasar a BASE.
2026-08-11 00:35:02 | OBSERVACION DE RED
Estado monitor: OBSERVACION
Tipo: PUERTO EN ESCUCHA
IP local: 0.0.0.0
Puerto local: 5040
Estado TCP: LISTENING
PID: 12640
Aplicacion: svchost
Veces vista: 3390
Ya fue vista antes y sigue fuera de BASE.
Sigue en observacion con alertas controladas.
Requiere aprobacion manual para pasar a BASE.
2026-08-11 00:35:02 | OBSERVACION DE RED
Estado monitor: OBSERVACION
Tipo: PUERTO EN ESCUCHA
IP local: 0.0.0.0
Puerto local: 7070
Estado TCP: LISTENING
PID: 5064
Aplicacion: AnyDesk
Veces vista: 2789
Ya fue vista antes y sigue fuera de BASE.
Sigue en observacion con alertas controladas.
Requiere aprobacion manual para pasar a BASE.
2026-08-11 00:35:02 | OBSERVACION DE RED
Estado monitor: OBSERVACION
Tipo: PUERTO EN ESCUCHA
IP local: 127.0.0.1
Puerto local: 5939
Estado TCP: LISTENING
PID: 5860
Aplicacion: TeamViewer_Service
Veces vista: 457
Ya fue vista antes y sigue fuera de BASE.
Sigue en observacion con alertas controladas.
Requiere aprobacion manual para pasar a BASE.
2026-08-11 00:35:02 | OBSERVACION DE RED
Estado monitor: OBSERVACION
Tipo: PUERTO EN ESCUCHA
IP local: 192.168.56.1
Puerto local: 139
Estado TCP: LISTENING
PID: 4
Aplicacion: System
Veces vista: 3392
Ya fue vista antes y sigue fuera de BASE.
Sigue en observacion con alertas controladas.
Requiere aprobacion manual para pasar a BASE.
2026-08-11 00:35:02 | OBSERVACION DE RED
Estado monitor: OBSERVACION
Tipo: PUERTO EN ESCUCHA
IP local: 26.137.80.247
Puerto local: 139
Estado TCP: LISTENING
PID: 4
Aplicacion: System
Veces vista: 3350
Ya fue vista antes y sigue fuera de BASE.
Sigue en observacion con alertas controladas.
Requiere aprobacion manual para pasar a BASE.
2026-08-11 00:35:05 | Escaneo completado. Conexiones=47 Alertas=0 Observaciones=21 LearningMode=False
2026-08-11 08:51:57 | OBSERVACION DE RED
Estado monitor: OBSERVACION
IP remota: 148.113.190.78
Puerto remoto: 17301
IP local: 172.19.19.130
Puerto local: 50063
Estado TCP: ESTABLISHED
PID: 5712
Aplicacion: RvControlSvc
Veces vista: 1008
Ya fue vista antes y sigue fuera de BASE.
Sigue en observacion con alertas controladas.
Requiere aprobacion manual para pasar a BASE.
2026-08-11 08:51:57 | OBSERVACION DE RED
Estado monitor: OBSERVACION
IP remota: 64.233.190.188
Puerto remoto: 5228
IP local: 172.19.19.130
Puerto local: 50804
Estado TCP: ESTABLISHED
PID: 19104
Aplicacion: chrome
Veces vista: 388
Ya fue vista antes y sigue fuera de BASE.
Sigue en observacion con alertas controladas.
Requiere aprobacion manual para pasar a BASE.
2026-08-11 08:51:57 | OBSERVACION DE RED
Estado monitor: OBSERVACION
IP remota: 64.233.186.84
Puerto remoto: 443
IP local: 172.19.19.130
Puerto local: 51877
Estado TCP: ESTABLISHED
PID: 19104
Aplicacion: chrome
Veces vista: 90
Ya fue vista antes y sigue fuera de BASE.
Sigue en observacion con alertas controladas.
Requiere aprobacion manual para pasar a BASE.
2026-08-11 08:51:57 | OBSERVACION DE RED
Estado monitor: OBSERVACION
IP remota: 172.19.19.124
Puerto remoto: 9630
IP local: 172.19.19.130
Puerto local: 53773
Estado TCP: ESTABLISHED
PID: 5712
Aplicacion: RvControlSvc
Veces vista: 1
Sigue en observacion con alertas controladas.
Requiere aprobacion manual para pasar a BASE.
2026-08-11 08:51:57 | NUEVA CONEXION DETECTADA
Estado monitor: NUEVA
IP remota: 52.110.14.76
Puerto remoto: 443
IP local: 172.19.19.130
Puerto local: 54836
Estado TCP: ESTABLISHED
PID: 11084
Aplicacion: EXCEL
Veces vista: 1
2026-08-11 08:51:57 | OBSERVACION DE RED
Estado monitor: OBSERVACION
IP remota: 150.171.110.37
Puerto remoto: 443
IP local: 172.19.19.130
Puerto local: 54838
Estado TCP: ESTABLISHED
PID: 11084
Aplicacion: EXCEL
Veces vista: 2
Ya fue vista antes y sigue fuera de BASE.
Sigue en observacion con alertas controladas.
Requiere aprobacion manual para pasar a BASE.
2026-08-11 08:51:57 | OBSERVACION DE RED
Estado monitor: OBSERVACION
IP remota: 172.19.19.122
Puerto remoto: 8009
IP local: 172.19.19.130
Puerto local: 58066
Estado TCP: ESTABLISHED
PID: 19104
Aplicacion: chrome
Veces vista: 64
Ya fue vista antes y sigue fuera de BASE.
Sigue en observacion con alertas controladas.
Requiere aprobacion manual para pasar a BASE.
2026-08-11 08:51:57 | OBSERVACION DE RED
Estado monitor: OBSERVACION
IP remota: 68.67.176.42
Puerto remoto: 443
IP local: 172.19.19.130
Puerto local: 58136
Estado TCP: ESTABLISHED
PID: 13376
Aplicacion: msedgewebview2
Veces vista: 8
Ya fue vista antes y sigue fuera de BASE.
Sigue en observacion con alertas controladas.
Requiere aprobacion manual para pasar a BASE.
2026-08-11 08:51:57 | OBSERVACION DE RED
Estado monitor: OBSERVACION
IP remota: 138.97.177.156
Puerto remoto: 59612
IP local: 172.19.19.130
Puerto local: 58978
Estado TCP: ESTABLISHED
PID: 5712
Aplicacion: RvControlSvc
Veces vista: 1
Sigue en observacion con alertas controladas.
Requiere aprobacion manual para pasar a BASE.
2026-08-11 08:51:57 | OBSERVACION DE RED
Estado monitor: OBSERVACION
IP remota: 138.97.177.104
Puerto remoto: 49688
IP local: 172.19.19.130
Puerto local: 58982
Estado TCP: ESTABLISHED
PID: 5712
Aplicacion: RvControlSvc
Veces vista: 93
Ya fue vista antes y sigue fuera de BASE.
Sigue en observacion con alertas controladas.
Requiere aprobacion manual para pasar a BASE.
2026-08-11 08:51:57 | OBSERVACION DE RED
Estado monitor: OBSERVACION
IP remota: 138.97.177.156
Puerto remoto: 3527
IP local: 172.19.19.130
Puerto local: 58984
Estado TCP: ESTABLISHED
PID: 5712
Aplicacion: RvControlSvc
Veces vista: 1
Sigue en observacion con alertas controladas.
Requiere aprobacion manual para pasar a BASE.
2026-08-11 08:51:57 | OBSERVACION DE RED
Estado monitor: OBSERVACION
IP remota: 138.97.177.156
Puerto remoto: 10493
IP local: 172.19.19.130
Puerto local: 58987
Estado TCP: ESTABLISHED
PID: 5712
Aplicacion: RvControlSvc
Veces vista: 1
Sigue en observacion con alertas controladas.
Requiere aprobacion manual para pasar a BASE.
2026-08-11 08:51:57 | OBSERVACION DE RED
Estado monitor: OBSERVACION
IP remota: 190.122.181.20
Puerto remoto: 63934
IP local: 172.19.19.130
Puerto local: 58990
Estado TCP: ESTABLISHED
PID: 5712
Aplicacion: RvControlSvc
Veces vista: 1
Sigue en observacion con alertas controladas.
Requiere aprobacion manual para pasar a BASE.
2026-08-11 08:51:57 | OBSERVACION DE RED
Estado monitor: OBSERVACION
IP remota: 138.97.177.156
Puerto remoto: 49708
IP local: 172.19.19.130
Puerto local: 58993
Estado TCP: ESTABLISHED
PID: 5712
Aplicacion: RvControlSvc
Veces vista: 39
Ya fue vista antes y sigue fuera de BASE.
Sigue en observacion con alertas controladas.
Requiere aprobacion manual para pasar a BASE.
2026-08-11 08:51:57 | OBSERVACION DE RED
Estado monitor: OBSERVACION
IP remota: 172.19.19.196
Puerto remoto: 60624
IP local: 172.19.19.130
Puerto local: 59043
Estado TCP: ESTABLISHED
PID: 5712
Aplicacion: RvControlSvc
Veces vista: 1
Sigue en observacion con alertas controladas.
Requiere aprobacion manual para pasar a BASE.
2026-08-11 08:51:57 | OBSERVACION DE RED
Estado monitor: OBSERVACION
IP remota: 172.19.19.128
Puerto remoto: 52912
IP local: 172.19.19.130
Puerto local: 59103
Estado TCP: ESTABLISHED
PID: 5712
Aplicacion: RvControlSvc
Veces vista: 1
Sigue en observacion con alertas controladas.
Requiere aprobacion manual para pasar a BASE.
2026-08-11 08:51:57 | OBSERVACION DE RED
Estado monitor: OBSERVACION
IP remota: 79.127.252.110
Puerto remoto: 443
IP local: 172.19.19.130
Puerto local: 60683
Estado TCP: ESTABLISHED
PID: 5064
Aplicacion: AnyDesk
Veces vista: 89
Ya fue vista antes y sigue fuera de BASE.
Sigue en observacion con alertas controladas.
Requiere aprobacion manual para pasar a BASE.
2026-08-11 08:51:57 | OBSERVACION DE RED
Estado monitor: OBSERVACION
IP remota: 52.110.14.80
Puerto remoto: 443
IP local: 172.19.19.130
Puerto local: 61726
Estado TCP: ESTABLISHED
PID: 13376
Aplicacion: msedgewebview2
Veces vista: 7
Ya fue vista antes y sigue fuera de BASE.
Sigue en observacion con alertas controladas.
Requiere aprobacion manual para pasar a BASE.
2026-08-11 08:51:57 | OBSERVACION DE RED
Estado monitor: OBSERVACION
IP remota: 142.251.129.46
Puerto remoto: 443
IP local: 172.19.19.130
Puerto local: 62053
Estado TCP: ESTABLISHED
PID: 19104
Aplicacion: chrome
Veces vista: 196
Ya fue vista antes y sigue fuera de BASE.
Sigue en observacion con alertas controladas.
Requiere aprobacion manual para pasar a BASE.
2026-08-11 08:51:57 | OBSERVACION DE RED
Estado monitor: OBSERVACION
Tipo: PUERTO EN ESCUCHA
IP local: 0.0.0.0
Puerto local: 51886
Estado TCP: LISTENING
PID: 5712
Aplicacion: RvControlSvc
Veces vista: 1
Sigue en observacion con alertas controladas.
Requiere aprobacion manual para pasar a BASE.
2026-08-11 08:51:57 | OBSERVACION DE RED
Estado monitor: OBSERVACION
Tipo: PUERTO EN ESCUCHA
IP local: 172.19.19.130
Puerto local: 139
Estado TCP: LISTENING
PID: 4
Aplicacion: System
Veces vista: 29
Ya fue vista antes y sigue fuera de BASE.
Sigue en observacion con alertas controladas.
Requiere aprobacion manual para pasar a BASE.
2026-08-11 08:51:57 | OBSERVACION DE RED
Estado monitor: OBSERVACION
Tipo: PUERTO EN ESCUCHA
IP local: 172.19.19.130
Puerto local: 50063
Estado TCP: LISTENING
PID: 5712
Aplicacion: RvControlSvc
Veces vista: 1
Sigue en observacion con alertas controladas.
Requiere aprobacion manual para pasar a BASE.
2026-08-11 08:51:57 | OBSERVACION DE RED
Estado monitor: OBSERVACION
Tipo: PUERTO EN ESCUCHA
IP local: 172.19.19.130
Puerto local: 51885
Estado TCP: LISTENING
PID: 5712
Aplicacion: RvControlSvc
Veces vista: 1
Sigue en observacion con alertas controladas.
Requiere aprobacion manual para pasar a BASE.
2026-08-11 08:52:01 | Escaneo completado. Conexiones=82 Alertas=0 Observaciones=23 LearningMode=False
2026-08-11 09:01:56 | OBSERVACION DE RED
Estado monitor: OBSERVACION
IP remota: 142.251.134.195
Puerto remoto: 443
IP local: 172.19.19.130
Puerto local: 49688
Estado TCP: ESTABLISHED
PID: 19104
Aplicacion: chrome
Veces vista: 74
Ya fue vista antes y sigue fuera de BASE.
Sigue en observacion con alertas controladas.
Requiere aprobacion manual para pasar a BASE.
2026-08-11 09:01:56 | OBSERVACION DE RED
Estado monitor: OBSERVACION
IP remota: 172.217.192.188
Puerto remoto: 5228
IP local: 172.19.19.130
Puerto local: 51486
Estado TCP: ESTABLISHED
PID: 19104
Aplicacion: chrome
Veces vista: 657
Ya fue vista antes y sigue fuera de BASE.
Sigue en observacion con alertas controladas.
Requiere aprobacion manual para pasar a BASE.
2026-08-11 09:01:56 | OBSERVACION DE RED
Estado monitor: OBSERVACION
IP remota: 190.122.183.105
Puerto remoto: 57028
IP local: 172.19.19.130
Puerto local: 54604
Estado TCP: ESTABLISHED
PID: 5712
Aplicacion: RvControlSvc
Veces vista: 11
Ya fue vista antes y sigue fuera de BASE.
Sigue en observacion con alertas controladas.
Requiere aprobacion manual para pasar a BASE.
2026-08-11 09:01:56 | OBSERVACION DE RED
Estado monitor: OBSERVACION
IP remota: 34.149.66.163
Puerto remoto: 443
IP local: 172.19.19.130
Puerto local: 54802
Estado TCP: ESTABLISHED
PID: 19104
Aplicacion: chrome
Veces vista: 74
Ya fue vista antes y sigue fuera de BASE.
Sigue en observacion con alertas controladas.
Requiere aprobacion manual para pasar a BASE.
2026-08-11 09:01:56 | OBSERVACION DE RED
Estado monitor: OBSERVACION
IP remota: 172.217.112.4
Puerto remoto: 443
IP local: 172.19.19.130
Puerto local: 56076
Estado TCP: ESTABLISHED
PID: 19104
Aplicacion: chrome
Veces vista: 37
Ya fue vista antes y sigue fuera de BASE.
Sigue en observacion con alertas controladas.
Requiere aprobacion manual para pasar a BASE.
2026-08-11 09:01:56 | OBSERVACION DE RED
Estado monitor: OBSERVACION
IP remota: 138.97.177.150
Puerto remoto: 60919
IP local: 172.19.19.130
Puerto local: 56405
Estado TCP: ESTABLISHED
PID: 5712
Aplicacion: RvControlSvc
Veces vista: 1
Sigue en observacion con alertas controladas.
Requiere aprobacion manual para pasar a BASE.
2026-08-11 09:01:56 | OBSERVACION DE RED
Estado monitor: OBSERVACION
IP remota: 216.150.1.193
Puerto remoto: 443
IP local: 172.19.19.130
Puerto local: 64723
Estado TCP: ESTABLISHED
PID: 19104
Aplicacion: chrome
Veces vista: 168
Ya fue vista antes y sigue fuera de BASE.
Sigue en observacion con alertas controladas.
Requiere aprobacion manual para pasar a BASE.
2026-08-11 09:01:56 | OBSERVACION DE RED
Estado monitor: OBSERVACION
IP remota: 151.101.218.172
Puerto remoto: 80
IP local: 172.19.19.130
Puerto local: 65459
Estado TCP: ESTABLISHED
PID: 13672
Aplicacion: svchost
Veces vista: 39
Ya fue vista antes y sigue fuera de BASE.
Sigue en observacion con alertas controladas.
Requiere aprobacion manual para pasar a BASE.
2026-08-11 09:01:56 | OBSERVACION DE RED
Estado monitor: OBSERVACION
Tipo: PUERTO EN ESCUCHA
IP local: 0.0.0.0
Puerto local: 59025
Estado TCP: LISTENING
PID: 5712
Aplicacion: RvControlSvc
Veces vista: 10
Ya fue vista antes y sigue fuera de BASE.
Sigue en observacion con alertas controladas.
Requiere aprobacion manual para pasar a BASE.
2026-08-11 09:01:56 | OBSERVACION DE RED
Estado monitor: OBSERVACION
Tipo: PUERTO EN ESCUCHA
IP local: 127.0.0.1
Puerto local: 5000
Estado TCP: LISTENING
PID: 15924
Aplicacion: NapsePromo
Veces vista: 12
Ya fue vista antes y sigue fuera de BASE.
Sigue en observacion con alertas controladas.
Requiere aprobacion manual para pasar a BASE.
2026-08-11 09:02:00 | Escaneo completado. Conexiones=66 Alertas=0 Observaciones=10 LearningMode=False
2026-08-11 09:11:54 | OBSERVACION DE RED
Estado monitor: OBSERVACION
IP remota: 142.251.134.78
Puerto remoto: 443
IP local: 172.19.19.130
Puerto local: 51554
Estado TCP: ESTABLISHED
PID: 19104
Aplicacion: chrome
Veces vista: 90
Ya fue vista antes y sigue fuera de BASE.
Sigue en observacion con alertas controladas.
Requiere aprobacion manual para pasar a BASE.
2026-08-11 09:11:54 | NUEVA CONEXION DETECTADA
Estado monitor: NUEVA
IP remota: 52.178.17.232
Puerto remoto: 443
IP local: 172.19.19.130
Puerto local: 53785
Estado TCP: ESTABLISHED
PID: 5544
Aplicacion: MpDefenderCoreService
Veces vista: 1
2026-08-11 09:11:54 | OBSERVACION DE RED
Estado monitor: OBSERVACION
IP remota: 138.97.177.20
Puerto remoto: 50991
IP local: 172.19.19.130
Puerto local: 58975
Estado TCP: ESTABLISHED
PID: 5712
Aplicacion: RvControlSvc
Veces vista: 213
Ya fue vista antes y sigue fuera de BASE.
Sigue en observacion con alertas controladas.
Requiere aprobacion manual para pasar a BASE.
2026-08-11 09:11:54 | OBSERVACION DE RED
Estado monitor: OBSERVACION
IP remota: 168.90.73.130
Puerto remoto: 55558
IP local: 172.19.19.130
Puerto local: 58977
Estado TCP: ESTABLISHED
PID: 5712
Aplicacion: RvControlSvc
Veces vista: 158
Ya fue vista antes y sigue fuera de BASE.
Sigue en observacion con alertas controladas.
Requiere aprobacion manual para pasar a BASE.
2026-08-11 09:11:54 | OBSERVACION DE RED
Estado monitor: OBSERVACION
IP remota: 138.97.177.156
Puerto remoto: 43991
IP local: 172.19.19.130
Puerto local: 58986
Estado TCP: ESTABLISHED
PID: 5712
Aplicacion: RvControlSvc
Veces vista: 182
Ya fue vista antes y sigue fuera de BASE.
Sigue en observacion con alertas controladas.
Requiere aprobacion manual para pasar a BASE.
2026-08-11 09:11:54 | OBSERVACION DE RED
Estado monitor: OBSERVACION
IP remota: 138.97.177.80
Puerto remoto: 53520
IP local: 172.19.19.130
Puerto local: 58989
Estado TCP: ESTABLISHED
PID: 5712
Aplicacion: RvControlSvc
Veces vista: 31
Ya fue vista antes y sigue fuera de BASE.
Sigue en observacion con alertas controladas.
Requiere aprobacion manual para pasar a BASE.
2026-08-11 09:11:54 | OBSERVACION DE RED
Estado monitor: OBSERVACION
IP remota: 45.162.230.182
Puerto remoto: 17351
IP local: 172.19.19.130
Puerto local: 59070
Estado TCP: ESTABLISHED
PID: 5712
Aplicacion: RvControlSvc
Veces vista: 2193
Ya fue vista antes y sigue fuera de BASE.
Sigue en observacion con alertas controladas.
Requiere aprobacion manual para pasar a BASE.
2026-08-11 09:11:54 | OBSERVACION DE RED
Estado monitor: OBSERVACION
IP remota: 142.251.129.165
Puerto remoto: 443
IP local: 172.19.19.130
Puerto local: 61070
Estado TCP: ESTABLISHED
PID: 19104
Aplicacion: chrome
Veces vista: 19
Ya fue vista antes y sigue fuera de BASE.
Sigue en observacion con alertas controladas.
Requiere aprobacion manual para pasar a BASE.
2026-08-11 09:11:54 | OBSERVACION DE RED
Estado monitor: OBSERVACION
Tipo: PUERTO EN ESCUCHA
IP local: 0.0.0.0
Puerto local: 135
Estado TCP: LISTENING
PID: 1808
Aplicacion: svchost
Veces vista: 3397
Ya fue vista antes y sigue fuera de BASE.
Sigue en observacion con alertas controladas.
Requiere aprobacion manual para pasar a BASE.
2026-08-11 09:11:54 | OBSERVACION DE RED
Estado monitor: OBSERVACION
Tipo: PUERTO EN ESCUCHA
IP local: 0.0.0.0
Puerto local: 445
Estado TCP: LISTENING
PID: 4
Aplicacion: System
Veces vista: 3397
Ya fue vista antes y sigue fuera de BASE.
Sigue en observacion con alertas controladas.
Requiere aprobacion manual para pasar a BASE.
2026-08-11 09:11:54 | OBSERVACION DE RED
Estado monitor: OBSERVACION
Tipo: PUERTO EN ESCUCHA
IP local: 0.0.0.0
Puerto local: 49664
Estado TCP: LISTENING
PID: 1516
Aplicacion: lsass
Veces vista: 3397
Ya fue vista antes y sigue fuera de BASE.
Sigue en observacion con alertas controladas.
Requiere aprobacion manual para pasar a BASE.
2026-08-11 09:11:54 | OBSERVACION DE RED
Estado monitor: OBSERVACION
Tipo: PUERTO EN ESCUCHA
IP local: 0.0.0.0
Puerto local: 49665
Estado TCP: LISTENING
PID: 1336
Aplicacion: wininit
Veces vista: 3397
Ya fue vista antes y sigue fuera de BASE.
Sigue en observacion con alertas controladas.
Requiere aprobacion manual para pasar a BASE.
2026-08-11 09:11:54 | OBSERVACION DE RED
Estado monitor: OBSERVACION
Tipo: PUERTO EN ESCUCHA
IP local: 0.0.0.0
Puerto local: 49666
Estado TCP: LISTENING
PID: 2520
Aplicacion: svchost
Veces vista: 3397
Ya fue vista antes y sigue fuera de BASE.
Sigue en observacion con alertas controladas.
Requiere aprobacion manual para pasar a BASE.
2026-08-11 09:11:54 | OBSERVACION DE RED
Estado monitor: OBSERVACION
Tipo: PUERTO EN ESCUCHA
IP local: 0.0.0.0
Puerto local: 49667
Estado TCP: LISTENING
PID: 3316
Aplicacion: svchost
Veces vista: 3397
Ya fue vista antes y sigue fuera de BASE.
Sigue en observacion con alertas controladas.
Requiere aprobacion manual para pasar a BASE.
2026-08-11 09:11:54 | OBSERVACION DE RED
Estado monitor: OBSERVACION
Tipo: PUERTO EN ESCUCHA
IP local: 0.0.0.0
Puerto local: 49668
Estado TCP: LISTENING
PID: 4872
Aplicacion: spoolsv
Veces vista: 3397
Ya fue vista antes y sigue fuera de BASE.
Sigue en observacion con alertas controladas.
Requiere aprobacion manual para pasar a BASE.
2026-08-11 09:11:54 | OBSERVACION DE RED
Estado monitor: OBSERVACION
Tipo: PUERTO EN ESCUCHA
IP local: 0.0.0.0
Puerto local: 49670
Estado TCP: LISTENING
PID: 1488
Aplicacion: services
Veces vista: 2134
Ya fue vista antes y sigue fuera de BASE.
Sigue en observacion con alertas controladas.
Requiere aprobacion manual para pasar a BASE.
2026-08-11 09:11:54 | OBSERVACION DE RED
Estado monitor: OBSERVACION
Tipo: PUERTO EN ESCUCHA
IP local: 0.0.0.0
Puerto local: 5040
Estado TCP: LISTENING
PID: 12640
Aplicacion: svchost
Veces vista: 3393
Ya fue vista antes y sigue fuera de BASE.
Sigue en observacion con alertas controladas.
Requiere aprobacion manual para pasar a BASE.
2026-08-11 09:11:54 | OBSERVACION DE RED
Estado monitor: OBSERVACION
Tipo: PUERTO EN ESCUCHA
IP local: 0.0.0.0
Puerto local: 7070
Estado TCP: LISTENING
PID: 5064
Aplicacion: AnyDesk
Veces vista: 2792
Ya fue vista antes y sigue fuera de BASE.
Sigue en observacion con alertas controladas.
Requiere aprobacion manual para pasar a BASE.
2026-08-11 09:11:54 | OBSERVACION DE RED
Estado monitor: OBSERVACION
Tipo: PUERTO EN ESCUCHA
IP local: 127.0.0.1
Puerto local: 5939
Estado TCP: LISTENING
PID: 5860
Aplicacion: TeamViewer_Service
Veces vista: 460
Ya fue vista antes y sigue fuera de BASE.
Sigue en observacion con alertas controladas.
Requiere aprobacion manual para pasar a BASE.
2026-08-11 09:11:54 | OBSERVACION DE RED
Estado monitor: OBSERVACION
Tipo: PUERTO EN ESCUCHA
IP local: 192.168.56.1
Puerto local: 139
Estado TCP: LISTENING
PID: 4
Aplicacion: System
Veces vista: 3395
Ya fue vista antes y sigue fuera de BASE.
Sigue en observacion con alertas controladas.
Requiere aprobacion manual para pasar a BASE.
2026-08-11 09:11:54 | OBSERVACION DE RED
Estado monitor: OBSERVACION
Tipo: PUERTO EN ESCUCHA
IP local: 26.137.80.247
Puerto local: 139
Estado TCP: LISTENING
PID: 4
Aplicacion: System
Veces vista: 3353
Ya fue vista antes y sigue fuera de BASE.
Sigue en observacion con alertas controladas.
Requiere aprobacion manual para pasar a BASE.
2026-08-11 09:11:57 | Escaneo completado. Conexiones=62 Alertas=0 Observaciones=21 LearningMode=False
2026-08-11 09:21:53 | OBSERVACION DE RED
Estado monitor: OBSERVACION
IP remota: 148.113.190.78
Puerto remoto: 17301
IP local: 172.19.19.130
Puerto local: 50063
Estado TCP: ESTABLISHED
PID: 5712
Aplicacion: RvControlSvc
Veces vista: 1012
Ya fue vista antes y sigue fuera de BASE.
Sigue en observacion con alertas controladas.
Requiere aprobacion manual para pasar a BASE.
2026-08-11 09:21:53 | OBSERVACION DE RED
Estado monitor: OBSERVACION
IP remota: 64.233.190.188
Puerto remoto: 5228
IP local: 172.19.19.130
Puerto local: 50804
Estado TCP: ESTABLISHED
PID: 19104
Aplicacion: chrome
Veces vista: 391
Ya fue vista antes y sigue fuera de BASE.
Sigue en observacion con alertas controladas.
Requiere aprobacion manual para pasar a BASE.
2026-08-11 09:21:53 | OBSERVACION DE RED
Estado monitor: OBSERVACION
IP remota: 172.19.19.124
Puerto remoto: 9630
IP local: 172.19.19.130
Puerto local: 53773
Estado TCP: ESTABLISHED
PID: 5712
Aplicacion: RvControlSvc
Veces vista: 4
Ya fue vista antes y sigue fuera de BASE.
Sigue en observacion con alertas controladas.
Requiere aprobacion manual para pasar a BASE.
2026-08-11 09:21:53 | OBSERVACION DE RED
Estado monitor: OBSERVACION
IP remota: 172.19.19.122
Puerto remoto: 8009
IP local: 172.19.19.130
Puerto local: 58066
Estado TCP: ESTABLISHED
PID: 19104
Aplicacion: chrome
Veces vista: 67
Ya fue vista antes y sigue fuera de BASE.
Sigue en observacion con alertas controladas.
Requiere aprobacion manual para pasar a BASE.
2026-08-11 09:21:53 | OBSERVACION DE RED
Estado monitor: OBSERVACION
IP remota: 138.97.177.156
Puerto remoto: 59612
IP local: 172.19.19.130
Puerto local: 58978
Estado TCP: ESTABLISHED
PID: 5712
Aplicacion: RvControlSvc
Veces vista: 4
Ya fue vista antes y sigue fuera de BASE.
Sigue en observacion con alertas controladas.
Requiere aprobacion manual para pasar a BASE.
2026-08-11 09:21:53 | OBSERVACION DE RED
Estado monitor: OBSERVACION
IP remota: 138.97.177.104
Puerto remoto: 49688
IP local: 172.19.19.130
Puerto local: 58982
Estado TCP: ESTABLISHED
PID: 5712
Aplicacion: RvControlSvc
Veces vista: 96
Ya fue vista antes y sigue fuera de BASE.
Sigue en observacion con alertas controladas.
Requiere aprobacion manual para pasar a BASE.
2026-08-11 09:21:53 | OBSERVACION DE RED
Estado monitor: OBSERVACION
IP remota: 138.97.177.156
Puerto remoto: 3527
IP local: 172.19.19.130
Puerto local: 58984
Estado TCP: ESTABLISHED
PID: 5712
Aplicacion: RvControlSvc
Veces vista: 4
Ya fue vista antes y sigue fuera de BASE.
Sigue en observacion con alertas controladas.
Requiere aprobacion manual para pasar a BASE.
2026-08-11 09:21:53 | OBSERVACION DE RED
Estado monitor: OBSERVACION
IP remota: 138.97.177.156
Puerto remoto: 10493
IP local: 172.19.19.130
Puerto local: 58987
Estado TCP: ESTABLISHED
PID: 5712
Aplicacion: RvControlSvc
Veces vista: 4
Ya fue vista antes y sigue fuera de BASE.
Sigue en observacion con alertas controladas.
Requiere aprobacion manual para pasar a BASE.
2026-08-11 09:21:53 | OBSERVACION DE RED
Estado monitor: OBSERVACION
IP remota: 190.122.181.20
Puerto remoto: 63934
IP local: 172.19.19.130
Puerto local: 58990
Estado TCP: ESTABLISHED
PID: 5712
Aplicacion: RvControlSvc
Veces vista: 4
Ya fue vista antes y sigue fuera de BASE.
Sigue en observacion con alertas controladas.
Requiere aprobacion manual para pasar a BASE.
2026-08-11 09:21:53 | OBSERVACION DE RED
Estado monitor: OBSERVACION
IP remota: 138.97.177.156
Puerto remoto: 49708
IP local: 172.19.19.130
Puerto local: 58993
Estado TCP: ESTABLISHED
PID: 5712
Aplicacion: RvControlSvc
Veces vista: 42
Ya fue vista antes y sigue fuera de BASE.
Sigue en observacion con alertas controladas.
Requiere aprobacion manual para pasar a BASE.
2026-08-11 09:21:53 | OBSERVACION DE RED
Estado monitor: OBSERVACION
IP remota: 172.19.19.196
Puerto remoto: 60624
IP local: 172.19.19.130
Puerto local: 59043
Estado TCP: ESTABLISHED
PID: 5712
Aplicacion: RvControlSvc
Veces vista: 4
Ya fue vista antes y sigue fuera de BASE.
Sigue en observacion con alertas controladas.
Requiere aprobacion manual para pasar a BASE.
2026-08-11 09:21:53 | OBSERVACION DE RED
Estado monitor: OBSERVACION
IP remota: 172.19.19.128
Puerto remoto: 52912
IP local: 172.19.19.130
Puerto local: 59103
Estado TCP: ESTABLISHED
PID: 5712
Aplicacion: RvControlSvc
Veces vista: 4
Ya fue vista antes y sigue fuera de BASE.
Sigue en observacion con alertas controladas.
Requiere aprobacion manual para pasar a BASE.
2026-08-11 09:21:53 | OBSERVACION DE RED
Estado monitor: OBSERVACION
IP remota: 79.127.252.110
Puerto remoto: 443
IP local: 172.19.19.130
Puerto local: 60683
Estado TCP: ESTABLISHED
PID: 5064
Aplicacion: AnyDesk
Veces vista: 92
Ya fue vista antes y sigue fuera de BASE.
Sigue en observacion con alertas controladas.
Requiere aprobacion manual para pasar a BASE.
2026-08-11 09:21:53 | OBSERVACION DE RED
Estado monitor: OBSERVACION
Tipo: PUERTO EN ESCUCHA
IP local: 172.19.19.130
Puerto local: 139
Estado TCP: LISTENING
PID: 4
Aplicacion: System
Veces vista: 32
Ya fue vista antes y sigue fuera de BASE.
Sigue en observacion con alertas controladas.
Requiere aprobacion manual para pasar a BASE.
2026-08-11 09:21:53 | OBSERVACION DE RED
Estado monitor: OBSERVACION
Tipo: PUERTO EN ESCUCHA
IP local: 172.19.19.130
Puerto local: 50063
Estado TCP: LISTENING
PID: 5712
Aplicacion: RvControlSvc
Veces vista: 4
Ya fue vista antes y sigue fuera de BASE.
Sigue en observacion con alertas controladas.
Requiere aprobacion manual para pasar a BASE.
2026-08-11 09:21:57 | Escaneo completado. Conexiones=62 Alertas=0 Observaciones=15 LearningMode=False
2026-08-11 09:31:53 | OBSERVACION DE RED
Estado monitor: OBSERVACION
IP remota: 20.42.73.27
Puerto remoto: 443
IP local: 172.19.19.130
Puerto local: 51097
Estado TCP: ESTABLISHED
PID: 21176
Aplicacion: OneDrive
Veces vista: 11
Ya fue vista antes y sigue fuera de BASE.
Sigue en observacion con alertas controladas.
Requiere aprobacion manual para pasar a BASE.
2026-08-11 09:31:53 | OBSERVACION DE RED
Estado monitor: OBSERVACION
IP remota: 172.217.192.188
Puerto remoto: 5228
IP local: 172.19.19.130
Puerto local: 51486
Estado TCP: ESTABLISHED
PID: 19104
Aplicacion: chrome
Veces vista: 660
Ya fue vista antes y sigue fuera de BASE.
Sigue en observacion con alertas controladas.
Requiere aprobacion manual para pasar a BASE.
2026-08-11 09:31:53 | OBSERVACION DE RED
Estado monitor: OBSERVACION
IP remota: 34.149.66.163
Puerto remoto: 443
IP local: 172.19.19.130
Puerto local: 53916
Estado TCP: ESTABLISHED
PID: 19104
Aplicacion: chrome
Veces vista: 77
Ya fue vista antes y sigue fuera de BASE.
Sigue en observacion con alertas controladas.
Requiere aprobacion manual para pasar a BASE.
2026-08-11 09:31:53 | OBSERVACION DE RED
Estado monitor: OBSERVACION
IP remota: 190.122.183.105
Puerto remoto: 57028
IP local: 172.19.19.130
Puerto local: 54604
Estado TCP: ESTABLISHED
PID: 5712
Aplicacion: RvControlSvc
Veces vista: 14
Ya fue vista antes y sigue fuera de BASE.
Sigue en observacion con alertas controladas.
Requiere aprobacion manual para pasar a BASE.
2026-08-11 09:31:53 | OBSERVACION DE RED
Estado monitor: OBSERVACION
IP remota: 138.97.177.150
Puerto remoto: 60919
IP local: 172.19.19.130
Puerto local: 56405
Estado TCP: ESTABLISHED
PID: 5712
Aplicacion: RvControlSvc
Veces vista: 4
Ya fue vista antes y sigue fuera de BASE.
Sigue en observacion con alertas controladas.
Requiere aprobacion manual para pasar a BASE.
2026-08-11 09:31:53 | OBSERVACION DE RED
Estado monitor: OBSERVACION
IP remota: 216.150.1.193
Puerto remoto: 443
IP local: 172.19.19.130
Puerto local: 60568
Estado TCP: ESTABLISHED
PID: 19104
Aplicacion: chrome
Veces vista: 171
Ya fue vista antes y sigue fuera de BASE.
Sigue en observacion con alertas controladas.
Requiere aprobacion manual para pasar a BASE.
2026-08-11 09:31:53 | OBSERVACION DE RED
Estado monitor: OBSERVACION
Tipo: PUERTO EN ESCUCHA
IP local: 0.0.0.0
Puerto local: 51066
Estado TCP: LISTENING
PID: 5712
Aplicacion: RvControlSvc
Veces vista: 1
Sigue en observacion con alertas controladas.
Requiere aprobacion manual para pasar a BASE.
2026-08-11 09:31:53 | OBSERVACION DE RED
Estado monitor: OBSERVACION
Tipo: PUERTO EN ESCUCHA
IP local: 127.0.0.1
Puerto local: 5000
Estado TCP: LISTENING
PID: 15924
Aplicacion: NapsePromo
Veces vista: 15
Ya fue vista antes y sigue fuera de BASE.
Sigue en observacion con alertas controladas.
Requiere aprobacion manual para pasar a BASE.
2026-08-11 09:31:56 | Escaneo completado. Conexiones=60 Alertas=0 Observaciones=8 LearningMode=False
2026-08-11 09:41:51 | NUEVA CONEXION DETECTADA
Estado monitor: NUEVA
IP remota: 52.178.17.232
Puerto remoto: 443
IP local: 172.19.19.130
Puerto local: 49671
Estado TCP: ESTABLISHED
PID: 5544
Aplicacion: MpDefenderCoreService
Veces vista: 2
2026-08-11 09:41:51 | OBSERVACION DE RED
Estado monitor: OBSERVACION
IP remota: 138.97.177.156
Puerto remoto: 64139
IP local: 172.19.19.130
Puerto local: 50063
Estado TCP: ESTABLISHED
PID: 5712
Aplicacion: RvControlSvc
Veces vista: 1
Sigue en observacion con alertas controladas.
Requiere aprobacion manual para pasar a BASE.
2026-08-11 09:41:51 | OBSERVACION DE RED
Estado monitor: OBSERVACION
IP remota: 200.42.122.9
Puerto remoto: 443
IP local: 172.19.19.130
Puerto local: 55221
Estado TCP: ESTABLISHED
PID: 9004
Aplicacion: msedgewebview2
Veces vista: 178
Ya fue vista antes y sigue fuera de BASE.
Sigue en observacion con alertas controladas.
Requiere aprobacion manual para pasar a BASE.
2026-08-11 09:41:51 | OBSERVACION DE RED
Estado monitor: OBSERVACION
IP remota: 138.97.177.20
Puerto remoto: 50991
IP local: 172.19.19.130
Puerto local: 58975
Estado TCP: ESTABLISHED
PID: 5712
Aplicacion: RvControlSvc
Veces vista: 216
Ya fue vista antes y sigue fuera de BASE.
Sigue en observacion con alertas controladas.
Requiere aprobacion manual para pasar a BASE.
2026-08-11 09:41:51 | OBSERVACION DE RED
Estado monitor: OBSERVACION
IP remota: 168.90.73.130
Puerto remoto: 55558
IP local: 172.19.19.130
Puerto local: 58977
Estado TCP: ESTABLISHED
PID: 5712
Aplicacion: RvControlSvc
Veces vista: 161
Ya fue vista antes y sigue fuera de BASE.
Sigue en observacion con alertas controladas.
Requiere aprobacion manual para pasar a BASE.
2026-08-11 09:41:51 | OBSERVACION DE RED
Estado monitor: OBSERVACION
IP remota: 138.97.177.156
Puerto remoto: 43991
IP local: 172.19.19.130
Puerto local: 58986
Estado TCP: ESTABLISHED
PID: 5712
Aplicacion: RvControlSvc
Veces vista: 185
Ya fue vista antes y sigue fuera de BASE.
Sigue en observacion con alertas controladas.
Requiere aprobacion manual para pasar a BASE.
2026-08-11 09:41:51 | OBSERVACION DE RED
Estado monitor: OBSERVACION
IP remota: 138.97.177.80
Puerto remoto: 53520
IP local: 172.19.19.130
Puerto local: 58989
Estado TCP: ESTABLISHED
PID: 5712
Aplicacion: RvControlSvc
Veces vista: 34
Ya fue vista antes y sigue fuera de BASE.
Sigue en observacion con alertas controladas.
Requiere aprobacion manual para pasar a BASE.
2026-08-11 09:41:51 | OBSERVACION DE RED
Estado monitor: OBSERVACION
IP remota: 45.162.230.182
Puerto remoto: 17351
IP local: 172.19.19.130
Puerto local: 59070
Estado TCP: ESTABLISHED
PID: 5712
Aplicacion: RvControlSvc
Veces vista: 2206
Ya fue vista antes y sigue fuera de BASE.
Sigue en observacion con alertas controladas.
Requiere aprobacion manual para pasar a BASE.
2026-08-11 09:41:51 | OBSERVACION DE RED
Estado monitor: OBSERVACION
Tipo: PUERTO EN ESCUCHA
IP local: 0.0.0.0
Puerto local: 135
Estado TCP: LISTENING
PID: 1808
Aplicacion: svchost
Veces vista: 3400
Ya fue vista antes y sigue fuera de BASE.
Sigue en observacion con alertas controladas.
Requiere aprobacion manual para pasar a BASE.
2026-08-11 09:41:51 | OBSERVACION DE RED
Estado monitor: OBSERVACION
Tipo: PUERTO EN ESCUCHA
IP local: 0.0.0.0
Puerto local: 445
Estado TCP: LISTENING
PID: 4
Aplicacion: System
Veces vista: 3400
Ya fue vista antes y sigue fuera de BASE.
Sigue en observacion con alertas controladas.
Requiere aprobacion manual para pasar a BASE.
2026-08-11 09:41:51 | OBSERVACION DE RED
Estado monitor: OBSERVACION
Tipo: PUERTO EN ESCUCHA
IP local: 0.0.0.0
Puerto local: 49664
Estado TCP: LISTENING
PID: 1516
Aplicacion: lsass
Veces vista: 3400
Ya fue vista antes y sigue fuera de BASE.
Sigue en observacion con alertas controladas.
Requiere aprobacion manual para pasar a BASE.
2026-08-11 09:41:51 | OBSERVACION DE RED
Estado monitor: OBSERVACION
Tipo: PUERTO EN ESCUCHA
IP local: 0.0.0.0
Puerto local: 49665
Estado TCP: LISTENING
PID: 1336
Aplicacion: wininit
Veces vista: 3400
Ya fue vista antes y sigue fuera de BASE.
Sigue en observacion con alertas controladas.
Requiere aprobacion manual para pasar a BASE.
2026-08-11 09:41:51 | OBSERVACION DE RED
Estado monitor: OBSERVACION
Tipo: PUERTO EN ESCUCHA
IP local: 0.0.0.0
Puerto local: 49666
Estado TCP: LISTENING
PID: 2520
Aplicacion: svchost
Veces vista: 3400
Ya fue vista antes y sigue fuera de BASE.
Sigue en observacion con alertas controladas.
Requiere aprobacion manual para pasar a BASE.
2026-08-11 09:41:51 | OBSERVACION DE RED
Estado monitor: OBSERVACION
Tipo: PUERTO EN ESCUCHA
IP local: 0.0.0.0
Puerto local: 49667
Estado TCP: LISTENING
PID: 3316
Aplicacion: svchost
Veces vista: 3400
Ya fue vista antes y sigue fuera de BASE.
Sigue en observacion con alertas controladas.
Requiere aprobacion manual para pasar a BASE.
2026-08-11 09:41:51 | OBSERVACION DE RED
Estado monitor: OBSERVACION
Tipo: PUERTO EN ESCUCHA
IP local: 0.0.0.0
Puerto local: 49668
Estado TCP: LISTENING
PID: 4872
Aplicacion: spoolsv
Veces vista: 3400
Ya fue vista antes y sigue fuera de BASE.
Sigue en observacion con alertas controladas.
Requiere aprobacion manual para pasar a BASE.
2026-08-11 09:41:51 | OBSERVACION DE RED
Estado monitor: OBSERVACION
Tipo: PUERTO EN ESCUCHA
IP local: 0.0.0.0
Puerto local: 49670
Estado TCP: LISTENING
PID: 1488
Aplicacion: services
Veces vista: 2137
Ya fue vista antes y sigue fuera de BASE.
Sigue en observacion con alertas controladas.
Requiere aprobacion manual para pasar a BASE.
2026-08-11 09:41:51 | OBSERVACION DE RED
Estado monitor: OBSERVACION
Tipo: PUERTO EN ESCUCHA
IP local: 0.0.0.0
Puerto local: 50226
Estado TCP: LISTENING
PID: 5712
Aplicacion: RvControlSvc
Veces vista: 2
Ya fue vista antes y sigue fuera de BASE.
Sigue en observacion con alertas controladas.
Requiere aprobacion manual para pasar a BASE.
2026-08-11 09:41:51 | OBSERVACION DE RED
Estado monitor: OBSERVACION
Tipo: PUERTO EN ESCUCHA
IP local: 0.0.0.0
Puerto local: 5040
Estado TCP: LISTENING
PID: 12640
Aplicacion: svchost
Veces vista: 3396
Ya fue vista antes y sigue fuera de BASE.
Sigue en observacion con alertas controladas.
Requiere aprobacion manual para pasar a BASE.
2026-08-11 09:41:51 | OBSERVACION DE RED
Estado monitor: OBSERVACION
Tipo: PUERTO EN ESCUCHA
IP local: 0.0.0.0
Puerto local: 52281
Estado TCP: LISTENING
PID: 5064
Aplicacion: AnyDesk
Veces vista: 1
Sigue en observacion con alertas controladas.
Requiere aprobacion manual para pasar a BASE.
2026-08-11 09:41:52 | OBSERVACION DE RED
Estado monitor: OBSERVACION
Tipo: PUERTO EN ESCUCHA
IP local: 0.0.0.0
Puerto local: 7070
Estado TCP: LISTENING
PID: 5064
Aplicacion: AnyDesk
Veces vista: 2795
Ya fue vista antes y sigue fuera de BASE.
Sigue en observacion con alertas controladas.
Requiere aprobacion manual para pasar a BASE.
2026-08-11 09:41:52 | OBSERVACION DE RED
Estado monitor: OBSERVACION
Tipo: PUERTO EN ESCUCHA
IP local: 127.0.0.1
Puerto local: 5939
Estado TCP: LISTENING
PID: 5860
Aplicacion: TeamViewer_Service
Veces vista: 463
Ya fue vista antes y sigue fuera de BASE.
Sigue en observacion con alertas controladas.
Requiere aprobacion manual para pasar a BASE.
2026-08-11 09:41:52 | OBSERVACION DE RED
Estado monitor: OBSERVACION
Tipo: PUERTO EN ESCUCHA
IP local: 192.168.56.1
Puerto local: 139
Estado TCP: LISTENING
PID: 4
Aplicacion: System
Veces vista: 3398
Ya fue vista antes y sigue fuera de BASE.
Sigue en observacion con alertas controladas.
Requiere aprobacion manual para pasar a BASE.
2026-08-11 09:41:52 | OBSERVACION DE RED
Estado monitor: OBSERVACION
Tipo: PUERTO EN ESCUCHA
IP local: 26.137.80.247
Puerto local: 139
Estado TCP: LISTENING
PID: 4
Aplicacion: System
Veces vista: 3356
Ya fue vista antes y sigue fuera de BASE.
Sigue en observacion con alertas controladas.
Requiere aprobacion manual para pasar a BASE.
2026-08-11 09:42:09 | Escaneo completado. Conexiones=48 Alertas=0 Observaciones=23 LearningMode=False
2026-08-11 09:51:52 | OBSERVACION DE RED
Estado monitor: OBSERVACION
IP remota: 148.113.190.78
Puerto remoto: 17301
IP local: 172.19.19.130
Puerto local: 50063
Estado TCP: ESTABLISHED
PID: 5712
Aplicacion: RvControlSvc
Veces vista: 1015
Ya fue vista antes y sigue fuera de BASE.
Sigue en observacion con alertas controladas.
Requiere aprobacion manual para pasar a BASE.
2026-08-11 09:51:52 | OBSERVACION DE RED
Estado monitor: OBSERVACION
IP remota: 64.233.190.188
Puerto remoto: 5228
IP local: 172.19.19.130
Puerto local: 50804
Estado TCP: ESTABLISHED
PID: 19104
Aplicacion: chrome
Veces vista: 394
Ya fue vista antes y sigue fuera de BASE.
Sigue en observacion con alertas controladas.
Requiere aprobacion manual para pasar a BASE.
2026-08-11 09:51:52 | OBSERVACION DE RED
Estado monitor: OBSERVACION
IP remota: 172.19.19.124
Puerto remoto: 9630
IP local: 172.19.19.130
Puerto local: 53773
Estado TCP: ESTABLISHED
PID: 5712
Aplicacion: RvControlSvc
Veces vista: 7
Ya fue vista antes y sigue fuera de BASE.
Sigue en observacion con alertas controladas.
Requiere aprobacion manual para pasar a BASE.
2026-08-11 09:51:52 | OBSERVACION DE RED
Estado monitor: OBSERVACION
IP remota: 172.19.19.122
Puerto remoto: 8009
IP local: 172.19.19.130
Puerto local: 58066
Estado TCP: ESTABLISHED
PID: 19104
Aplicacion: chrome
Veces vista: 70
Ya fue vista antes y sigue fuera de BASE.
Sigue en observacion con alertas controladas.
Requiere aprobacion manual para pasar a BASE.
2026-08-11 09:51:52 | OBSERVACION DE RED
Estado monitor: OBSERVACION
IP remota: 138.97.177.104
Puerto remoto: 49688
IP local: 172.19.19.130
Puerto local: 58982
Estado TCP: ESTABLISHED
PID: 5712
Aplicacion: RvControlSvc
Veces vista: 99
Ya fue vista antes y sigue fuera de BASE.
Sigue en observacion con alertas controladas.
Requiere aprobacion manual para pasar a BASE.
2026-08-11 09:51:52 | OBSERVACION DE RED
Estado monitor: OBSERVACION
IP remota: 138.97.177.156
Puerto remoto: 3527
IP local: 172.19.19.130
Puerto local: 58984
Estado TCP: ESTABLISHED
PID: 5712
Aplicacion: RvControlSvc
Veces vista: 7
Ya fue vista antes y sigue fuera de BASE.
Sigue en observacion con alertas controladas.
Requiere aprobacion manual para pasar a BASE.
2026-08-11 09:51:52 | OBSERVACION DE RED
Estado monitor: OBSERVACION
IP remota: 138.97.177.156
Puerto remoto: 10493
IP local: 172.19.19.130
Puerto local: 58987
Estado TCP: ESTABLISHED
PID: 5712
Aplicacion: RvControlSvc
Veces vista: 7
Ya fue vista antes y sigue fuera de BASE.
Sigue en observacion con alertas controladas.
Requiere aprobacion manual para pasar a BASE.
2026-08-11 09:51:52 | OBSERVACION DE RED
Estado monitor: OBSERVACION
IP remota: 138.97.177.156
Puerto remoto: 49708
IP local: 172.19.19.130
Puerto local: 58993
Estado TCP: ESTABLISHED
PID: 5712
Aplicacion: RvControlSvc
Veces vista: 45
Ya fue vista antes y sigue fuera de BASE.
Sigue en observacion con alertas controladas.
Requiere aprobacion manual para pasar a BASE.
2026-08-11 09:51:52 | OBSERVACION DE RED
Estado monitor: OBSERVACION
IP remota: 172.19.19.196
Puerto remoto: 60624
IP local: 172.19.19.130
Puerto local: 59043
Estado TCP: ESTABLISHED
PID: 5712
Aplicacion: RvControlSvc
Veces vista: 7
Ya fue vista antes y sigue fuera de BASE.
Sigue en observacion con alertas controladas.
Requiere aprobacion manual para pasar a BASE.
2026-08-11 09:51:52 | OBSERVACION DE RED
Estado monitor: OBSERVACION
IP remota: 172.19.19.128
Puerto remoto: 52912
IP local: 172.19.19.130
Puerto local: 59103
Estado TCP: ESTABLISHED
PID: 5712
Aplicacion: RvControlSvc
Veces vista: 7
Ya fue vista antes y sigue fuera de BASE.
Sigue en observacion con alertas controladas.
Requiere aprobacion manual para pasar a BASE.
2026-08-11 09:51:52 | OBSERVACION DE RED
Estado monitor: OBSERVACION
IP remota: 185.133.35.14
Puerto remoto: 443
IP local: 172.19.19.130
Puerto local: 59271
Estado TCP: ESTABLISHED
PID: 19104
Aplicacion: chrome
Veces vista: 10
Ya fue vista antes y sigue fuera de BASE.
Sigue en observacion con alertas controladas.
Requiere aprobacion manual para pasar a BASE.
2026-08-11 09:51:52 | OBSERVACION DE RED
Estado monitor: OBSERVACION
IP remota: 79.127.252.110
Puerto remoto: 443
IP local: 172.19.19.130
Puerto local: 60683
Estado TCP: ESTABLISHED
PID: 5064
Aplicacion: AnyDesk
Veces vista: 95
Ya fue vista antes y sigue fuera de BASE.
Sigue en observacion con alertas controladas.
Requiere aprobacion manual para pasar a BASE.
2026-08-11 09:51:52 | OBSERVACION DE RED
Estado monitor: OBSERVACION
IP remota: 142.251.128.131
Puerto remoto: 443
IP local: 172.19.19.130
Puerto local: 64560
Estado TCP: ESTABLISHED
PID: 19104
Aplicacion: chrome
Veces vista: 96
Ya fue vista antes y sigue fuera de BASE.
Sigue en observacion con alertas controladas.
Requiere aprobacion manual para pasar a BASE.
2026-08-11 09:51:52 | OBSERVACION DE RED
Estado monitor: OBSERVACION
Tipo: PUERTO EN ESCUCHA
IP local: 0.0.0.0
Puerto local: 64568
Estado TCP: LISTENING
PID: 5712
Aplicacion: RvControlSvc
Veces vista: 1
Sigue en observacion con alertas controladas.
Requiere aprobacion manual para pasar a BASE.
2026-08-11 09:51:52 | OBSERVACION DE RED
Estado monitor: OBSERVACION
Tipo: PUERTO EN ESCUCHA
IP local: 172.19.19.130
Puerto local: 139
Estado TCP: LISTENING
PID: 4
Aplicacion: System
Veces vista: 35
Ya fue vista antes y sigue fuera de BASE.
Sigue en observacion con alertas controladas.
Requiere aprobacion manual para pasar a BASE.
2026-08-11 09:51:52 | OBSERVACION DE RED
Estado monitor: OBSERVACION
Tipo: PUERTO EN ESCUCHA
IP local: 172.19.19.130
Puerto local: 50063
Estado TCP: LISTENING
PID: 5712
Aplicacion: RvControlSvc
Veces vista: 7
Ya fue vista antes y sigue fuera de BASE.
Sigue en observacion con alertas controladas.
Requiere aprobacion manual para pasar a BASE.
2026-08-11 09:51:55 | Escaneo completado. Conexiones=55 Alertas=0 Observaciones=16 LearningMode=False
2026-08-11 10:01:53 | OBSERVACION DE RED
Estado monitor: OBSERVACION
IP remota: 142.251.129.46
Puerto remoto: 443
IP local: 172.19.19.130
Puerto local: 49669
Estado TCP: ESTABLISHED
PID: 19104
Aplicacion: chrome
Veces vista: 198
Ya fue vista antes y sigue fuera de BASE.
Sigue en observacion con alertas controladas.
Requiere aprobacion manual para pasar a BASE.
2026-08-11 10:01:54 | OBSERVACION DE RED
Estado monitor: OBSERVACION
IP remota: 172.217.192.188
Puerto remoto: 5228
IP local: 172.19.19.130
Puerto local: 51486
Estado TCP: ESTABLISHED
PID: 19104
Aplicacion: chrome
Veces vista: 663
Ya fue vista antes y sigue fuera de BASE.
Sigue en observacion con alertas controladas.
Requiere aprobacion manual para pasar a BASE.
2026-08-11 10:01:54 | OBSERVACION DE RED
Estado monitor: OBSERVACION
IP remota: 52.97.51.98
Puerto remoto: 443
IP local: 172.19.19.130
Puerto local: 52291
Estado TCP: ESTABLISHED
PID: 14068
Aplicacion: SearchHost
Veces vista: 8
Ya fue vista antes y sigue fuera de BASE.
Sigue en observacion con alertas controladas.
Requiere aprobacion manual para pasar a BASE.
2026-08-11 10:01:54 | OBSERVACION DE RED
Estado monitor: OBSERVACION
IP remota: 172.19.19.128
Puerto remoto: 49448
IP local: 172.19.19.130
Puerto local: 53591
Estado TCP: ESTABLISHED
PID: 5712
Aplicacion: RvControlSvc
Veces vista: 1
Sigue en observacion con alertas controladas.
Requiere aprobacion manual para pasar a BASE.
2026-08-11 10:01:54 | OBSERVACION DE RED
Estado monitor: OBSERVACION
IP remota: 190.122.183.105
Puerto remoto: 57028
IP local: 172.19.19.130
Puerto local: 54604
Estado TCP: ESTABLISHED
PID: 5712
Aplicacion: RvControlSvc
Veces vista: 17
Ya fue vista antes y sigue fuera de BASE.
Sigue en observacion con alertas controladas.
Requiere aprobacion manual para pasar a BASE.
2026-08-11 10:01:54 | OBSERVACION DE RED
Estado monitor: OBSERVACION
IP remota: 138.97.177.150
Puerto remoto: 60919
IP local: 172.19.19.130
Puerto local: 56405
Estado TCP: ESTABLISHED
PID: 5712
Aplicacion: RvControlSvc
Veces vista: 7
Ya fue vista antes y sigue fuera de BASE.
Sigue en observacion con alertas controladas.
Requiere aprobacion manual para pasar a BASE.
2026-08-11 10:01:54 | OBSERVACION DE RED
Estado monitor: OBSERVACION
IP remota: 142.251.134.78
Puerto remoto: 443
IP local: 172.19.19.130
Puerto local: 61072
Estado TCP: ESTABLISHED
PID: 19104
Aplicacion: chrome
Veces vista: 92
Ya fue vista antes y sigue fuera de BASE.
Sigue en observacion con alertas controladas.
Requiere aprobacion manual para pasar a BASE.
2026-08-11 10:01:54 | OBSERVACION DE RED
Estado monitor: OBSERVACION
IP remota: 64.233.186.84
Puerto remoto: 443
IP local: 172.19.19.130
Puerto local: 61806
Estado TCP: ESTABLISHED
PID: 19104
Aplicacion: chrome
Veces vista: 91
Ya fue vista antes y sigue fuera de BASE.
Sigue en observacion con alertas controladas.
Requiere aprobacion manual para pasar a BASE.
2026-08-11 10:01:54 | OBSERVACION DE RED
Estado monitor: OBSERVACION
IP remota: 34.149.66.163
Puerto remoto: 443
IP local: 172.19.19.130
Puerto local: 62075
Estado TCP: ESTABLISHED
PID: 19104
Aplicacion: chrome
Veces vista: 80
Ya fue vista antes y sigue fuera de BASE.
Sigue en observacion con alertas controladas.
Requiere aprobacion manual para pasar a BASE.
2026-08-11 10:01:54 | OBSERVACION DE RED
Estado monitor: OBSERVACION
IP remota: 142.251.134.195
Puerto remoto: 443
IP local: 172.19.19.130
Puerto local: 62211
Estado TCP: ESTABLISHED
PID: 19104
Aplicacion: chrome
Veces vista: 75
Ya fue vista antes y sigue fuera de BASE.
Sigue en observacion con alertas controladas.
Requiere aprobacion manual para pasar a BASE.
2026-08-11 10:01:54 | OBSERVACION DE RED
Estado monitor: OBSERVACION
Tipo: PUERTO EN ESCUCHA
IP local: 0.0.0.0
Puerto local: 62212
Estado TCP: LISTENING
PID: 5712
Aplicacion: RvControlSvc
Veces vista: 1
Sigue en observacion con alertas controladas.
Requiere aprobacion manual para pasar a BASE.
2026-08-11 10:01:57 | Escaneo completado. Conexiones=58 Alertas=1 Observaciones=11 LearningMode=False
2026-08-11 10:11:53 | OBSERVACION DE RED
Estado monitor: OBSERVACION
IP remota: 138.97.177.156
Puerto remoto: 51208
IP local: 172.19.19.130
Puerto local: 50063
Estado TCP: ESTABLISHED
PID: 5712
Aplicacion: RvControlSvc
Veces vista: 1
Sigue en observacion con alertas controladas.
Requiere aprobacion manual para pasar a BASE.
2026-08-11 10:11:53 | OBSERVACION DE RED
Estado monitor: OBSERVACION
IP remota: 138.97.177.156
Puerto remoto: 64139
IP local: 172.19.19.130
Puerto local: 50063
Estado TCP: ESTABLISHED
PID: 5712
Aplicacion: RvControlSvc
Veces vista: 4
Ya fue vista antes y sigue fuera de BASE.
Sigue en observacion con alertas controladas.
Requiere aprobacion manual para pasar a BASE.
2026-08-11 10:11:53 | OBSERVACION DE RED
Estado monitor: OBSERVACION
IP remota: 142.251.128.133
Puerto remoto: 443
IP local: 172.19.19.130
Puerto local: 53794
Estado TCP: ESTABLISHED
PID: 19104
Aplicacion: chrome
Veces vista: 18
Ya fue vista antes y sigue fuera de BASE.
Sigue en observacion con alertas controladas.
Requiere aprobacion manual para pasar a BASE.
2026-08-11 10:11:54 | OBSERVACION DE RED
Estado monitor: OBSERVACION
IP remota: 45.162.230.182
Puerto remoto: 17351
IP local: 172.19.19.130
Puerto local: 57890
Estado TCP: ESTABLISHED
PID: 5712
Aplicacion: RvControlSvc
Veces vista: 2217
Ya fue vista antes y sigue fuera de BASE.
Sigue en observacion con alertas controladas.
Requiere aprobacion manual para pasar a BASE.
2026-08-11 10:11:54 | OBSERVACION DE RED
Estado monitor: OBSERVACION
IP remota: 138.97.177.20
Puerto remoto: 50991
IP local: 172.19.19.130
Puerto local: 58975
Estado TCP: ESTABLISHED
PID: 5712
Aplicacion: RvControlSvc
Veces vista: 219
Ya fue vista antes y sigue fuera de BASE.
Sigue en observacion con alertas controladas.
Requiere aprobacion manual para pasar a BASE.
2026-08-11 10:11:54 | OBSERVACION DE RED
Estado monitor: OBSERVACION
IP remota: 168.90.73.130
Puerto remoto: 55558
IP local: 172.19.19.130
Puerto local: 58977
Estado TCP: ESTABLISHED
PID: 5712
Aplicacion: RvControlSvc
Veces vista: 164
Ya fue vista antes y sigue fuera de BASE.
Sigue en observacion con alertas controladas.
Requiere aprobacion manual para pasar a BASE.
2026-08-11 10:11:54 | OBSERVACION DE RED
Estado monitor: OBSERVACION
IP remota: 138.97.177.156
Puerto remoto: 43991
IP local: 172.19.19.130
Puerto local: 58986
Estado TCP: ESTABLISHED
PID: 5712
Aplicacion: RvControlSvc
Veces vista: 188
Ya fue vista antes y sigue fuera de BASE.
Sigue en observacion con alertas controladas.
Requiere aprobacion manual para pasar a BASE.
2026-08-11 10:11:54 | OBSERVACION DE RED
Estado monitor: OBSERVACION
IP remota: 138.97.177.80
Puerto remoto: 53520
IP local: 172.19.19.130
Puerto local: 58989
Estado TCP: ESTABLISHED
PID: 5712
Aplicacion: RvControlSvc
Veces vista: 37
Ya fue vista antes y sigue fuera de BASE.
Sigue en observacion con alertas controladas.
Requiere aprobacion manual para pasar a BASE.
2026-08-11 10:11:54 | NUEVA CONEXION DETECTADA
Estado monitor: NUEVA
IP remota: 4.150.223.106
Puerto remoto: 443
IP local: 172.19.19.130
Puerto local: 63851
Estado TCP: ESTABLISHED
PID: 5544
Aplicacion: MpDefenderCoreService
Veces vista: 1
2026-08-11 10:11:54 | OBSERVACION DE RED
Estado monitor: OBSERVACION
Tipo: PUERTO EN ESCUCHA
IP local: 0.0.0.0
Puerto local: 135
Estado TCP: LISTENING
PID: 1808
Aplicacion: svchost
Veces vista: 3403
Ya fue vista antes y sigue fuera de BASE.
Sigue en observacion con alertas controladas.
Requiere aprobacion manual para pasar a BASE.
2026-08-11 10:11:54 | OBSERVACION DE RED
Estado monitor: OBSERVACION
Tipo: PUERTO EN ESCUCHA
IP local: 0.0.0.0
Puerto local: 445
Estado TCP: LISTENING
PID: 4
Aplicacion: System
Veces vista: 3403
Ya fue vista antes y sigue fuera de BASE.
Sigue en observacion con alertas controladas.
Requiere aprobacion manual para pasar a BASE.
2026-08-11 10:11:54 | OBSERVACION DE RED
Estado monitor: OBSERVACION
Tipo: PUERTO EN ESCUCHA
IP local: 0.0.0.0
Puerto local: 49664
Estado TCP: LISTENING
PID: 1516
Aplicacion: lsass
Veces vista: 3403
Ya fue vista antes y sigue fuera de BASE.
Sigue en observacion con alertas controladas.
Requiere aprobacion manual para pasar a BASE.
2026-08-11 10:11:54 | OBSERVACION DE RED
Estado monitor: OBSERVACION
Tipo: PUERTO EN ESCUCHA
IP local: 0.0.0.0
Puerto local: 49665
Estado TCP: LISTENING
PID: 1336
Aplicacion: wininit
Veces vista: 3403
Ya fue vista antes y sigue fuera de BASE.
Sigue en observacion con alertas controladas.
Requiere aprobacion manual para pasar a BASE.
2026-08-11 10:11:54 | OBSERVACION DE RED
Estado monitor: OBSERVACION
Tipo: PUERTO EN ESCUCHA
IP local: 0.0.0.0
Puerto local: 49666
Estado TCP: LISTENING
PID: 2520
Aplicacion: svchost
Veces vista: 3403
Ya fue vista antes y sigue fuera de BASE.
Sigue en observacion con alertas controladas.
Requiere aprobacion manual para pasar a BASE.
2026-08-11 10:11:54 | OBSERVACION DE RED
Estado monitor: OBSERVACION
Tipo: PUERTO EN ESCUCHA
IP local: 0.0.0.0
Puerto local: 49667
Estado TCP: LISTENING
PID: 3316
Aplicacion: svchost
Veces vista: 3403
Ya fue vista antes y sigue fuera de BASE.
Sigue en observacion con alertas controladas.
Requiere aprobacion manual para pasar a BASE.
2026-08-11 10:11:54 | OBSERVACION DE RED
Estado monitor: OBSERVACION
Tipo: PUERTO EN ESCUCHA
IP local: 0.0.0.0
Puerto local: 49668
Estado TCP: LISTENING
PID: 4872
Aplicacion: spoolsv
Veces vista: 3403
Ya fue vista antes y sigue fuera de BASE.
Sigue en observacion con alertas controladas.
Requiere aprobacion manual para pasar a BASE.
2026-08-11 10:11:54 | OBSERVACION DE RED
Estado monitor: OBSERVACION
Tipo: PUERTO EN ESCUCHA
IP local: 0.0.0.0
Puerto local: 49670
Estado TCP: LISTENING
PID: 1488
Aplicacion: services
Veces vista: 2140
Ya fue vista antes y sigue fuera de BASE.
Sigue en observacion con alertas controladas.
Requiere aprobacion manual para pasar a BASE.
2026-08-11 10:11:54 | OBSERVACION DE RED
Estado monitor: OBSERVACION
Tipo: PUERTO EN ESCUCHA
IP local: 0.0.0.0
Puerto local: 5040
Estado TCP: LISTENING
PID: 12640
Aplicacion: svchost
Veces vista: 3399
Ya fue vista antes y sigue fuera de BASE.
Sigue en observacion con alertas controladas.
Requiere aprobacion manual para pasar a BASE.
2026-08-11 10:11:54 | OBSERVACION DE RED
Estado monitor: OBSERVACION
Tipo: PUERTO EN ESCUCHA
IP local: 0.0.0.0
Puerto local: 63844
Estado TCP: LISTENING
PID: 5712
Aplicacion: RvControlSvc
Veces vista: 1
Sigue en observacion con alertas controladas.
Requiere aprobacion manual para pasar a BASE.
2026-08-11 10:11:54 | OBSERVACION DE RED
Estado monitor: OBSERVACION
Tipo: PUERTO EN ESCUCHA
IP local: 0.0.0.0
Puerto local: 7070
Estado TCP: LISTENING
PID: 5064
Aplicacion: AnyDesk
Veces vista: 2798
Ya fue vista antes y sigue fuera de BASE.
Sigue en observacion con alertas controladas.
Requiere aprobacion manual para pasar a BASE.
2026-08-11 10:11:54 | OBSERVACION DE RED
Estado monitor: OBSERVACION
Tipo: PUERTO EN ESCUCHA
IP local: 127.0.0.1
Puerto local: 5939
Estado TCP: LISTENING
PID: 5860
Aplicacion: TeamViewer_Service
Veces vista: 466
Ya fue vista antes y sigue fuera de BASE.
Sigue en observacion con alertas controladas.
Requiere aprobacion manual para pasar a BASE.
2026-08-11 10:11:54 | OBSERVACION DE RED
Estado monitor: OBSERVACION
Tipo: PUERTO EN ESCUCHA
IP local: 192.168.56.1
Puerto local: 139
Estado TCP: LISTENING
PID: 4
Aplicacion: System
Veces vista: 3401
Ya fue vista antes y sigue fuera de BASE.
Sigue en observacion con alertas controladas.
Requiere aprobacion manual para pasar a BASE.
2026-08-11 10:11:54 | OBSERVACION DE RED
Estado monitor: OBSERVACION
Tipo: PUERTO EN ESCUCHA
IP local: 26.137.80.247
Puerto local: 139
Estado TCP: LISTENING
PID: 4
Aplicacion: System
Veces vista: 3359
Ya fue vista antes y sigue fuera de BASE.
Sigue en observacion con alertas controladas.
Requiere aprobacion manual para pasar a BASE.
2026-08-11 10:11:57 | Escaneo completado. Conexiones=54 Alertas=1 Observaciones=23 LearningMode=False
2026-08-11 10:21:52 | OBSERVACION DE RED
Estado monitor: OBSERVACION
IP remota: 148.113.190.78
Puerto remoto: 17301
IP local: 172.19.19.130
Puerto local: 50063
Estado TCP: ESTABLISHED
PID: 5712
Aplicacion: RvControlSvc
Veces vista: 1018
Ya fue vista antes y sigue fuera de BASE.
Sigue en observacion con alertas controladas.
Requiere aprobacion manual para pasar a BASE.
2026-08-11 10:21:52 | OBSERVACION DE RED
Estado monitor: OBSERVACION
IP remota: 64.233.190.188
Puerto remoto: 5228
IP local: 172.19.19.130
Puerto local: 50804
Estado TCP: ESTABLISHED
PID: 19104
Aplicacion: chrome
Veces vista: 397
Ya fue vista antes y sigue fuera de BASE.
Sigue en observacion con alertas controladas.
Requiere aprobacion manual para pasar a BASE.
2026-08-11 10:21:52 | OBSERVACION DE RED
Estado monitor: OBSERVACION
IP remota: 172.19.19.122
Puerto remoto: 8009
IP local: 172.19.19.130
Puerto local: 53555
Estado TCP: ESTABLISHED
PID: 19104
Aplicacion: chrome
Veces vista: 73
Ya fue vista antes y sigue fuera de BASE.
Sigue en observacion con alertas controladas.
Requiere aprobacion manual para pasar a BASE.
2026-08-11 10:21:52 | OBSERVACION DE RED
Estado monitor: OBSERVACION
IP remota: 172.19.19.124
Puerto remoto: 9630
IP local: 172.19.19.130
Puerto local: 53773
Estado TCP: ESTABLISHED
PID: 5712
Aplicacion: RvControlSvc
Veces vista: 10
Ya fue vista antes y sigue fuera de BASE.
Sigue en observacion con alertas controladas.
Requiere aprobacion manual para pasar a BASE.
2026-08-11 10:21:52 | OBSERVACION DE RED
Estado monitor: OBSERVACION
IP remota: 138.97.177.104
Puerto remoto: 49688
IP local: 172.19.19.130
Puerto local: 58982
Estado TCP: ESTABLISHED
PID: 5712
Aplicacion: RvControlSvc
Veces vista: 102
Ya fue vista antes y sigue fuera de BASE.
Sigue en observacion con alertas controladas.
Requiere aprobacion manual para pasar a BASE.
2026-08-11 10:21:52 | OBSERVACION DE RED
Estado monitor: OBSERVACION
IP remota: 138.97.177.156
Puerto remoto: 3527
IP local: 172.19.19.130
Puerto local: 58984
Estado TCP: ESTABLISHED
PID: 5712
Aplicacion: RvControlSvc
Veces vista: 10
Ya fue vista antes y sigue fuera de BASE.
Sigue en observacion con alertas controladas.
Requiere aprobacion manual para pasar a BASE.
2026-08-11 10:21:52 | OBSERVACION DE RED
Estado monitor: OBSERVACION
IP remota: 138.97.177.156
Puerto remoto: 10493
IP local: 172.19.19.130
Puerto local: 58987
Estado TCP: ESTABLISHED
PID: 5712
Aplicacion: RvControlSvc
Veces vista: 10
Ya fue vista antes y sigue fuera de BASE.
Sigue en observacion con alertas controladas.
Requiere aprobacion manual para pasar a BASE.
2026-08-11 10:21:52 | OBSERVACION DE RED
Estado monitor: OBSERVACION
IP remota: 138.97.177.156
Puerto remoto: 49708
IP local: 172.19.19.130
Puerto local: 58993
Estado TCP: ESTABLISHED
PID: 5712
Aplicacion: RvControlSvc
Veces vista: 48
Ya fue vista antes y sigue fuera de BASE.
Sigue en observacion con alertas controladas.
Requiere aprobacion manual para pasar a BASE.
2026-08-11 10:21:52 | OBSERVACION DE RED
Estado monitor: OBSERVACION
IP remota: 172.19.19.196
Puerto remoto: 60624
IP local: 172.19.19.130
Puerto local: 59043
Estado TCP: ESTABLISHED
PID: 5712
Aplicacion: RvControlSvc
Veces vista: 10
Ya fue vista antes y sigue fuera de BASE.
Sigue en observacion con alertas controladas.
Requiere aprobacion manual para pasar a BASE.
2026-08-11 10:21:52 | OBSERVACION DE RED
Estado monitor: OBSERVACION
IP remota: 79.127.252.110
Puerto remoto: 443
IP local: 172.19.19.130
Puerto local: 60683
Estado TCP: ESTABLISHED
PID: 5064
Aplicacion: AnyDesk
Veces vista: 98
Ya fue vista antes y sigue fuera de BASE.
Sigue en observacion con alertas controladas.
Requiere aprobacion manual para pasar a BASE.
2026-08-11 10:21:52 | OBSERVACION DE RED
Estado monitor: OBSERVACION
Tipo: PUERTO EN ESCUCHA
IP local: 0.0.0.0
Puerto local: 54037
Estado TCP: LISTENING
PID: 5712
Aplicacion: RvControlSvc
Veces vista: 1
Sigue en observacion con alertas controladas.
Requiere aprobacion manual para pasar a BASE.
2026-08-11 10:21:52 | OBSERVACION DE RED
Estado monitor: OBSERVACION
Tipo: PUERTO EN ESCUCHA
IP local: 172.19.19.130
Puerto local: 139
Estado TCP: LISTENING
PID: 4
Aplicacion: System
Veces vista: 38
Ya fue vista antes y sigue fuera de BASE.
Sigue en observacion con alertas controladas.
Requiere aprobacion manual para pasar a BASE.
2026-08-11 10:21:52 | OBSERVACION DE RED
Estado monitor: OBSERVACION
Tipo: PUERTO EN ESCUCHA
IP local: 172.19.19.130
Puerto local: 50063
Estado TCP: LISTENING
PID: 5712
Aplicacion: RvControlSvc
Veces vista: 10
Ya fue vista antes y sigue fuera de BASE.
Sigue en observacion con alertas controladas.
Requiere aprobacion manual para pasar a BASE.
2026-08-11 10:21:55 | Escaneo completado. Conexiones=47 Alertas=1 Observaciones=13 LearningMode=False
2026-08-11 10:31:56 | OBSERVACION DE RED
Estado monitor: OBSERVACION
IP remota: 216.150.1.193
Puerto remoto: 443
IP local: 172.19.19.130
Puerto local: 50796
Estado TCP: ESTABLISHED
PID: 19104
Aplicacion: chrome
Veces vista: 172
Ya fue vista antes y sigue fuera de BASE.
Sigue en observacion con alertas controladas.
Requiere aprobacion manual para pasar a BASE.
2026-08-11 10:31:56 | OBSERVACION DE RED
Estado monitor: OBSERVACION
IP remota: 172.217.192.188
Puerto remoto: 5228
IP local: 172.19.19.130
Puerto local: 51486
Estado TCP: ESTABLISHED
PID: 19104
Aplicacion: chrome
Veces vista: 666
Ya fue vista antes y sigue fuera de BASE.
Sigue en observacion con alertas controladas.
Requiere aprobacion manual para pasar a BASE.
2026-08-11 10:31:56 | OBSERVACION DE RED
Estado monitor: OBSERVACION
IP remota: 172.19.19.128
Puerto remoto: 49448
IP local: 172.19.19.130
Puerto local: 53591
Estado TCP: ESTABLISHED
PID: 5712
Aplicacion: RvControlSvc
Veces vista: 4
Ya fue vista antes y sigue fuera de BASE.
Sigue en observacion con alertas controladas.
Requiere aprobacion manual para pasar a BASE.
2026-08-11 10:31:56 | OBSERVACION DE RED
Estado monitor: OBSERVACION
IP remota: 190.122.183.105
Puerto remoto: 57028
IP local: 172.19.19.130
Puerto local: 54604
Estado TCP: ESTABLISHED
PID: 5712
Aplicacion: RvControlSvc
Veces vista: 20
Ya fue vista antes y sigue fuera de BASE.
Sigue en observacion con alertas controladas.
Requiere aprobacion manual para pasar a BASE.
2026-08-11 10:31:56 | OBSERVACION DE RED
Estado monitor: OBSERVACION
IP remota: 138.97.177.150
Puerto remoto: 60919
IP local: 172.19.19.130
Puerto local: 56405
Estado TCP: ESTABLISHED
PID: 5712
Aplicacion: RvControlSvc
Veces vista: 10
Ya fue vista antes y sigue fuera de BASE.
Sigue en observacion con alertas controladas.
Requiere aprobacion manual para pasar a BASE.
2026-08-11 10:31:56 | OBSERVACION DE RED
Estado monitor: OBSERVACION
IP remota: 34.149.66.163
Puerto remoto: 443
IP local: 172.19.19.130
Puerto local: 57367
Estado TCP: ESTABLISHED
PID: 19104
Aplicacion: chrome
Veces vista: 81
Ya fue vista antes y sigue fuera de BASE.
Sigue en observacion con alertas controladas.
Requiere aprobacion manual para pasar a BASE.
2026-08-11 10:31:56 | OBSERVACION DE RED
Estado monitor: OBSERVACION
IP remota: 172.217.114.4
Puerto remoto: 443
IP local: 172.19.19.130
Puerto local: 64844
Estado TCP: ESTABLISHED
PID: 19104
Aplicacion: chrome
Veces vista: 37
Ya fue vista antes y sigue fuera de BASE.
Sigue en observacion con alertas controladas.
Requiere aprobacion manual para pasar a BASE.
2026-08-11 10:32:13 | Escaneo completado. Conexiones=56 Alertas=1 Observaciones=7 LearningMode=False
2026-08-11 10:41:57 | OBSERVACION DE RED
Estado monitor: OBSERVACION
IP remota: 172.19.19.128
Puerto remoto: 63299
IP local: 172.19.19.130
Puerto local: 49950
Estado TCP: ESTABLISHED
PID: 5712
Aplicacion: RvControlSvc
Veces vista: 1
Sigue en observacion con alertas controladas.
Requiere aprobacion manual para pasar a BASE.
2026-08-11 10:41:57 | OBSERVACION DE RED
Estado monitor: OBSERVACION
IP remota: 20.184.175.18
Puerto remoto: 443
IP local: 172.19.19.130
Puerto local: 49959
Estado TCP: ESTABLISHED
PID: 5544
Aplicacion: MpDefenderCoreService
Veces vista: 7
Ya fue vista antes y sigue fuera de BASE.
Sigue en observacion con alertas controladas.
Requiere aprobacion manual para pasar a BASE.
2026-08-11 10:41:57 | OBSERVACION DE RED
Estado monitor: OBSERVACION
IP remota: 45.162.230.182
Puerto remoto: 17351
IP local: 172.19.19.130
Puerto local: 49962
Estado TCP: ESTABLISHED
PID: 5712
Aplicacion: RvControlSvc
Veces vista: 2227
Ya fue vista antes y sigue fuera de BASE.
Sigue en observacion con alertas controladas.
Requiere aprobacion manual para pasar a BASE.
2026-08-11 10:41:57 | OBSERVACION DE RED
Estado monitor: OBSERVACION
IP remota: 138.97.176.236
Puerto remoto: 443
IP local: 172.19.19.130
Puerto local: 51969
Estado TCP: ESTABLISHED
PID: 19104
Aplicacion: chrome
Veces vista: 15
Ya fue vista antes y sigue fuera de BASE.
Sigue en observacion con alertas controladas.
Requiere aprobacion manual para pasar a BASE.
2026-08-11 10:41:57 | OBSERVACION DE RED
Estado monitor: OBSERVACION
IP remota: 142.251.129.46
Puerto remoto: 443
IP local: 172.19.19.130
Puerto local: 52965
Estado TCP: ESTABLISHED
PID: 19104
Aplicacion: chrome
Veces vista: 199
Ya fue vista antes y sigue fuera de BASE.
Sigue en observacion con alertas controladas.
Requiere aprobacion manual para pasar a BASE.
2026-08-11 10:41:57 | OBSERVACION DE RED
Estado monitor: OBSERVACION
IP remota: 64.233.186.188
Puerto remoto: 5228
IP local: 172.19.19.130
Puerto local: 53983
Estado TCP: ESTABLISHED
PID: 19104
Aplicacion: chrome
Veces vista: 713
Ya fue vista antes y sigue fuera de BASE.
Sigue en observacion con alertas controladas.
Requiere aprobacion manual para pasar a BASE.
2026-08-11 10:41:57 | OBSERVACION DE RED
Estado monitor: OBSERVACION
IP remota: 54.186.23.98
Puerto remoto: 443
IP local: 172.19.19.130
Puerto local: 55670
Estado TCP: ESTABLISHED
PID: 19104
Aplicacion: chrome
Veces vista: 27
Ya fue vista antes y sigue fuera de BASE.
Sigue en observacion con alertas controladas.
Requiere aprobacion manual para pasar a BASE.
2026-08-11 10:41:57 | OBSERVACION DE RED
Estado monitor: OBSERVACION
IP remota: 200.42.122.18
Puerto remoto: 443
IP local: 172.19.19.130
Puerto local: 55671
Estado TCP: ESTABLISHED
PID: 16228
Aplicacion: mc-dad
Veces vista: 3
Ya fue vista antes y sigue fuera de BASE.
Sigue en observacion con alertas controladas.
Requiere aprobacion manual para pasar a BASE.
2026-08-11 10:41:57 | OBSERVACION DE RED
Estado monitor: OBSERVACION
IP remota: 207.248.126.253
Puerto remoto: 56353
IP local: 172.19.19.130
Puerto local: 56289
Estado TCP: ESTABLISHED
PID: 5712
Aplicacion: RvControlSvc
Veces vista: 99
Ya fue vista antes y sigue fuera de BASE.
Sigue en observacion con alertas controladas.
Requiere aprobacion manual para pasar a BASE.
2026-08-11 10:41:57 | OBSERVACION DE RED
Estado monitor: OBSERVACION
IP remota: 138.97.177.156
Puerto remoto: 43991
IP local: 172.19.19.130
Puerto local: 56290
Estado TCP: ESTABLISHED
PID: 5712
Aplicacion: RvControlSvc
Veces vista: 191
Ya fue vista antes y sigue fuera de BASE.
Sigue en observacion con alertas controladas.
Requiere aprobacion manual para pasar a BASE.
2026-08-11 10:41:57 | OBSERVACION DE RED
Estado monitor: OBSERVACION
IP remota: 172.217.118.4
Puerto remoto: 443
IP local: 172.19.19.130
Puerto local: 59065
Estado TCP: ESTABLISHED
PID: 19104
Aplicacion: chrome
Veces vista: 49
Ya fue vista antes y sigue fuera de BASE.
Sigue en observacion con alertas controladas.
Requiere aprobacion manual para pasar a BASE.
2026-08-11 10:41:57 | OBSERVACION DE RED
Estado monitor: OBSERVACION
IP remota: 142.251.156.4
Puerto remoto: 443
IP local: 172.19.19.130
Puerto local: 59875
Estado TCP: ESTABLISHED
PID: 19104
Aplicacion: chrome
Veces vista: 2
Ya fue vista antes y sigue fuera de BASE.
Sigue en observacion con alertas controladas.
Requiere aprobacion manual para pasar a BASE.
2026-08-11 10:41:57 | OBSERVACION DE RED
Estado monitor: OBSERVACION
IP remota: 57.144.207.32
Puerto remoto: 5222
IP local: 172.19.19.130
Puerto local: 61083
Estado TCP: ESTABLISHED
PID: 19104
Aplicacion: chrome
Veces vista: 125
Ya fue vista antes y sigue fuera de BASE.
Sigue en observacion con alertas controladas.
Requiere aprobacion manual para pasar a BASE.
2026-08-11 10:41:57 | OBSERVACION DE RED
Estado monitor: OBSERVACION
IP remota: 34.160.81.0
Puerto remoto: 443
IP local: 172.19.19.130
Puerto local: 62439
Estado TCP: ESTABLISHED
PID: 19104
Aplicacion: chrome
Veces vista: 55
Ya fue vista antes y sigue fuera de BASE.
Sigue en observacion con alertas controladas.
Requiere aprobacion manual para pasar a BASE.
2026-08-11 10:41:57 | OBSERVACION DE RED
Estado monitor: OBSERVACION
Tipo: PUERTO EN ESCUCHA
IP local: 0.0.0.0
Puerto local: 135
Estado TCP: LISTENING
PID: 1808
Aplicacion: svchost
Veces vista: 3406
Ya fue vista antes y sigue fuera de BASE.
Sigue en observacion con alertas controladas.
Requiere aprobacion manual para pasar a BASE.
2026-08-11 10:41:57 | OBSERVACION DE RED
Estado monitor: OBSERVACION
Tipo: PUERTO EN ESCUCHA
IP local: 0.0.0.0
Puerto local: 445
Estado TCP: LISTENING
PID: 4
Aplicacion: System
Veces vista: 3406
Ya fue vista antes y sigue fuera de BASE.
Sigue en observacion con alertas controladas.
Requiere aprobacion manual para pasar a BASE.
2026-08-11 10:41:57 | OBSERVACION DE RED
Estado monitor: OBSERVACION
Tipo: PUERTO EN ESCUCHA
IP local: 0.0.0.0
Puerto local: 49664
Estado TCP: LISTENING
PID: 1516
Aplicacion: lsass
Veces vista: 3406
Ya fue vista antes y sigue fuera de BASE.
Sigue en observacion con alertas controladas.
Requiere aprobacion manual para pasar a BASE.
2026-08-11 10:41:57 | OBSERVACION DE RED
Estado monitor: OBSERVACION
Tipo: PUERTO EN ESCUCHA
IP local: 0.0.0.0
Puerto local: 49665
Estado TCP: LISTENING
PID: 1336
Aplicacion: wininit
Veces vista: 3406
Ya fue vista antes y sigue fuera de BASE.
Sigue en observacion con alertas controladas.
Requiere aprobacion manual para pasar a BASE.
2026-08-11 10:41:57 | OBSERVACION DE RED
Estado monitor: OBSERVACION
Tipo: PUERTO EN ESCUCHA
IP local: 0.0.0.0
Puerto local: 49666
Estado TCP: LISTENING
PID: 2520
Aplicacion: svchost
Veces vista: 3406
Ya fue vista antes y sigue fuera de BASE.
Sigue en observacion con alertas controladas.
Requiere aprobacion manual para pasar a BASE.
2026-08-11 10:41:57 | OBSERVACION DE RED
Estado monitor: OBSERVACION
Tipo: PUERTO EN ESCUCHA
IP local: 0.0.0.0
Puerto local: 49667
Estado TCP: LISTENING
PID: 3316
Aplicacion: svchost
Veces vista: 3406
Ya fue vista antes y sigue fuera de BASE.
Sigue en observacion con alertas controladas.
Requiere aprobacion manual para pasar a BASE.
2026-08-11 10:41:57 | OBSERVACION DE RED
Estado monitor: OBSERVACION
Tipo: PUERTO EN ESCUCHA
IP local: 0.0.0.0
Puerto local: 49668
Estado TCP: LISTENING
PID: 4872
Aplicacion: spoolsv
Veces vista: 3406
Ya fue vista antes y sigue fuera de BASE.
Sigue en observacion con alertas controladas.
Requiere aprobacion manual para pasar a BASE.
2026-08-11 10:41:57 | OBSERVACION DE RED
Estado monitor: OBSERVACION
Tipo: PUERTO EN ESCUCHA
IP local: 0.0.0.0
Puerto local: 49670
Estado TCP: LISTENING
PID: 1488
Aplicacion: services
Veces vista: 2143
Ya fue vista antes y sigue fuera de BASE.
Sigue en observacion con alertas controladas.
Requiere aprobacion manual para pasar a BASE.
2026-08-11 10:41:57 | OBSERVACION DE RED
Estado monitor: OBSERVACION
Tipo: PUERTO EN ESCUCHA
IP local: 0.0.0.0
Puerto local: 49906
Estado TCP: LISTENING
PID: 5712
Aplicacion: RvControlSvc
Veces vista: 1
Sigue en observacion con alertas controladas.
Requiere aprobacion manual para pasar a BASE.
2026-08-11 10:41:57 | OBSERVACION DE RED
Estado monitor: OBSERVACION
Tipo: PUERTO EN ESCUCHA
IP local: 0.0.0.0
Puerto local: 49960
Estado TCP: LISTENING
PID: 5712
Aplicacion: RvControlSvc
Veces vista: 1
Sigue en observacion con alertas controladas.
Requiere aprobacion manual para pasar a BASE.
2026-08-11 10:41:57 | OBSERVACION DE RED
Estado monitor: OBSERVACION
Tipo: PUERTO EN ESCUCHA
IP local: 0.0.0.0
Puerto local: 5040
Estado TCP: LISTENING
PID: 12640
Aplicacion: svchost
Veces vista: 3402
Ya fue vista antes y sigue fuera de BASE.
Sigue en observacion con alertas controladas.
Requiere aprobacion manual para pasar a BASE.
2026-08-11 10:41:57 | OBSERVACION DE RED
Estado monitor: OBSERVACION
Tipo: PUERTO EN ESCUCHA
IP local: 0.0.0.0
Puerto local: 51970
Estado TCP: LISTENING
PID: 5712
Aplicacion: RvControlSvc
Veces vista: 2
Ya fue vista antes y sigue fuera de BASE.
Sigue en observacion con alertas controladas.
Requiere aprobacion manual para pasar a BASE.
2026-08-11 10:41:57 | OBSERVACION DE RED
Estado monitor: OBSERVACION
Tipo: PUERTO EN ESCUCHA
IP local: 0.0.0.0
Puerto local: 52000
Estado TCP: LISTENING
PID: 5712
Aplicacion: RvControlSvc
Veces vista: 1
Sigue en observacion con alertas controladas.
Requiere aprobacion manual para pasar a BASE.
2026-08-11 10:41:57 | OBSERVACION DE RED
Estado monitor: OBSERVACION
Tipo: PUERTO EN ESCUCHA
IP local: 0.0.0.0
Puerto local: 55672
Estado TCP: LISTENING
PID: 5712
Aplicacion: RvControlSvc
Veces vista: 1
Sigue en observacion con alertas controladas.
Requiere aprobacion manual para pasar a BASE.
2026-08-11 10:41:57 | OBSERVACION DE RED
Estado monitor: OBSERVACION
Tipo: PUERTO EN ESCUCHA
IP local: 0.0.0.0
Puerto local: 59195
Estado TCP: LISTENING
PID: 5712
Aplicacion: RvControlSvc
Veces vista: 1
Sigue en observacion con alertas controladas.
Requiere aprobacion manual para pasar a BASE.
2026-08-11 10:41:57 | OBSERVACION DE RED
Estado monitor: OBSERVACION
Tipo: PUERTO EN ESCUCHA
IP local: 0.0.0.0
Puerto local: 59202
Estado TCP: LISTENING
PID: 5712
Aplicacion: RvControlSvc
Veces vista: 1
Sigue en observacion con alertas controladas.
Requiere aprobacion manual para pasar a BASE.
2026-08-11 10:41:57 | OBSERVACION DE RED
Estado monitor: OBSERVACION
Tipo: PUERTO EN ESCUCHA
IP local: 0.0.0.0
Puerto local: 65091
Estado TCP: LISTENING
PID: 5712
Aplicacion: RvControlSvc
Veces vista: 1
Sigue en observacion con alertas controladas.
Requiere aprobacion manual para pasar a BASE.
2026-08-11 10:41:57 | OBSERVACION DE RED
Estado monitor: OBSERVACION
Tipo: PUERTO EN ESCUCHA
IP local: 0.0.0.0
Puerto local: 7070
Estado TCP: LISTENING
PID: 5064
Aplicacion: AnyDesk
Veces vista: 2801
Ya fue vista antes y sigue fuera de BASE.
Sigue en observacion con alertas controladas.
Requiere aprobacion manual para pasar a BASE.
2026-08-11 10:41:57 | OBSERVACION DE RED
Estado monitor: OBSERVACION
Tipo: PUERTO EN ESCUCHA
IP local: 127.0.0.1
Puerto local: 5939
Estado TCP: LISTENING
PID: 5860
Aplicacion: TeamViewer_Service
Veces vista: 469
Ya fue vista antes y sigue fuera de BASE.
Sigue en observacion con alertas controladas.
Requiere aprobacion manual para pasar a BASE.
2026-08-11 10:41:57 | OBSERVACION DE RED
Estado monitor: OBSERVACION
Tipo: PUERTO EN ESCUCHA
IP local: 172.19.19.130
Puerto local: 49957
Estado TCP: LISTENING
PID: 5712
Aplicacion: RvControlSvc
Veces vista: 1
Sigue en observacion con alertas controladas.
Requiere aprobacion manual para pasar a BASE.
2026-08-11 10:41:57 | OBSERVACION DE RED
Estado monitor: OBSERVACION
Tipo: PUERTO EN ESCUCHA
IP local: 172.19.19.130
Puerto local: 49958
Estado TCP: LISTENING
PID: 5712
Aplicacion: RvControlSvc
Veces vista: 1
Sigue en observacion con alertas controladas.
Requiere aprobacion manual para pasar a BASE.
2026-08-11 10:41:57 | OBSERVACION DE RED
Estado monitor: OBSERVACION
Tipo: PUERTO EN ESCUCHA
IP local: 172.19.19.130
Puerto local: 54691
Estado TCP: LISTENING
PID: 5712
Aplicacion: RvControlSvc
Veces vista: 1
Sigue en observacion con alertas controladas.
Requiere aprobacion manual para pasar a BASE.
2026-08-11 10:41:57 | OBSERVACION DE RED
Estado monitor: OBSERVACION
Tipo: PUERTO EN ESCUCHA
IP local: 172.19.19.130
Puerto local: 54692
Estado TCP: LISTENING
PID: 5712
Aplicacion: RvControlSvc
Veces vista: 1
Sigue en observacion con alertas controladas.
Requiere aprobacion manual para pasar a BASE.
2026-08-11 10:41:57 | OBSERVACION DE RED
Estado monitor: OBSERVACION
Tipo: PUERTO EN ESCUCHA
IP local: 172.19.19.130
Puerto local: 56288
Estado TCP: LISTENING
PID: 5712
Aplicacion: RvControlSvc
Veces vista: 1
Sigue en observacion con alertas controladas.
Requiere aprobacion manual para pasar a BASE.
2026-08-11 10:41:57 | OBSERVACION DE RED
Estado monitor: OBSERVACION
Tipo: PUERTO EN ESCUCHA
IP local: 172.19.19.130
Puerto local: 56289
Estado TCP: LISTENING
PID: 5712
Aplicacion: RvControlSvc
Veces vista: 1
Sigue en observacion con alertas controladas.
Requiere aprobacion manual para pasar a BASE.
2026-08-11 10:41:57 | OBSERVACION DE RED
Estado monitor: OBSERVACION
Tipo: PUERTO EN ESCUCHA
IP local: 172.19.19.130
Puerto local: 56290
Estado TCP: LISTENING
PID: 5712
Aplicacion: RvControlSvc
Veces vista: 1
Sigue en observacion con alertas controladas.
Requiere aprobacion manual para pasar a BASE.
2026-08-11 10:41:57 | OBSERVACION DE RED
Estado monitor: OBSERVACION
Tipo: PUERTO EN ESCUCHA
IP local: 172.19.19.130
Puerto local: 63809
Estado TCP: LISTENING
PID: 5712
Aplicacion: RvControlSvc
Veces vista: 1
Sigue en observacion con alertas controladas.
Requiere aprobacion manual para pasar a BASE.
2026-08-11 10:41:57 | OBSERVACION DE RED
Estado monitor: OBSERVACION
Tipo: PUERTO EN ESCUCHA
IP local: 192.168.56.1
Puerto local: 139
Estado TCP: LISTENING
PID: 4
Aplicacion: System
Veces vista: 3404
Ya fue vista antes y sigue fuera de BASE.
Sigue en observacion con alertas controladas.
Requiere aprobacion manual para pasar a BASE.
2026-08-11 10:41:57 | OBSERVACION DE RED
Estado monitor: OBSERVACION
Tipo: PUERTO EN ESCUCHA
IP local: 26.137.80.247
Puerto local: 139
Estado TCP: LISTENING
PID: 4
Aplicacion: System
Veces vista: 3362
Ya fue vista antes y sigue fuera de BASE.
Sigue en observacion con alertas controladas.
Requiere aprobacion manual para pasar a BASE.
2026-08-11 10:42:01 | Escaneo completado. Conexiones=125 Alertas=0 Observaciones=43 LearningMode=False
2026-08-11 10:51:58 | OBSERVACION DE RED
Estado monitor: OBSERVACION
IP remota: 138.97.177.156
Puerto remoto: 3527
IP local: 172.19.19.130
Puerto local: 54691
Estado TCP: ESTABLISHED
PID: 5712
Aplicacion: RvControlSvc
Veces vista: 13
Ya fue vista antes y sigue fuera de BASE.
Sigue en observacion con alertas controladas.
Requiere aprobacion manual para pasar a BASE.
2026-08-11 10:51:58 | OBSERVACION DE RED
Estado monitor: OBSERVACION
IP remota: 172.19.19.124
Puerto remoto: 4649
IP local: 172.19.19.130
Puerto local: 54998
Estado TCP: ESTABLISHED
PID: 5712
Aplicacion: RvControlSvc
Veces vista: 1
Sigue en observacion con alertas controladas.
Requiere aprobacion manual para pasar a BASE.
2026-08-11 10:51:58 | OBSERVACION DE RED
Estado monitor: OBSERVACION
IP remota: 168.90.73.130
Puerto remoto: 55558
IP local: 172.19.19.130
Puerto local: 55004
Estado TCP: ESTABLISHED
PID: 5712
Aplicacion: RvControlSvc
Veces vista: 167
Ya fue vista antes y sigue fuera de BASE.
Sigue en observacion con alertas controladas.
Requiere aprobacion manual para pasar a BASE.
2026-08-11 10:51:58 | OBSERVACION DE RED
Estado monitor: OBSERVACION
IP remota: 172.19.19.196
Puerto remoto: 64642
IP local: 172.19.19.130
Puerto local: 55020
Estado TCP: ESTABLISHED
PID: 5712
Aplicacion: RvControlSvc
Veces vista: 1
Sigue en observacion con alertas controladas.
Requiere aprobacion manual para pasar a BASE.
2026-08-11 10:51:58 | OBSERVACION DE RED
Estado monitor: OBSERVACION
IP remota: 148.113.190.78
Puerto remoto: 17301
IP local: 172.19.19.130
Puerto local: 55045
Estado TCP: ESTABLISHED
PID: 5712
Aplicacion: RvControlSvc
Veces vista: 1023
Ya fue vista antes y sigue fuera de BASE.
Sigue en observacion con alertas controladas.
Requiere aprobacion manual para pasar a BASE.
2026-08-11 10:51:58 | OBSERVACION DE RED
Estado monitor: OBSERVACION
IP remota: 190.122.181.20
Puerto remoto: 53092
IP local: 172.19.19.130
Puerto local: 55047
Estado TCP: ESTABLISHED
PID: 5712
Aplicacion: RvControlSvc
Veces vista: 1
Sigue en observacion con alertas controladas.
Requiere aprobacion manual para pasar a BASE.
2026-08-11 10:51:58 | OBSERVACION DE RED
Estado monitor: OBSERVACION
IP remota: 138.97.177.156
Puerto remoto: 64112
IP local: 172.19.19.130
Puerto local: 55049
Estado TCP: ESTABLISHED
PID: 5712
Aplicacion: RvControlSvc
Veces vista: 1
Sigue en observacion con alertas controladas.
Requiere aprobacion manual para pasar a BASE.
2026-08-11 10:51:58 | OBSERVACION DE RED
Estado monitor: OBSERVACION
IP remota: 138.97.177.156
Puerto remoto: 59536
IP local: 172.19.19.130
Puerto local: 55050
Estado TCP: ESTABLISHED
PID: 5712
Aplicacion: RvControlSvc
Veces vista: 1
Sigue en observacion con alertas controladas.
Requiere aprobacion manual para pasar a BASE.
2026-08-11 10:51:58 | OBSERVACION DE RED
Estado monitor: OBSERVACION
IP remota: 189.1.174.47
Puerto remoto: 443
IP local: 172.19.19.130
Puerto local: 55117
Estado TCP: ESTABLISHED
PID: 5064
Aplicacion: AnyDesk
Veces vista: 42
Ya fue vista antes y sigue fuera de BASE.
Sigue en observacion con alertas controladas.
Requiere aprobacion manual para pasar a BASE.
2026-08-11 10:51:58 | OBSERVACION DE RED
Estado monitor: OBSERVACION
IP remota: 172.217.192.84
Puerto remoto: 443
IP local: 172.19.19.130
Puerto local: 55410
Estado TCP: ESTABLISHED
PID: 19104
Aplicacion: chrome
Veces vista: 290
Ya fue vista antes y sigue fuera de BASE.
Sigue en observacion con alertas controladas.
Requiere aprobacion manual para pasar a BASE.
2026-08-11 10:51:58 | OBSERVACION DE RED
Estado monitor: OBSERVACION
IP remota: 138.97.177.80
Puerto remoto: 53520
IP local: 172.19.19.130
Puerto local: 58965
Estado TCP: ESTABLISHED
PID: 5712
Aplicacion: RvControlSvc
Veces vista: 40
Ya fue vista antes y sigue fuera de BASE.
Sigue en observacion con alertas controladas.
Requiere aprobacion manual para pasar a BASE.
2026-08-11 10:51:58 | OBSERVACION DE RED
Estado monitor: OBSERVACION
IP remota: 142.251.134.193
Puerto remoto: 443
IP local: 172.19.19.130
Puerto local: 61443
Estado TCP: ESTABLISHED
PID: 19104
Aplicacion: chrome
Veces vista: 26
Ya fue vista antes y sigue fuera de BASE.
Sigue en observacion con alertas controladas.
Requiere aprobacion manual para pasar a BASE.
2026-08-11 10:51:58 | OBSERVACION DE RED
Estado monitor: OBSERVACION
IP remota: 54.187.119.242
Puerto remoto: 443
IP local: 172.19.19.130
Puerto local: 61884
Estado TCP: ESTABLISHED
PID: 19104
Aplicacion: chrome
Veces vista: 30
Ya fue vista antes y sigue fuera de BASE.
Sigue en observacion con alertas controladas.
Requiere aprobacion manual para pasar a BASE.
2026-08-11 10:51:58 | OBSERVACION DE RED
Estado monitor: OBSERVACION
IP remota: 172.19.19.122
Puerto remoto: 8009
IP local: 172.19.19.130
Puerto local: 63410
Estado TCP: ESTABLISHED
PID: 19104
Aplicacion: chrome
Veces vista: 75
Ya fue vista antes y sigue fuera de BASE.
Sigue en observacion con alertas controladas.
Requiere aprobacion manual para pasar a BASE.
2026-08-11 10:51:58 | OBSERVACION DE RED
Estado monitor: OBSERVACION
IP remota: 138.97.177.156
Puerto remoto: 49708
IP local: 172.19.19.130
Puerto local: 63422
Estado TCP: ESTABLISHED
PID: 5712
Aplicacion: RvControlSvc
Veces vista: 50
Ya fue vista antes y sigue fuera de BASE.
Sigue en observacion con alertas controladas.
Requiere aprobacion manual para pasar a BASE.
2026-08-11 10:51:58 | OBSERVACION DE RED
Estado monitor: OBSERVACION
IP remota: 138.97.177.156
Puerto remoto: 10493
IP local: 172.19.19.130
Puerto local: 63448
Estado TCP: ESTABLISHED
PID: 5712
Aplicacion: RvControlSvc
Veces vista: 12
Ya fue vista antes y sigue fuera de BASE.
Sigue en observacion con alertas controladas.
Requiere aprobacion manual para pasar a BASE.
2026-08-11 10:51:58 | OBSERVACION DE RED
Estado monitor: OBSERVACION
IP remota: 138.97.177.20
Puerto remoto: 50991
IP local: 172.19.19.130
Puerto local: 65465
Estado TCP: ESTABLISHED
PID: 5712
Aplicacion: RvControlSvc
Veces vista: 222
Ya fue vista antes y sigue fuera de BASE.
Sigue en observacion con alertas controladas.
Requiere aprobacion manual para pasar a BASE.
2026-08-11 10:51:58 | OBSERVACION DE RED
Estado monitor: OBSERVACION
Tipo: PUERTO EN ESCUCHA
IP local: 0.0.0.0
Puerto local: 54037
Estado TCP: LISTENING
PID: 5712
Aplicacion: RvControlSvc
Veces vista: 4
Ya fue vista antes y sigue fuera de BASE.
Sigue en observacion con alertas controladas.
Requiere aprobacion manual para pasar a BASE.
2026-08-11 10:51:58 | OBSERVACION DE RED
Estado monitor: OBSERVACION
Tipo: PUERTO EN ESCUCHA
IP local: 172.19.19.130
Puerto local: 139
Estado TCP: LISTENING
PID: 4
Aplicacion: System
Veces vista: 41
Ya fue vista antes y sigue fuera de BASE.
Sigue en observacion con alertas controladas.
Requiere aprobacion manual para pasar a BASE.
2026-08-11 10:51:58 | OBSERVACION DE RED
Estado monitor: OBSERVACION
Tipo: PUERTO EN ESCUCHA
IP local: 172.19.19.130
Puerto local: 55045
Estado TCP: LISTENING
PID: 5712
Aplicacion: RvControlSvc
Veces vista: 1
Sigue en observacion con alertas controladas.
Requiere aprobacion manual para pasar a BASE.
2026-08-11 10:52:01 | Escaneo completado. Conexiones=60 Alertas=1 Observaciones=20 LearningMode=False
2026-08-11 11:02:00 | OBSERVACION DE RED
Estado monitor: OBSERVACION
IP remota: 142.251.128.34
Puerto remoto: 443
IP local: 172.19.19.130
Puerto local: 52928
Estado TCP: ESTABLISHED
PID: 19104
Aplicacion: chrome
Veces vista: 44
Ya fue vista antes y sigue fuera de BASE.
Sigue en observacion con alertas controladas.
Requiere aprobacion manual para pasar a BASE.
2026-08-11 11:02:00 | OBSERVACION DE RED
Estado monitor: OBSERVACION
IP remota: 142.251.150.2
Puerto remoto: 443
IP local: 172.19.19.130
Puerto local: 54539
Estado TCP: ESTABLISHED
PID: 19104
Aplicacion: chrome
Veces vista: 12
Ya fue vista antes y sigue fuera de BASE.
Sigue en observacion con alertas controladas.
Requiere aprobacion manual para pasar a BASE.
2026-08-11 11:02:00 | OBSERVACION DE RED
Estado monitor: OBSERVACION
IP remota: 142.251.134.194
Puerto remoto: 443
IP local: 172.19.19.130
Puerto local: 54593
Estado TCP: ESTABLISHED
PID: 19104
Aplicacion: chrome
Veces vista: 38
Ya fue vista antes y sigue fuera de BASE.
Sigue en observacion con alertas controladas.
Requiere aprobacion manual para pasar a BASE.
2026-08-11 11:02:00 | OBSERVACION DE RED
Estado monitor: OBSERVACION
IP remota: 138.97.177.150
Puerto remoto: 60919
IP local: 172.19.19.130
Puerto local: 63809
Estado TCP: ESTABLISHED
PID: 5712
Aplicacion: RvControlSvc
Veces vista: 13
Ya fue vista antes y sigue fuera de BASE.
Sigue en observacion con alertas controladas.
Requiere aprobacion manual para pasar a BASE.
2026-08-11 11:02:00 | OBSERVACION DE RED
Estado monitor: OBSERVACION
IP remota: 138.97.177.104
Puerto remoto: 49688
IP local: 172.19.19.130
Puerto local: 64057
Estado TCP: ESTABLISHED
PID: 5712
Aplicacion: RvControlSvc
Veces vista: 104
Ya fue vista antes y sigue fuera de BASE.
Sigue en observacion con alertas controladas.
Requiere aprobacion manual para pasar a BASE.
2026-08-11 11:02:00 | OBSERVACION DE RED
Estado monitor: OBSERVACION
IP remota: 172.19.19.196
Puerto remoto: 55757
IP local: 172.19.19.130
Puerto local: 64058
Estado TCP: ESTABLISHED
PID: 5712
Aplicacion: RvControlSvc
Veces vista: 1
Sigue en observacion con alertas controladas.
Requiere aprobacion manual para pasar a BASE.
2026-08-11 11:02:03 | Escaneo completado. Conexiones=78 Alertas=1 Observaciones=6 LearningMode=False
2026-08-11 11:11:57 | OBSERVACION DE RED
Estado monitor: OBSERVACION
IP remota: 172.19.19.128
Puerto remoto: 63299
IP local: 172.19.19.130
Puerto local: 49950
Estado TCP: ESTABLISHED
PID: 5712
Aplicacion: RvControlSvc
Veces vista: 4
Ya fue vista antes y sigue fuera de BASE.
Sigue en observacion con alertas controladas.
Requiere aprobacion manual para pasar a BASE.
2026-08-11 11:11:57 | OBSERVACION DE RED
Estado monitor: OBSERVACION
IP remota: 142.251.129.74
Puerto remoto: 443
IP local: 172.19.19.130
Puerto local: 53619
Estado TCP: ESTABLISHED
PID: 19104
Aplicacion: chrome
Veces vista: 71
Ya fue vista antes y sigue fuera de BASE.
Sigue en observacion con alertas controladas.
Requiere aprobacion manual para pasar a BASE.
2026-08-11 11:11:57 | OBSERVACION DE RED
Estado monitor: OBSERVACION
IP remota: 64.233.186.188
Puerto remoto: 5228
IP local: 172.19.19.130
Puerto local: 53983
Estado TCP: ESTABLISHED
PID: 19104
Aplicacion: chrome
Veces vista: 719
Ya fue vista antes y sigue fuera de BASE.
Sigue en observacion con alertas controladas.
Requiere aprobacion manual para pasar a BASE.
2026-08-11 11:11:57 | OBSERVACION DE RED
Estado monitor: OBSERVACION
IP remota: 207.248.126.253
Puerto remoto: 56353
IP local: 172.19.19.130
Puerto local: 56289
Estado TCP: ESTABLISHED
PID: 5712
Aplicacion: RvControlSvc
Veces vista: 102
Ya fue vista antes y sigue fuera de BASE.
Sigue en observacion con alertas controladas.
Requiere aprobacion manual para pasar a BASE.
2026-08-11 11:11:57 | OBSERVACION DE RED
Estado monitor: OBSERVACION
IP remota: 138.97.177.156
Puerto remoto: 43991
IP local: 172.19.19.130
Puerto local: 56290
Estado TCP: ESTABLISHED
PID: 5712
Aplicacion: RvControlSvc
Veces vista: 194
Ya fue vista antes y sigue fuera de BASE.
Sigue en observacion con alertas controladas.
Requiere aprobacion manual para pasar a BASE.
2026-08-11 11:11:57 | OBSERVACION DE RED
Estado monitor: OBSERVACION
IP remota: 142.251.156.2
Puerto remoto: 443
IP local: 172.19.19.130
Puerto local: 59815
Estado TCP: ESTABLISHED
PID: 19104
Aplicacion: chrome
Veces vista: 13
Ya fue vista antes y sigue fuera de BASE.
Sigue en observacion con alertas controladas.
Requiere aprobacion manual para pasar a BASE.
2026-08-11 11:11:57 | OBSERVACION DE RED
Estado monitor: OBSERVACION
IP remota: 57.144.207.32
Puerto remoto: 5222
IP local: 172.19.19.130
Puerto local: 61083
Estado TCP: ESTABLISHED
PID: 19104
Aplicacion: chrome
Veces vista: 128
Ya fue vista antes y sigue fuera de BASE.
Sigue en observacion con alertas controladas.
Requiere aprobacion manual para pasar a BASE.
2026-08-11 11:11:57 | OBSERVACION DE RED
Estado monitor: OBSERVACION
IP remota: 34.149.66.163
Puerto remoto: 443
IP local: 172.19.19.130
Puerto local: 61991
Estado TCP: ESTABLISHED
PID: 19104
Aplicacion: chrome
Veces vista: 82
Ya fue vista antes y sigue fuera de BASE.
Sigue en observacion con alertas controladas.
Requiere aprobacion manual para pasar a BASE.
2026-08-11 11:11:57 | OBSERVACION DE RED
Estado monitor: OBSERVACION
IP remota: 45.162.230.182
Puerto remoto: 17351
IP local: 172.19.19.130
Puerto local: 63433
Estado TCP: ESTABLISHED
PID: 5712
Aplicacion: RvControlSvc
Veces vista: 2237
Ya fue vista antes y sigue fuera de BASE.
Sigue en observacion con alertas controladas.
Requiere aprobacion manual para pasar a BASE.
2026-08-11 11:11:57 | OBSERVACION DE RED
Estado monitor: OBSERVACION
IP remota: 20.184.175.18
Puerto remoto: 443
IP local: 172.19.19.130
Puerto local: 64090
Estado TCP: ESTABLISHED
PID: 5544
Aplicacion: MpDefenderCoreService
Veces vista: 8
Ya fue vista antes y sigue fuera de BASE.
Sigue en observacion con alertas controladas.
Requiere aprobacion manual para pasar a BASE.
2026-08-11 11:11:57 | OBSERVACION DE RED
Estado monitor: OBSERVACION
IP remota: 34.160.81.0
Puerto remoto: 443
IP local: 172.19.19.130
Puerto local: 65096
Estado TCP: ESTABLISHED
PID: 19104
Aplicacion: chrome
Veces vista: 58
Ya fue vista antes y sigue fuera de BASE.
Sigue en observacion con alertas controladas.
Requiere aprobacion manual para pasar a BASE.
2026-08-11 11:11:57 | OBSERVACION DE RED
Estado monitor: OBSERVACION
Tipo: PUERTO EN ESCUCHA
IP local: 0.0.0.0
Puerto local: 135
Estado TCP: LISTENING
PID: 1808
Aplicacion: svchost
Veces vista: 3409
Ya fue vista antes y sigue fuera de BASE.
Sigue en observacion con alertas controladas.
Requiere aprobacion manual para pasar a BASE.
2026-08-11 11:11:57 | OBSERVACION DE RED
Estado monitor: OBSERVACION
Tipo: PUERTO EN ESCUCHA
IP local: 0.0.0.0
Puerto local: 445
Estado TCP: LISTENING
PID: 4
Aplicacion: System
Veces vista: 3409
Ya fue vista antes y sigue fuera de BASE.
Sigue en observacion con alertas controladas.
Requiere aprobacion manual para pasar a BASE.
2026-08-11 11:11:57 | OBSERVACION DE RED
Estado monitor: OBSERVACION
Tipo: PUERTO EN ESCUCHA
IP local: 0.0.0.0
Puerto local: 49664
Estado TCP: LISTENING
PID: 1516
Aplicacion: lsass
Veces vista: 3409
Ya fue vista antes y sigue fuera de BASE.
Sigue en observacion con alertas controladas.
Requiere aprobacion manual para pasar a BASE.
2026-08-11 11:11:57 | OBSERVACION DE RED
Estado monitor: OBSERVACION
Tipo: PUERTO EN ESCUCHA
IP local: 0.0.0.0
Puerto local: 49665
Estado TCP: LISTENING
PID: 1336
Aplicacion: wininit
Veces vista: 3409
Ya fue vista antes y sigue fuera de BASE.
Sigue en observacion con alertas controladas.
Requiere aprobacion manual para pasar a BASE.
2026-08-11 11:11:57 | OBSERVACION DE RED
Estado monitor: OBSERVACION
Tipo: PUERTO EN ESCUCHA
IP local: 0.0.0.0
Puerto local: 49666
Estado TCP: LISTENING
PID: 2520
Aplicacion: svchost
Veces vista: 3409
Ya fue vista antes y sigue fuera de BASE.
Sigue en observacion con alertas controladas.
Requiere aprobacion manual para pasar a BASE.
2026-08-11 11:11:57 | OBSERVACION DE RED
Estado monitor: OBSERVACION
Tipo: PUERTO EN ESCUCHA
IP local: 0.0.0.0
Puerto local: 49667
Estado TCP: LISTENING
PID: 3316
Aplicacion: svchost
Veces vista: 3409
Ya fue vista antes y sigue fuera de BASE.
Sigue en observacion con alertas controladas.
Requiere aprobacion manual para pasar a BASE.
2026-08-11 11:11:57 | OBSERVACION DE RED
Estado monitor: OBSERVACION
Tipo: PUERTO EN ESCUCHA
IP local: 0.0.0.0
Puerto local: 49668
Estado TCP: LISTENING
PID: 4872
Aplicacion: spoolsv
Veces vista: 3409
Ya fue vista antes y sigue fuera de BASE.
Sigue en observacion con alertas controladas.
Requiere aprobacion manual para pasar a BASE.
2026-08-11 11:11:57 | OBSERVACION DE RED
Estado monitor: OBSERVACION
Tipo: PUERTO EN ESCUCHA
IP local: 0.0.0.0
Puerto local: 49670
Estado TCP: LISTENING
PID: 1488
Aplicacion: services
Veces vista: 2146
Ya fue vista antes y sigue fuera de BASE.
Sigue en observacion con alertas controladas.
Requiere aprobacion manual para pasar a BASE.
2026-08-11 11:11:57 | OBSERVACION DE RED
Estado monitor: OBSERVACION
Tipo: PUERTO EN ESCUCHA
IP local: 0.0.0.0
Puerto local: 5040
Estado TCP: LISTENING
PID: 12640
Aplicacion: svchost
Veces vista: 3405
Ya fue vista antes y sigue fuera de BASE.
Sigue en observacion con alertas controladas.
Requiere aprobacion manual para pasar a BASE.
2026-08-11 11:11:57 | OBSERVACION DE RED
Estado monitor: OBSERVACION
Tipo: PUERTO EN ESCUCHA
IP local: 0.0.0.0
Puerto local: 7070
Estado TCP: LISTENING
PID: 5064
Aplicacion: AnyDesk
Veces vista: 2804
Ya fue vista antes y sigue fuera de BASE.
Sigue en observacion con alertas controladas.
Requiere aprobacion manual para pasar a BASE.
2026-08-11 11:11:57 | OBSERVACION DE RED
Estado monitor: OBSERVACION
Tipo: PUERTO EN ESCUCHA
IP local: 127.0.0.1
Puerto local: 5939
Estado TCP: LISTENING
PID: 5860
Aplicacion: TeamViewer_Service
Veces vista: 472
Ya fue vista antes y sigue fuera de BASE.
Sigue en observacion con alertas controladas.
Requiere aprobacion manual para pasar a BASE.
2026-08-11 11:11:57 | OBSERVACION DE RED
Estado monitor: OBSERVACION
Tipo: PUERTO EN ESCUCHA
IP local: 192.168.56.1
Puerto local: 139
Estado TCP: LISTENING
PID: 4
Aplicacion: System
Veces vista: 3407
Ya fue vista antes y sigue fuera de BASE.
Sigue en observacion con alertas controladas.
Requiere aprobacion manual para pasar a BASE.
2026-08-11 11:11:57 | OBSERVACION DE RED
Estado monitor: OBSERVACION
Tipo: PUERTO EN ESCUCHA
IP local: 26.137.80.247
Puerto local: 139
Estado TCP: LISTENING
PID: 4
Aplicacion: System
Veces vista: 3365
Ya fue vista antes y sigue fuera de BASE.
Sigue en observacion con alertas controladas.
Requiere aprobacion manual para pasar a BASE.
2026-08-11 11:12:01 | Escaneo completado. Conexiones=60 Alertas=1 Observaciones=24 LearningMode=False
2026-08-11 11:21:55 | OBSERVACION DE RED
Estado monitor: OBSERVACION
IP remota: 52.111.225.1
Puerto remoto: 443
IP local: 172.19.19.130
Puerto local: 53268
Estado TCP: ESTABLISHED
PID: 20988
Aplicacion: WINWORD
Veces vista: 3
Ya fue vista antes y sigue fuera de BASE.
Sigue en observacion con alertas controladas.
Requiere aprobacion manual para pasar a BASE.
2026-08-11 11:21:55 | NUEVA CONEXION DETECTADA
Estado monitor: NUEVA
IP remota: 52.111.225.5
Puerto remoto: 443
IP local: 172.19.19.130
Puerto local: 53269
Estado TCP: ESTABLISHED
PID: 20988
Aplicacion: WINWORD
Veces vista: 1
2026-08-11 11:21:55 | NUEVA CONEXION DETECTADA
Estado monitor: NUEVA
IP remota: 2.18.57.157
Puerto remoto: 443
IP local: 172.19.19.130
Puerto local: 53270
Estado TCP: ESTABLISHED
PID: 20988
Aplicacion: WINWORD
Veces vista: 1
2026-08-11 11:21:55 | OBSERVACION DE RED
Estado monitor: OBSERVACION
IP remota: 138.97.177.156
Puerto remoto: 3527
IP local: 172.19.19.130
Puerto local: 54691
Estado TCP: ESTABLISHED
PID: 5712
Aplicacion: RvControlSvc
Veces vista: 16
Ya fue vista antes y sigue fuera de BASE.
Sigue en observacion con alertas controladas.
Requiere aprobacion manual para pasar a BASE.
2026-08-11 11:21:55 | OBSERVACION DE RED
Estado monitor: OBSERVACION
IP remota: 172.19.19.124
Puerto remoto: 4649
IP local: 172.19.19.130
Puerto local: 54998
Estado TCP: ESTABLISHED
PID: 5712
Aplicacion: RvControlSvc
Veces vista: 4
Ya fue vista antes y sigue fuera de BASE.
Sigue en observacion con alertas controladas.
Requiere aprobacion manual para pasar a BASE.
2026-08-11 11:21:55 | OBSERVACION DE RED
Estado monitor: OBSERVACION
IP remota: 148.113.190.78
Puerto remoto: 17301
IP local: 172.19.19.130
Puerto local: 55045
Estado TCP: ESTABLISHED
PID: 5712
Aplicacion: RvControlSvc
Veces vista: 1026
Ya fue vista antes y sigue fuera de BASE.
Sigue en observacion con alertas controladas.
Requiere aprobacion manual para pasar a BASE.
2026-08-11 11:21:55 | OBSERVACION DE RED
Estado monitor: OBSERVACION
IP remota: 190.122.181.20
Puerto remoto: 53092
IP local: 172.19.19.130
Puerto local: 55047
Estado TCP: ESTABLISHED
PID: 5712
Aplicacion: RvControlSvc
Veces vista: 4
Ya fue vista antes y sigue fuera de BASE.
Sigue en observacion con alertas controladas.
Requiere aprobacion manual para pasar a BASE.
2026-08-11 11:21:55 | OBSERVACION DE RED
Estado monitor: OBSERVACION
IP remota: 138.97.177.156
Puerto remoto: 64112
IP local: 172.19.19.130
Puerto local: 55049
Estado TCP: ESTABLISHED
PID: 5712
Aplicacion: RvControlSvc
Veces vista: 4
Ya fue vista antes y sigue fuera de BASE.
Sigue en observacion con alertas controladas.
Requiere aprobacion manual para pasar a BASE.
2026-08-11 11:21:55 | OBSERVACION DE RED
Estado monitor: OBSERVACION
IP remota: 138.97.177.156
Puerto remoto: 59536
IP local: 172.19.19.130
Puerto local: 55050
Estado TCP: ESTABLISHED
PID: 5712
Aplicacion: RvControlSvc
Veces vista: 4
Ya fue vista antes y sigue fuera de BASE.
Sigue en observacion con alertas controladas.
Requiere aprobacion manual para pasar a BASE.
2026-08-11 11:21:55 | OBSERVACION DE RED
Estado monitor: OBSERVACION
IP remota: 189.1.174.47
Puerto remoto: 443
IP local: 172.19.19.130
Puerto local: 55117
Estado TCP: ESTABLISHED
PID: 5064
Aplicacion: AnyDesk
Veces vista: 45
Ya fue vista antes y sigue fuera de BASE.
Sigue en observacion con alertas controladas.
Requiere aprobacion manual para pasar a BASE.
2026-08-11 11:21:55 | OBSERVACION DE RED
Estado monitor: OBSERVACION
IP remota: 172.19.19.122
Puerto remoto: 8009
IP local: 172.19.19.130
Puerto local: 57307
Estado TCP: ESTABLISHED
PID: 19104
Aplicacion: chrome
Veces vista: 78
Ya fue vista antes y sigue fuera de BASE.
Sigue en observacion con alertas controladas.
Requiere aprobacion manual para pasar a BASE.
2026-08-11 11:21:55 | OBSERVACION DE RED
Estado monitor: OBSERVACION
IP remota: 138.97.177.80
Puerto remoto: 53520
IP local: 172.19.19.130
Puerto local: 58965
Estado TCP: ESTABLISHED
PID: 5712
Aplicacion: RvControlSvc
Veces vista: 43
Ya fue vista antes y sigue fuera de BASE.
Sigue en observacion con alertas controladas.
Requiere aprobacion manual para pasar a BASE.
2026-08-11 11:21:55 | OBSERVACION DE RED
Estado monitor: OBSERVACION
IP remota: 138.97.177.156
Puerto remoto: 49708
IP local: 172.19.19.130
Puerto local: 63422
Estado TCP: ESTABLISHED
PID: 5712
Aplicacion: RvControlSvc
Veces vista: 53
Ya fue vista antes y sigue fuera de BASE.
Sigue en observacion con alertas controladas.
Requiere aprobacion manual para pasar a BASE.
2026-08-11 11:21:55 | OBSERVACION DE RED
Estado monitor: OBSERVACION
IP remota: 138.97.177.156
Puerto remoto: 10493
IP local: 172.19.19.130
Puerto local: 63448
Estado TCP: ESTABLISHED
PID: 5712
Aplicacion: RvControlSvc
Veces vista: 15
Ya fue vista antes y sigue fuera de BASE.
Sigue en observacion con alertas controladas.
Requiere aprobacion manual para pasar a BASE.
2026-08-11 11:21:55 | OBSERVACION DE RED
Estado monitor: OBSERVACION
IP remota: 168.90.73.130
Puerto remoto: 55558
IP local: 172.19.19.130
Puerto local: 64056
Estado TCP: ESTABLISHED
PID: 5712
Aplicacion: RvControlSvc
Veces vista: 170
Ya fue vista antes y sigue fuera de BASE.
Sigue en observacion con alertas controladas.
Requiere aprobacion manual para pasar a BASE.
2026-08-11 11:21:55 | OBSERVACION DE RED
Estado monitor: OBSERVACION
IP remota: 138.97.177.20
Puerto remoto: 50991
IP local: 172.19.19.130
Puerto local: 65465
Estado TCP: ESTABLISHED
PID: 5712
Aplicacion: RvControlSvc
Veces vista: 225
Ya fue vista antes y sigue fuera de BASE.
Sigue en observacion con alertas controladas.
Requiere aprobacion manual para pasar a BASE.
2026-08-11 11:21:55 | OBSERVACION DE RED
Estado monitor: OBSERVACION
Tipo: PUERTO EN ESCUCHA
IP local: 0.0.0.0
Puerto local: 54037
Estado TCP: LISTENING
PID: 5712
Aplicacion: RvControlSvc
Veces vista: 7
Ya fue vista antes y sigue fuera de BASE.
Sigue en observacion con alertas controladas.
Requiere aprobacion manual para pasar a BASE.
2026-08-11 11:21:55 | OBSERVACION DE RED
Estado monitor: OBSERVACION
Tipo: PUERTO EN ESCUCHA
IP local: 172.19.19.130
Puerto local: 139
Estado TCP: LISTENING
PID: 4
Aplicacion: System
Veces vista: 44
Ya fue vista antes y sigue fuera de BASE.
Sigue en observacion con alertas controladas.
Requiere aprobacion manual para pasar a BASE.
2026-08-11 11:21:55 | OBSERVACION DE RED
Estado monitor: OBSERVACION
Tipo: PUERTO EN ESCUCHA
IP local: 172.19.19.130
Puerto local: 55045
Estado TCP: LISTENING
PID: 5712
Aplicacion: RvControlSvc
Veces vista: 4
Ya fue vista antes y sigue fuera de BASE.
Sigue en observacion con alertas controladas.
Requiere aprobacion manual para pasar a BASE.
2026-08-11 11:21:58 | Escaneo completado. Conexiones=51 Alertas=1 Observaciones=19 LearningMode=False
2026-08-11 11:31:56 | OBSERVACION DE RED
Estado monitor: OBSERVACION
IP remota: 138.97.177.150
Puerto remoto: 60919
IP local: 172.19.19.130
Puerto local: 63809
Estado TCP: ESTABLISHED
PID: 5712
Aplicacion: RvControlSvc
Veces vista: 16
Ya fue vista antes y sigue fuera de BASE.
Sigue en observacion con alertas controladas.
Requiere aprobacion manual para pasar a BASE.
2026-08-11 11:31:56 | OBSERVACION DE RED
Estado monitor: OBSERVACION
IP remota: 142.251.129.54
Puerto remoto: 443
IP local: 172.19.19.130
Puerto local: 64028
Estado TCP: ESTABLISHED
PID: 19104
Aplicacion: chrome
Veces vista: 4
Ya fue vista antes y sigue fuera de BASE.
Sigue en observacion con alertas controladas.
Requiere aprobacion manual para pasar a BASE.
2026-08-11 11:31:56 | OBSERVACION DE RED
Estado monitor: OBSERVACION
IP remota: 200.42.122.10
Puerto remoto: 443
IP local: 172.19.19.130
Puerto local: 64030
Estado TCP: ESTABLISHED
PID: 14408
Aplicacion: Widgets
Veces vista: 6
Ya fue vista antes y sigue fuera de BASE.
Sigue en observacion con alertas controladas.
Requiere aprobacion manual para pasar a BASE.
2026-08-11 11:31:56 | OBSERVACION DE RED
Estado monitor: OBSERVACION
IP remota: 138.97.177.104
Puerto remoto: 49688
IP local: 172.19.19.130
Puerto local: 64057
Estado TCP: ESTABLISHED
PID: 5712
Aplicacion: RvControlSvc
Veces vista: 107
Ya fue vista antes y sigue fuera de BASE.
Sigue en observacion con alertas controladas.
Requiere aprobacion manual para pasar a BASE.
2026-08-11 11:31:56 | OBSERVACION DE RED
Estado monitor: OBSERVACION
IP remota: 172.19.19.196
Puerto remoto: 55757
IP local: 172.19.19.130
Puerto local: 64058
Estado TCP: ESTABLISHED
PID: 5712
Aplicacion: RvControlSvc
Veces vista: 4
Ya fue vista antes y sigue fuera de BASE.
Sigue en observacion con alertas controladas.
Requiere aprobacion manual para pasar a BASE.
2026-08-11 11:31:59 | Escaneo completado. Conexiones=48 Alertas=1 Observaciones=5 LearningMode=False
2026-08-11 11:41:59 | OBSERVACION DE RED
Estado monitor: OBSERVACION
IP remota: 172.19.19.128
Puerto remoto: 63299
IP local: 172.19.19.130
Puerto local: 49950
Estado TCP: ESTABLISHED
PID: 5712
Aplicacion: RvControlSvc
Veces vista: 7
Ya fue vista antes y sigue fuera de BASE.
Sigue en observacion con alertas controladas.
Requiere aprobacion manual para pasar a BASE.
2026-08-11 11:41:59 | OBSERVACION DE RED
Estado monitor: OBSERVACION
IP remota: 216.150.1.193
Puerto remoto: 443
IP local: 172.19.19.130
Puerto local: 50657
Estado TCP: ESTABLISHED
PID: 19104
Aplicacion: chrome
Veces vista: 174
Ya fue vista antes y sigue fuera de BASE.
Sigue en observacion con alertas controladas.
Requiere aprobacion manual para pasar a BASE.
2026-08-11 11:41:59 | OBSERVACION DE RED
Estado monitor: OBSERVACION
IP remota: 142.251.153.2
Puerto remoto: 443
IP local: 172.19.19.130
Puerto local: 53414
Estado TCP: ESTABLISHED
PID: 19104
Aplicacion: chrome
Veces vista: 10
Ya fue vista antes y sigue fuera de BASE.
Sigue en observacion con alertas controladas.
Requiere aprobacion manual para pasar a BASE.
2026-08-11 11:41:59 | OBSERVACION DE RED
Estado monitor: OBSERVACION
IP remota: 4.150.223.105
Puerto remoto: 443
IP local: 172.19.19.130
Puerto local: 53416
Estado TCP: ESTABLISHED
PID: 5544
Aplicacion: MpDefenderCoreService
Veces vista: 2
Ya fue vista antes y sigue fuera de BASE.
Sigue en observacion con alertas controladas.
Requiere aprobacion manual para pasar a BASE.
2026-08-11 11:41:59 | OBSERVACION DE RED
Estado monitor: OBSERVACION
IP remota: 64.233.186.188
Puerto remoto: 5228
IP local: 172.19.19.130
Puerto local: 53983
Estado TCP: ESTABLISHED
PID: 19104
Aplicacion: chrome
Veces vista: 725
Ya fue vista antes y sigue fuera de BASE.
Sigue en observacion con alertas controladas.
Requiere aprobacion manual para pasar a BASE.
2026-08-11 11:41:59 | OBSERVACION DE RED
Estado monitor: OBSERVACION
IP remota: 207.248.126.253
Puerto remoto: 56353
IP local: 172.19.19.130
Puerto local: 56289
Estado TCP: ESTABLISHED
PID: 5712
Aplicacion: RvControlSvc
Veces vista: 105
Ya fue vista antes y sigue fuera de BASE.
Sigue en observacion con alertas controladas.
Requiere aprobacion manual para pasar a BASE.
2026-08-11 11:41:59 | OBSERVACION DE RED
Estado monitor: OBSERVACION
IP remota: 138.97.177.156
Puerto remoto: 43991
IP local: 172.19.19.130
Puerto local: 56290
Estado TCP: ESTABLISHED
PID: 5712
Aplicacion: RvControlSvc
Veces vista: 197
Ya fue vista antes y sigue fuera de BASE.
Sigue en observacion con alertas controladas.
Requiere aprobacion manual para pasar a BASE.
2026-08-11 11:41:59 | OBSERVACION DE RED
Estado monitor: OBSERVACION
IP remota: 104.16.79.73
Puerto remoto: 443
IP local: 172.19.19.130
Puerto local: 57417
Estado TCP: ESTABLISHED
PID: 19104
Aplicacion: chrome
Veces vista: 39
Ya fue vista antes y sigue fuera de BASE.
Sigue en observacion con alertas controladas.
Requiere aprobacion manual para pasar a BASE.
2026-08-11 11:41:59 | OBSERVACION DE RED
Estado monitor: OBSERVACION
IP remota: 57.144.207.32
Puerto remoto: 5222
IP local: 172.19.19.130
Puerto local: 61083
Estado TCP: ESTABLISHED
PID: 19104
Aplicacion: chrome
Veces vista: 131
Ya fue vista antes y sigue fuera de BASE.
Sigue en observacion con alertas controladas.
Requiere aprobacion manual para pasar a BASE.
2026-08-11 11:41:59 | OBSERVACION DE RED
Estado monitor: OBSERVACION
IP remota: 45.162.230.182
Puerto remoto: 17351
IP local: 172.19.19.130
Puerto local: 63433
Estado TCP: ESTABLISHED
PID: 5712
Aplicacion: RvControlSvc
Veces vista: 2246
Ya fue vista antes y sigue fuera de BASE.
Sigue en observacion con alertas controladas.
Requiere aprobacion manual para pasar a BASE.
2026-08-11 11:41:59 | OBSERVACION DE RED
Estado monitor: OBSERVACION
IP remota: 151.101.193.91
Puerto remoto: 443
IP local: 172.19.19.130
Puerto local: 63910
Estado TCP: ESTABLISHED
PID: 19104
Aplicacion: chrome
Veces vista: 65
Ya fue vista antes y sigue fuera de BASE.
Sigue en observacion con alertas controladas.
Requiere aprobacion manual para pasar a BASE.
2026-08-11 11:41:59 | OBSERVACION DE RED
Estado monitor: OBSERVACION
Tipo: PUERTO EN ESCUCHA
IP local: 0.0.0.0
Puerto local: 135
Estado TCP: LISTENING
PID: 1808
Aplicacion: svchost
Veces vista: 3412
Ya fue vista antes y sigue fuera de BASE.
Sigue en observacion con alertas controladas.
Requiere aprobacion manual para pasar a BASE.
2026-08-11 11:41:59 | OBSERVACION DE RED
Estado monitor: OBSERVACION
Tipo: PUERTO EN ESCUCHA
IP local: 0.0.0.0
Puerto local: 445
Estado TCP: LISTENING
PID: 4
Aplicacion: System
Veces vista: 3412
Ya fue vista antes y sigue fuera de BASE.
Sigue en observacion con alertas controladas.
Requiere aprobacion manual para pasar a BASE.
2026-08-11 11:41:59 | OBSERVACION DE RED
Estado monitor: OBSERVACION
Tipo: PUERTO EN ESCUCHA
IP local: 0.0.0.0
Puerto local: 49664
Estado TCP: LISTENING
PID: 1516
Aplicacion: lsass
Veces vista: 3412
Ya fue vista antes y sigue fuera de BASE.
Sigue en observacion con alertas controladas.
Requiere aprobacion manual para pasar a BASE.
2026-08-11 11:41:59 | OBSERVACION DE RED
Estado monitor: OBSERVACION
Tipo: PUERTO EN ESCUCHA
IP local: 0.0.0.0
Puerto local: 49665
Estado TCP: LISTENING
PID: 1336
Aplicacion: wininit
Veces vista: 3412
Ya fue vista antes y sigue fuera de BASE.
Sigue en observacion con alertas controladas.
Requiere aprobacion manual para pasar a BASE.
2026-08-11 11:41:59 | OBSERVACION DE RED
Estado monitor: OBSERVACION
Tipo: PUERTO EN ESCUCHA
IP local: 0.0.0.0
Puerto local: 49666
Estado TCP: LISTENING
PID: 2520
Aplicacion: svchost
Veces vista: 3412
Ya fue vista antes y sigue fuera de BASE.
Sigue en observacion con alertas controladas.
Requiere aprobacion manual para pasar a BASE.
2026-08-11 11:41:59 | OBSERVACION DE RED
Estado monitor: OBSERVACION
Tipo: PUERTO EN ESCUCHA
IP local: 0.0.0.0
Puerto local: 49667
Estado TCP: LISTENING
PID: 3316
Aplicacion: svchost
Veces vista: 3412
Ya fue vista antes y sigue fuera de BASE.
Sigue en observacion con alertas controladas.
Requiere aprobacion manual para pasar a BASE.
2026-08-11 11:41:59 | OBSERVACION DE RED
Estado monitor: OBSERVACION
Tipo: PUERTO EN ESCUCHA
IP local: 0.0.0.0
Puerto local: 49668
Estado TCP: LISTENING
PID: 4872
Aplicacion: spoolsv
Veces vista: 3412
Ya fue vista antes y sigue fuera de BASE.
Sigue en observacion con alertas controladas.
Requiere aprobacion manual para pasar a BASE.
2026-08-11 11:41:59 | OBSERVACION DE RED
Estado monitor: OBSERVACION
Tipo: PUERTO EN ESCUCHA
IP local: 0.0.0.0
Puerto local: 49670
Estado TCP: LISTENING
PID: 1488
Aplicacion: services
Veces vista: 2149
Ya fue vista antes y sigue fuera de BASE.
Sigue en observacion con alertas controladas.
Requiere aprobacion manual para pasar a BASE.
2026-08-11 11:41:59 | OBSERVACION DE RED
Estado monitor: OBSERVACION
Tipo: PUERTO EN ESCUCHA
IP local: 0.0.0.0
Puerto local: 5040
Estado TCP: LISTENING
PID: 12640
Aplicacion: svchost
Veces vista: 3408
Ya fue vista antes y sigue fuera de BASE.
Sigue en observacion con alertas controladas.
Requiere aprobacion manual para pasar a BASE.
2026-08-11 11:41:59 | OBSERVACION DE RED
Estado monitor: OBSERVACION
Tipo: PUERTO EN ESCUCHA
IP local: 0.0.0.0
Puerto local: 7070
Estado TCP: LISTENING
PID: 5064
Aplicacion: AnyDesk
Veces vista: 2807
Ya fue vista antes y sigue fuera de BASE.
Sigue en observacion con alertas controladas.
Requiere aprobacion manual para pasar a BASE.
2026-08-11 11:41:59 | OBSERVACION DE RED
Estado monitor: OBSERVACION
Tipo: PUERTO EN ESCUCHA
IP local: 127.0.0.1
Puerto local: 5939
Estado TCP: LISTENING
PID: 5860
Aplicacion: TeamViewer_Service
Veces vista: 475
Ya fue vista antes y sigue fuera de BASE.
Sigue en observacion con alertas controladas.
Requiere aprobacion manual para pasar a BASE.
2026-08-11 11:41:59 | OBSERVACION DE RED
Estado monitor: OBSERVACION
Tipo: PUERTO EN ESCUCHA
IP local: 192.168.56.1
Puerto local: 139
Estado TCP: LISTENING
PID: 4
Aplicacion: System
Veces vista: 3410
Ya fue vista antes y sigue fuera de BASE.
Sigue en observacion con alertas controladas.
Requiere aprobacion manual para pasar a BASE.
2026-08-11 11:41:59 | OBSERVACION DE RED
Estado monitor: OBSERVACION
Tipo: PUERTO EN ESCUCHA
IP local: 26.137.80.247
Puerto local: 139
Estado TCP: LISTENING
PID: 4
Aplicacion: System
Veces vista: 3368
Ya fue vista antes y sigue fuera de BASE.
Sigue en observacion con alertas controladas.
Requiere aprobacion manual para pasar a BASE.
2026-08-11 11:42:02 | Escaneo completado. Conexiones=57 Alertas=1 Observaciones=24 LearningMode=False
2026-08-11 11:52:01 | OBSERVACION DE RED
Estado monitor: OBSERVACION
IP remota: 142.251.153.4
Puerto remoto: 443
IP local: 172.19.19.130
Puerto local: 49370
Estado TCP: ESTABLISHED
PID: 19104
Aplicacion: chrome
Veces vista: 4
Ya fue vista antes y sigue fuera de BASE.
Sigue en observacion con alertas controladas.
Requiere aprobacion manual para pasar a BASE.
2026-08-11 11:52:01 | OBSERVACION DE RED
Estado monitor: OBSERVACION
IP remota: 52.97.28.146
Puerto remoto: 443
IP local: 172.19.19.130
Puerto local: 49371
Estado TCP: ESTABLISHED
PID: 14068
Aplicacion: SearchHost
Veces vista: 6
Ya fue vista antes y sigue fuera de BASE.
Sigue en observacion con alertas controladas.
Requiere aprobacion manual para pasar a BASE.
2026-08-11 11:52:01 | OBSERVACION DE RED
Estado monitor: OBSERVACION
IP remota: 52.123.245.49
Puerto remoto: 443
IP local: 172.19.19.130
Puerto local: 49373
Estado TCP: ESTABLISHED
PID: 5544
Aplicacion: MpDefenderCoreService
Veces vista: 11
Ya fue vista antes y sigue fuera de BASE.
Sigue en observacion con alertas controladas.
Requiere aprobacion manual para pasar a BASE.
2026-08-11 11:52:01 | OBSERVACION DE RED
Estado monitor: OBSERVACION
IP remota: 142.251.129.46
Puerto remoto: 443
IP local: 172.19.19.130
Puerto local: 49985
Estado TCP: ESTABLISHED
PID: 19104
Aplicacion: chrome
Veces vista: 202
Ya fue vista antes y sigue fuera de BASE.
Sigue en observacion con alertas controladas.
Requiere aprobacion manual para pasar a BASE.
2026-08-11 11:52:01 | OBSERVACION DE RED
Estado monitor: OBSERVACION
IP remota: 13.107.139.11
Puerto remoto: 443
IP local: 172.19.19.130
Puerto local: 52769
Estado TCP: ESTABLISHED
PID: 21176
Aplicacion: OneDrive
Veces vista: 22
Ya fue vista antes y sigue fuera de BASE.
Sigue en observacion con alertas controladas.
Requiere aprobacion manual para pasar a BASE.
2026-08-11 11:52:01 | OBSERVACION DE RED
Estado monitor: OBSERVACION
IP remota: 151.101.218.172
Puerto remoto: 80
IP local: 172.19.19.130
Puerto local: 52770
Estado TCP: ESTABLISHED
PID: 5092
Aplicacion: svchost
Veces vista: 40
Ya fue vista antes y sigue fuera de BASE.
Sigue en observacion con alertas controladas.
Requiere aprobacion manual para pasar a BASE.
2026-08-11 11:52:02 | OBSERVACION DE RED
Estado monitor: OBSERVACION
IP remota: 142.251.129.131
Puerto remoto: 80
IP local: 172.19.19.130
Puerto local: 52771
Estado TCP: ESTABLISHED
PID: 5092
Aplicacion: svchost
Veces vista: 5
Ya fue vista antes y sigue fuera de BASE.
Sigue en observacion con alertas controladas.
Requiere aprobacion manual para pasar a BASE.
2026-08-11 11:52:02 | OBSERVACION DE RED
Estado monitor: OBSERVACION
IP remota: 138.97.177.156
Puerto remoto: 3527
IP local: 172.19.19.130
Puerto local: 54691
Estado TCP: ESTABLISHED
PID: 5712
Aplicacion: RvControlSvc
Veces vista: 19
Ya fue vista antes y sigue fuera de BASE.
Sigue en observacion con alertas controladas.
Requiere aprobacion manual para pasar a BASE.
2026-08-11 11:52:02 | OBSERVACION DE RED
Estado monitor: OBSERVACION
IP remota: 172.19.19.124
Puerto remoto: 4649
IP local: 172.19.19.130
Puerto local: 54998
Estado TCP: ESTABLISHED
PID: 5712
Aplicacion: RvControlSvc
Veces vista: 7
Ya fue vista antes y sigue fuera de BASE.
Sigue en observacion con alertas controladas.
Requiere aprobacion manual para pasar a BASE.
2026-08-11 11:52:02 | OBSERVACION DE RED
Estado monitor: OBSERVACION
IP remota: 148.113.190.78
Puerto remoto: 17301
IP local: 172.19.19.130
Puerto local: 55045
Estado TCP: ESTABLISHED
PID: 5712
Aplicacion: RvControlSvc
Veces vista: 1029
Ya fue vista antes y sigue fuera de BASE.
Sigue en observacion con alertas controladas.
Requiere aprobacion manual para pasar a BASE.
2026-08-11 11:52:02 | OBSERVACION DE RED
Estado monitor: OBSERVACION
IP remota: 190.122.181.20
Puerto remoto: 53092
IP local: 172.19.19.130
Puerto local: 55047
Estado TCP: ESTABLISHED
PID: 5712
Aplicacion: RvControlSvc
Veces vista: 7
Ya fue vista antes y sigue fuera de BASE.
Sigue en observacion con alertas controladas.
Requiere aprobacion manual para pasar a BASE.
2026-08-11 11:52:02 | OBSERVACION DE RED
Estado monitor: OBSERVACION
IP remota: 138.97.177.156
Puerto remoto: 64112
IP local: 172.19.19.130
Puerto local: 55049
Estado TCP: ESTABLISHED
PID: 5712
Aplicacion: RvControlSvc
Veces vista: 7
Ya fue vista antes y sigue fuera de BASE.
Sigue en observacion con alertas controladas.
Requiere aprobacion manual para pasar a BASE.
2026-08-11 11:52:02 | OBSERVACION DE RED
Estado monitor: OBSERVACION
IP remota: 138.97.177.156
Puerto remoto: 59536
IP local: 172.19.19.130
Puerto local: 55050
Estado TCP: ESTABLISHED
PID: 5712
Aplicacion: RvControlSvc
Veces vista: 7
Ya fue vista antes y sigue fuera de BASE.
Sigue en observacion con alertas controladas.
Requiere aprobacion manual para pasar a BASE.
2026-08-11 11:52:02 | OBSERVACION DE RED
Estado monitor: OBSERVACION
IP remota: 189.1.174.47
Puerto remoto: 443
IP local: 172.19.19.130
Puerto local: 55117
Estado TCP: ESTABLISHED
PID: 5064
Aplicacion: AnyDesk
Veces vista: 48
Ya fue vista antes y sigue fuera de BASE.
Sigue en observacion con alertas controladas.
Requiere aprobacion manual para pasar a BASE.
2026-08-11 11:52:02 | OBSERVACION DE RED
Estado monitor: OBSERVACION
IP remota: 13.107.3.254
Puerto remoto: 443
IP local: 172.19.19.130
Puerto local: 55536
Estado TCP: ESTABLISHED
PID: 9004
Aplicacion: msedgewebview2
Veces vista: 9
Ya fue vista antes y sigue fuera de BASE.
Sigue en observacion con alertas controladas.
Requiere aprobacion manual para pasar a BASE.
2026-08-11 11:52:02 | OBSERVACION DE RED
Estado monitor: OBSERVACION
IP remota: 13.107.6.254
Puerto remoto: 443
IP local: 172.19.19.130
Puerto local: 57051
Estado TCP: ESTABLISHED
PID: 9004
Aplicacion: msedgewebview2
Veces vista: 6
Ya fue vista antes y sigue fuera de BASE.
Sigue en observacion con alertas controladas.
Requiere aprobacion manual para pasar a BASE.
2026-08-11 11:52:02 | OBSERVACION DE RED
Estado monitor: OBSERVACION
IP remota: 172.19.19.122
Puerto remoto: 8009
IP local: 172.19.19.130
Puerto local: 57307
Estado TCP: ESTABLISHED
PID: 19104
Aplicacion: chrome
Veces vista: 81
Ya fue vista antes y sigue fuera de BASE.
Sigue en observacion con alertas controladas.
Requiere aprobacion manual para pasar a BASE.
2026-08-11 11:52:02 | OBSERVACION DE RED
Estado monitor: OBSERVACION
IP remota: 150.171.110.37
Puerto remoto: 443
IP local: 172.19.19.130
Puerto local: 58577
Estado TCP: ESTABLISHED
PID: 9004
Aplicacion: msedgewebview2
Veces vista: 2
Ya fue vista antes y sigue fuera de BASE.
Sigue en observacion con alertas controladas.
Requiere aprobacion manual para pasar a BASE.
2026-08-11 11:52:02 | OBSERVACION DE RED
Estado monitor: OBSERVACION
IP remota: 138.97.177.80
Puerto remoto: 53520
IP local: 172.19.19.130
Puerto local: 58965
Estado TCP: ESTABLISHED
PID: 5712
Aplicacion: RvControlSvc
Veces vista: 46
Ya fue vista antes y sigue fuera de BASE.
Sigue en observacion con alertas controladas.
Requiere aprobacion manual para pasar a BASE.
2026-08-11 11:52:02 | OBSERVACION DE RED
Estado monitor: OBSERVACION
IP remota: 172.64.154.167
Puerto remoto: 443
IP local: 172.19.19.130
Puerto local: 59667
Estado TCP: ESTABLISHED
PID: 9004
Aplicacion: msedgewebview2
Veces vista: 6
Ya fue vista antes y sigue fuera de BASE.
Sigue en observacion con alertas controladas.
Requiere aprobacion manual para pasar a BASE.
2026-08-11 11:52:02 | OBSERVACION DE RED
Estado monitor: OBSERVACION
IP remota: 138.97.177.156
Puerto remoto: 49708
IP local: 172.19.19.130
Puerto local: 63422
Estado TCP: ESTABLISHED
PID: 5712
Aplicacion: RvControlSvc
Veces vista: 56
Ya fue vista antes y sigue fuera de BASE.
Sigue en observacion con alertas controladas.
Requiere aprobacion manual para pasar a BASE.
2026-08-11 11:52:02 | OBSERVACION DE RED
Estado monitor: OBSERVACION
IP remota: 138.97.177.156
Puerto remoto: 10493
IP local: 172.19.19.130
Puerto local: 63448
Estado TCP: ESTABLISHED
PID: 5712
Aplicacion: RvControlSvc
Veces vista: 18
Ya fue vista antes y sigue fuera de BASE.
Sigue en observacion con alertas controladas.
Requiere aprobacion manual para pasar a BASE.
2026-08-11 11:52:02 | OBSERVACION DE RED
Estado monitor: OBSERVACION
IP remota: 168.90.73.130
Puerto remoto: 55558
IP local: 172.19.19.130
Puerto local: 64056
Estado TCP: ESTABLISHED
PID: 5712
Aplicacion: RvControlSvc
Veces vista: 173
Ya fue vista antes y sigue fuera de BASE.
Sigue en observacion con alertas controladas.
Requiere aprobacion manual para pasar a BASE.
2026-08-11 11:52:02 | OBSERVACION DE RED
Estado monitor: OBSERVACION
IP remota: 138.97.177.20
Puerto remoto: 50991
IP local: 172.19.19.130
Puerto local: 65465
Estado TCP: ESTABLISHED
PID: 5712
Aplicacion: RvControlSvc
Veces vista: 228
Ya fue vista antes y sigue fuera de BASE.
Sigue en observacion con alertas controladas.
Requiere aprobacion manual para pasar a BASE.
2026-08-11 11:52:02 | OBSERVACION DE RED
Estado monitor: OBSERVACION
Tipo: PUERTO EN ESCUCHA
IP local: 0.0.0.0
Puerto local: 54037
Estado TCP: LISTENING
PID: 5712
Aplicacion: RvControlSvc
Veces vista: 10
Ya fue vista antes y sigue fuera de BASE.
Sigue en observacion con alertas controladas.
Requiere aprobacion manual para pasar a BASE.
2026-08-11 11:52:02 | OBSERVACION DE RED
Estado monitor: OBSERVACION
Tipo: PUERTO EN ESCUCHA
IP local: 172.19.19.130
Puerto local: 139
Estado TCP: LISTENING
PID: 4
Aplicacion: System
Veces vista: 47
Ya fue vista antes y sigue fuera de BASE.
Sigue en observacion con alertas controladas.
Requiere aprobacion manual para pasar a BASE.
2026-08-11 11:52:02 | OBSERVACION DE RED
Estado monitor: OBSERVACION
Tipo: PUERTO EN ESCUCHA
IP local: 172.19.19.130
Puerto local: 55045
Estado TCP: LISTENING
PID: 5712
Aplicacion: RvControlSvc
Veces vista: 7
Ya fue vista antes y sigue fuera de BASE.
Sigue en observacion con alertas controladas.
Requiere aprobacion manual para pasar a BASE.
2026-08-11 11:52:05 | Escaneo completado. Conexiones=64 Alertas=1 Observaciones=27 LearningMode=False
2026-08-11 12:02:03 | OBSERVACION DE RED
Estado monitor: OBSERVACION
IP remota: 142.251.133.234
Puerto remoto: 443
IP local: 172.19.19.130
Puerto local: 49236
Estado TCP: ESTABLISHED
PID: 19104
Aplicacion: chrome
Veces vista: 89
Ya fue vista antes y sigue fuera de BASE.
Sigue en observacion con alertas controladas.
Requiere aprobacion manual para pasar a BASE.
2026-08-11 12:02:03 | OBSERVACION DE RED
Estado monitor: OBSERVACION
IP remota: 20.190.173.72
Puerto remoto: 443
IP local: 172.19.19.130
Puerto local: 56782
Estado TCP: ESTABLISHED
PID: 8132
Aplicacion: svchost
Veces vista: 19
Ya fue vista antes y sigue fuera de BASE.
Sigue en observacion con alertas controladas.
Requiere aprobacion manual para pasar a BASE.
2026-08-11 12:02:03 | OBSERVACION DE RED
Estado monitor: OBSERVACION
IP remota: 142.251.155.2
Puerto remoto: 443
IP local: 172.19.19.130
Puerto local: 61253
Estado TCP: ESTABLISHED
PID: 19104
Aplicacion: chrome
Veces vista: 11
Ya fue vista antes y sigue fuera de BASE.
Sigue en observacion con alertas controladas.
Requiere aprobacion manual para pasar a BASE.
2026-08-11 12:02:03 | OBSERVACION DE RED
Estado monitor: OBSERVACION
IP remota: 142.251.134.195
Puerto remoto: 443
IP local: 172.19.19.130
Puerto local: 61748
Estado TCP: ESTABLISHED
PID: 19104
Aplicacion: chrome
Veces vista: 76
Ya fue vista antes y sigue fuera de BASE.
Sigue en observacion con alertas controladas.
Requiere aprobacion manual para pasar a BASE.
2026-08-11 12:02:03 | OBSERVACION DE RED
Estado monitor: OBSERVACION
IP remota: 172.217.192.84
Puerto remoto: 443
IP local: 172.19.19.130
Puerto local: 63378
Estado TCP: ESTABLISHED
PID: 19104
Aplicacion: chrome
Veces vista: 291
Ya fue vista antes y sigue fuera de BASE.
Sigue en observacion con alertas controladas.
Requiere aprobacion manual para pasar a BASE.
2026-08-11 12:02:03 | OBSERVACION DE RED
Estado monitor: OBSERVACION
IP remota: 138.97.177.150
Puerto remoto: 60919
IP local: 172.19.19.130
Puerto local: 63809
Estado TCP: ESTABLISHED
PID: 5712
Aplicacion: RvControlSvc
Veces vista: 19
Ya fue vista antes y sigue fuera de BASE.
Sigue en observacion con alertas controladas.
Requiere aprobacion manual para pasar a BASE.
2026-08-11 12:02:03 | OBSERVACION DE RED
Estado monitor: OBSERVACION
IP remota: 138.97.177.104
Puerto remoto: 49688
IP local: 172.19.19.130
Puerto local: 64057
Estado TCP: ESTABLISHED
PID: 5712
Aplicacion: RvControlSvc
Veces vista: 110
Ya fue vista antes y sigue fuera de BASE.
Sigue en observacion con alertas controladas.
Requiere aprobacion manual para pasar a BASE.
2026-08-11 12:02:03 | OBSERVACION DE RED
Estado monitor: OBSERVACION
IP remota: 172.19.19.196
Puerto remoto: 55757
IP local: 172.19.19.130
Puerto local: 64058
Estado TCP: ESTABLISHED
PID: 5712
Aplicacion: RvControlSvc
Veces vista: 7
Ya fue vista antes y sigue fuera de BASE.
Sigue en observacion con alertas controladas.
Requiere aprobacion manual para pasar a BASE.
2026-08-11 12:02:03 | OBSERVACION DE RED
Estado monitor: OBSERVACION
Tipo: PUERTO EN ESCUCHA
IP local: 0.0.0.0
Puerto local: 7680
Estado TCP: LISTENING
PID: 17252
Aplicacion: svchost
Veces vista: 546
Ya fue vista antes y sigue fuera de BASE.
Sigue en observacion con alertas controladas.
Requiere aprobacion manual para pasar a BASE.
2026-08-11 12:02:06 | Escaneo completado. Conexiones=59 Alertas=1 Observaciones=9 LearningMode=False
2026-08-11 12:12:03 | OBSERVACION DE RED
Estado monitor: OBSERVACION
IP remota: 138.97.177.80
Puerto remoto: 8000
IP local: 172.19.19.130
Puerto local: 49383
Estado TCP: ESTABLISHED
PID: 19104
Aplicacion: chrome
Veces vista: 6
Ya fue vista antes y sigue fuera de BASE.
Sigue en observacion con alertas controladas.
Requiere aprobacion manual para pasar a BASE.
2026-08-11 12:12:03 | OBSERVACION DE RED
Estado monitor: OBSERVACION
IP remota: 172.217.114.4
Puerto remoto: 443
IP local: 172.19.19.130
Puerto local: 49669
Estado TCP: ESTABLISHED
PID: 19104
Aplicacion: chrome
Veces vista: 38
Ya fue vista antes y sigue fuera de BASE.
Sigue en observacion con alertas controladas.
Requiere aprobacion manual para pasar a BASE.
2026-08-11 12:12:03 | OBSERVACION DE RED
Estado monitor: OBSERVACION
IP remota: 172.19.19.128
Puerto remoto: 63299
IP local: 172.19.19.130
Puerto local: 49950
Estado TCP: ESTABLISHED
PID: 5712
Aplicacion: RvControlSvc
Veces vista: 10
Ya fue vista antes y sigue fuera de BASE.
Sigue en observacion con alertas controladas.
Requiere aprobacion manual para pasar a BASE.
2026-08-11 12:12:03 | OBSERVACION DE RED
Estado monitor: OBSERVACION
IP remota: 138.97.177.80
Puerto remoto: 8180
IP local: 172.19.19.130
Puerto local: 50076
Estado TCP: ESTABLISHED
PID: 19104
Aplicacion: chrome
Veces vista: 19
Ya fue vista antes y sigue fuera de BASE.
Sigue en observacion con alertas controladas.
Requiere aprobacion manual para pasar a BASE.
2026-08-11 12:12:03 | OBSERVACION DE RED
Estado monitor: OBSERVACION
IP remota: 172.217.115.4
Puerto remoto: 443
IP local: 172.19.19.130
Puerto local: 50991
Estado TCP: ESTABLISHED
PID: 19104
Aplicacion: chrome
Veces vista: 34
Ya fue vista antes y sigue fuera de BASE.
Sigue en observacion con alertas controladas.
Requiere aprobacion manual para pasar a BASE.
2026-08-11 12:12:03 | OBSERVACION DE RED
Estado monitor: OBSERVACION
IP remota: 104.17.207.5
Puerto remoto: 443
IP local: 172.19.19.130
Puerto local: 53146
Estado TCP: ESTABLISHED
PID: 19104
Aplicacion: chrome
Veces vista: 12
Ya fue vista antes y sigue fuera de BASE.
Sigue en observacion con alertas controladas.
Requiere aprobacion manual para pasar a BASE.
2026-08-11 12:12:03 | OBSERVACION DE RED
Estado monitor: OBSERVACION
IP remota: 20.184.175.15
Puerto remoto: 443
IP local: 172.19.19.130
Puerto local: 53752
Estado TCP: ESTABLISHED
PID: 5544
Aplicacion: MpDefenderCoreService
Veces vista: 3
Ya fue vista antes y sigue fuera de BASE.
Sigue en observacion con alertas controladas.
Requiere aprobacion manual para pasar a BASE.
2026-08-11 12:12:03 | OBSERVACION DE RED
Estado monitor: OBSERVACION
IP remota: 64.233.186.188
Puerto remoto: 5228
IP local: 172.19.19.130
Puerto local: 53983
Estado TCP: ESTABLISHED
PID: 19104
Aplicacion: chrome
Veces vista: 731
Ya fue vista antes y sigue fuera de BASE.
Sigue en observacion con alertas controladas.
Requiere aprobacion manual para pasar a BASE.
2026-08-11 12:12:03 | OBSERVACION DE RED
Estado monitor: OBSERVACION
IP remota: 207.248.126.253
Puerto remoto: 56353
IP local: 172.19.19.130
Puerto local: 56289
Estado TCP: ESTABLISHED
PID: 5712
Aplicacion: RvControlSvc
Veces vista: 108
Ya fue vista antes y sigue fuera de BASE.
Sigue en observacion con alertas controladas.
Requiere aprobacion manual para pasar a BASE.
2026-08-11 12:12:03 | OBSERVACION DE RED
Estado monitor: OBSERVACION
IP remota: 138.97.177.156
Puerto remoto: 43991
IP local: 172.19.19.130
Puerto local: 56290
Estado TCP: ESTABLISHED
PID: 5712
Aplicacion: RvControlSvc
Veces vista: 200
Ya fue vista antes y sigue fuera de BASE.
Sigue en observacion con alertas controladas.
Requiere aprobacion manual para pasar a BASE.
2026-08-11 12:12:03 | OBSERVACION DE RED
Estado monitor: OBSERVACION
IP remota: 57.144.207.32
Puerto remoto: 5222
IP local: 172.19.19.130
Puerto local: 61083
Estado TCP: ESTABLISHED
PID: 19104
Aplicacion: chrome
Veces vista: 134
Ya fue vista antes y sigue fuera de BASE.
Sigue en observacion con alertas controladas.
Requiere aprobacion manual para pasar a BASE.
2026-08-11 12:12:03 | OBSERVACION DE RED
Estado monitor: OBSERVACION
IP remota: 45.162.230.182
Puerto remoto: 17351
IP local: 172.19.19.130
Puerto local: 63433
Estado TCP: ESTABLISHED
PID: 5712
Aplicacion: RvControlSvc
Veces vista: 2255
Ya fue vista antes y sigue fuera de BASE.
Sigue en observacion con alertas controladas.
Requiere aprobacion manual para pasar a BASE.
2026-08-11 12:12:03 | OBSERVACION DE RED
Estado monitor: OBSERVACION
Tipo: PUERTO EN ESCUCHA
IP local: 0.0.0.0
Puerto local: 135
Estado TCP: LISTENING
PID: 1808
Aplicacion: svchost
Veces vista: 3415
Ya fue vista antes y sigue fuera de BASE.
Sigue en observacion con alertas controladas.
Requiere aprobacion manual para pasar a BASE.
2026-08-11 12:12:03 | OBSERVACION DE RED
Estado monitor: OBSERVACION
Tipo: PUERTO EN ESCUCHA
IP local: 0.0.0.0
Puerto local: 445
Estado TCP: LISTENING
PID: 4
Aplicacion: System
Veces vista: 3415
Ya fue vista antes y sigue fuera de BASE.
Sigue en observacion con alertas controladas.
Requiere aprobacion manual para pasar a BASE.
2026-08-11 12:12:03 | OBSERVACION DE RED
Estado monitor: OBSERVACION
Tipo: PUERTO EN ESCUCHA
IP local: 0.0.0.0
Puerto local: 49664
Estado TCP: LISTENING
PID: 1516
Aplicacion: lsass
Veces vista: 3415
Ya fue vista antes y sigue fuera de BASE.
Sigue en observacion con alertas controladas.
Requiere aprobacion manual para pasar a BASE.
2026-08-11 12:12:03 | OBSERVACION DE RED
Estado monitor: OBSERVACION
Tipo: PUERTO EN ESCUCHA
IP local: 0.0.0.0
Puerto local: 49665
Estado TCP: LISTENING
PID: 1336
Aplicacion: wininit
Veces vista: 3415
Ya fue vista antes y sigue fuera de BASE.
Sigue en observacion con alertas controladas.
Requiere aprobacion manual para pasar a BASE.
2026-08-11 12:12:03 | OBSERVACION DE RED
Estado monitor: OBSERVACION
Tipo: PUERTO EN ESCUCHA
IP local: 0.0.0.0
Puerto local: 49666
Estado TCP: LISTENING
PID: 2520
Aplicacion: svchost
Veces vista: 3415
Ya fue vista antes y sigue fuera de BASE.
Sigue en observacion con alertas controladas.
Requiere aprobacion manual para pasar a BASE.
2026-08-11 12:12:03 | OBSERVACION DE RED
Estado monitor: OBSERVACION
Tipo: PUERTO EN ESCUCHA
IP local: 0.0.0.0
Puerto local: 49667
Estado TCP: LISTENING
PID: 3316
Aplicacion: svchost
Veces vista: 3415
Ya fue vista antes y sigue fuera de BASE.
Sigue en observacion con alertas controladas.
Requiere aprobacion manual para pasar a BASE.
2026-08-11 12:12:03 | OBSERVACION DE RED
Estado monitor: OBSERVACION
Tipo: PUERTO EN ESCUCHA
IP local: 0.0.0.0
Puerto local: 49668
Estado TCP: LISTENING
PID: 4872
Aplicacion: spoolsv
Veces vista: 3415
Ya fue vista antes y sigue fuera de BASE.
Sigue en observacion con alertas controladas.
Requiere aprobacion manual para pasar a BASE.
2026-08-11 12:12:03 | OBSERVACION DE RED
Estado monitor: OBSERVACION
Tipo: PUERTO EN ESCUCHA
IP local: 0.0.0.0
Puerto local: 49670
Estado TCP: LISTENING
PID: 1488
Aplicacion: services
Veces vista: 2152
Ya fue vista antes y sigue fuera de BASE.
Sigue en observacion con alertas controladas.
Requiere aprobacion manual para pasar a BASE.
2026-08-11 12:12:03 | OBSERVACION DE RED
Estado monitor: OBSERVACION
Tipo: PUERTO EN ESCUCHA
IP local: 0.0.0.0
Puerto local: 5040
Estado TCP: LISTENING
PID: 12640
Aplicacion: svchost
Veces vista: 3411
Ya fue vista antes y sigue fuera de BASE.
Sigue en observacion con alertas controladas.
Requiere aprobacion manual para pasar a BASE.
2026-08-11 12:12:03 | OBSERVACION DE RED
Estado monitor: OBSERVACION
Tipo: PUERTO EN ESCUCHA
IP local: 0.0.0.0
Puerto local: 7070
Estado TCP: LISTENING
PID: 5064
Aplicacion: AnyDesk
Veces vista: 2810
Ya fue vista antes y sigue fuera de BASE.
Sigue en observacion con alertas controladas.
Requiere aprobacion manual para pasar a BASE.
2026-08-11 12:12:03 | OBSERVACION DE RED
Estado monitor: OBSERVACION
Tipo: PUERTO EN ESCUCHA
IP local: 127.0.0.1
Puerto local: 5939
Estado TCP: LISTENING
PID: 5860
Aplicacion: TeamViewer_Service
Veces vista: 478
Ya fue vista antes y sigue fuera de BASE.
Sigue en observacion con alertas controladas.
Requiere aprobacion manual para pasar a BASE.
2026-08-11 12:12:03 | OBSERVACION DE RED
Estado monitor: OBSERVACION
Tipo: PUERTO EN ESCUCHA
IP local: 192.168.56.1
Puerto local: 139
Estado TCP: LISTENING
PID: 4
Aplicacion: System
Veces vista: 3413
Ya fue vista antes y sigue fuera de BASE.
Sigue en observacion con alertas controladas.
Requiere aprobacion manual para pasar a BASE.
2026-08-11 12:12:03 | OBSERVACION DE RED
Estado monitor: OBSERVACION
Tipo: PUERTO EN ESCUCHA
IP local: 26.137.80.247
Puerto local: 139
Estado TCP: LISTENING
PID: 4
Aplicacion: System
Veces vista: 3371
Ya fue vista antes y sigue fuera de BASE.
Sigue en observacion con alertas controladas.
Requiere aprobacion manual para pasar a BASE.
2026-08-11 12:12:07 | Escaneo completado. Conexiones=62 Alertas=0 Observaciones=25 LearningMode=False
2026-08-11 12:22:00 | OBSERVACION DE RED
Estado monitor: OBSERVACION
IP remota: 138.97.177.156
Puerto remoto: 3527
IP local: 172.19.19.130
Puerto local: 54691
Estado TCP: ESTABLISHED
PID: 5712
Aplicacion: RvControlSvc
Veces vista: 22
Ya fue vista antes y sigue fuera de BASE.
Sigue en observacion con alertas controladas.
Requiere aprobacion manual para pasar a BASE.
2026-08-11 12:22:00 | OBSERVACION DE RED
Estado monitor: OBSERVACION
IP remota: 172.19.19.124
Puerto remoto: 4649
IP local: 172.19.19.130
Puerto local: 54998
Estado TCP: ESTABLISHED
PID: 5712
Aplicacion: RvControlSvc
Veces vista: 10
Ya fue vista antes y sigue fuera de BASE.
Sigue en observacion con alertas controladas.
Requiere aprobacion manual para pasar a BASE.
2026-08-11 12:22:00 | OBSERVACION DE RED
Estado monitor: OBSERVACION
IP remota: 148.113.190.78
Puerto remoto: 17301
IP local: 172.19.19.130
Puerto local: 55045
Estado TCP: ESTABLISHED
PID: 5712
Aplicacion: RvControlSvc
Veces vista: 1032
Ya fue vista antes y sigue fuera de BASE.
Sigue en observacion con alertas controladas.
Requiere aprobacion manual para pasar a BASE.
2026-08-11 12:22:00 | OBSERVACION DE RED
Estado monitor: OBSERVACION
IP remota: 190.122.181.20
Puerto remoto: 53092
IP local: 172.19.19.130
Puerto local: 55047
Estado TCP: ESTABLISHED
PID: 5712
Aplicacion: RvControlSvc
Veces vista: 10
Ya fue vista antes y sigue fuera de BASE.
Sigue en observacion con alertas controladas.
Requiere aprobacion manual para pasar a BASE.
2026-08-11 12:22:00 | OBSERVACION DE RED
Estado monitor: OBSERVACION
IP remota: 138.97.177.156
Puerto remoto: 64112
IP local: 172.19.19.130
Puerto local: 55049
Estado TCP: ESTABLISHED
PID: 5712
Aplicacion: RvControlSvc
Veces vista: 10
Ya fue vista antes y sigue fuera de BASE.
Sigue en observacion con alertas controladas.
Requiere aprobacion manual para pasar a BASE.
2026-08-11 12:22:00 | OBSERVACION DE RED
Estado monitor: OBSERVACION
IP remota: 138.97.177.156
Puerto remoto: 59536
IP local: 172.19.19.130
Puerto local: 55050
Estado TCP: ESTABLISHED
PID: 5712
Aplicacion: RvControlSvc
Veces vista: 10
Ya fue vista antes y sigue fuera de BASE.
Sigue en observacion con alertas controladas.
Requiere aprobacion manual para pasar a BASE.
2026-08-11 12:22:00 | OBSERVACION DE RED
Estado monitor: OBSERVACION
IP remota: 189.1.174.47
Puerto remoto: 443
IP local: 172.19.19.130
Puerto local: 55117
Estado TCP: ESTABLISHED
PID: 5064
Aplicacion: AnyDesk
Veces vista: 51
Ya fue vista antes y sigue fuera de BASE.
Sigue en observacion con alertas controladas.
Requiere aprobacion manual para pasar a BASE.
2026-08-11 12:22:00 | OBSERVACION DE RED
Estado monitor: OBSERVACION
IP remota: 172.19.19.122
Puerto remoto: 8009
IP local: 172.19.19.130
Puerto local: 57307
Estado TCP: ESTABLISHED
PID: 19104
Aplicacion: chrome
Veces vista: 84
Ya fue vista antes y sigue fuera de BASE.
Sigue en observacion con alertas controladas.
Requiere aprobacion manual para pasar a BASE.
2026-08-11 12:22:00 | OBSERVACION DE RED
Estado monitor: OBSERVACION
IP remota: 138.97.177.80
Puerto remoto: 53520
IP local: 172.19.19.130
Puerto local: 58965
Estado TCP: ESTABLISHED
PID: 5712
Aplicacion: RvControlSvc
Veces vista: 49
Ya fue vista antes y sigue fuera de BASE.
Sigue en observacion con alertas controladas.
Requiere aprobacion manual para pasar a BASE.
2026-08-11 12:22:00 | OBSERVACION DE RED
Estado monitor: OBSERVACION
IP remota: 200.42.122.8
Puerto remoto: 443
IP local: 172.19.19.130
Puerto local: 60123
Estado TCP: ESTABLISHED
PID: 19104
Aplicacion: chrome
Veces vista: 61
Ya fue vista antes y sigue fuera de BASE.
Sigue en observacion con alertas controladas.
Requiere aprobacion manual para pasar a BASE.
2026-08-11 12:22:00 | OBSERVACION DE RED
Estado monitor: OBSERVACION
IP remota: 138.97.177.156
Puerto remoto: 49708
IP local: 172.19.19.130
Puerto local: 63422
Estado TCP: ESTABLISHED
PID: 5712
Aplicacion: RvControlSvc
Veces vista: 59
Ya fue vista antes y sigue fuera de BASE.
Sigue en observacion con alertas controladas.
Requiere aprobacion manual para pasar a BASE.
2026-08-11 12:22:01 | OBSERVACION DE RED
Estado monitor: OBSERVACION
IP remota: 138.97.177.156
Puerto remoto: 10493
IP local: 172.19.19.130
Puerto local: 63448
Estado TCP: ESTABLISHED
PID: 5712
Aplicacion: RvControlSvc
Veces vista: 21
Ya fue vista antes y sigue fuera de BASE.
Sigue en observacion con alertas controladas.
Requiere aprobacion manual para pasar a BASE.
2026-08-11 12:22:01 | OBSERVACION DE RED
Estado monitor: OBSERVACION
IP remota: 168.90.73.130
Puerto remoto: 55558
IP local: 172.19.19.130
Puerto local: 64056
Estado TCP: ESTABLISHED
PID: 5712
Aplicacion: RvControlSvc
Veces vista: 176
Ya fue vista antes y sigue fuera de BASE.
Sigue en observacion con alertas controladas.
Requiere aprobacion manual para pasar a BASE.
2026-08-11 12:22:01 | OBSERVACION DE RED
Estado monitor: OBSERVACION
IP remota: 138.97.177.20
Puerto remoto: 50991
IP local: 172.19.19.130
Puerto local: 65465
Estado TCP: ESTABLISHED
PID: 5712
Aplicacion: RvControlSvc
Veces vista: 231
Ya fue vista antes y sigue fuera de BASE.
Sigue en observacion con alertas controladas.
Requiere aprobacion manual para pasar a BASE.
2026-08-11 12:22:01 | OBSERVACION DE RED
Estado monitor: OBSERVACION
Tipo: PUERTO EN ESCUCHA
IP local: 0.0.0.0
Puerto local: 54037
Estado TCP: LISTENING
PID: 5712
Aplicacion: RvControlSvc
Veces vista: 13
Ya fue vista antes y sigue fuera de BASE.
Sigue en observacion con alertas controladas.
Requiere aprobacion manual para pasar a BASE.
2026-08-11 12:22:01 | OBSERVACION DE RED
Estado monitor: OBSERVACION
Tipo: PUERTO EN ESCUCHA
IP local: 172.19.19.130
Puerto local: 139
Estado TCP: LISTENING
PID: 4
Aplicacion: System
Veces vista: 50
Ya fue vista antes y sigue fuera de BASE.
Sigue en observacion con alertas controladas.
Requiere aprobacion manual para pasar a BASE.
2026-08-11 12:22:01 | OBSERVACION DE RED
Estado monitor: OBSERVACION
Tipo: PUERTO EN ESCUCHA
IP local: 172.19.19.130
Puerto local: 55045
Estado TCP: LISTENING
PID: 5712
Aplicacion: RvControlSvc
Veces vista: 10
Ya fue vista antes y sigue fuera de BASE.
Sigue en observacion con alertas controladas.
Requiere aprobacion manual para pasar a BASE.
2026-08-11 12:22:04 | Escaneo completado. Conexiones=49 Alertas=0 Observaciones=17 LearningMode=False
2026-08-11 12:32:05 | OBSERVACION DE RED
Estado monitor: OBSERVACION
IP remota: 172.217.192.84
Puerto remoto: 443
IP local: 172.19.19.130
Puerto local: 53556
Estado TCP: ESTABLISHED
PID: 19104
Aplicacion: chrome
Veces vista: 292
Ya fue vista antes y sigue fuera de BASE.
Sigue en observacion con alertas controladas.
Requiere aprobacion manual para pasar a BASE.
2026-08-11 12:32:05 | OBSERVACION DE RED
Estado monitor: OBSERVACION
IP remota: 142.251.129.46
Puerto remoto: 443
IP local: 172.19.19.130
Puerto local: 53731
Estado TCP: ESTABLISHED
PID: 19104
Aplicacion: chrome
Veces vista: 203
Ya fue vista antes y sigue fuera de BASE.
Sigue en observacion con alertas controladas.
Requiere aprobacion manual para pasar a BASE.
2026-08-11 12:32:05 | OBSERVACION DE RED
Estado monitor: OBSERVACION
IP remota: 54.187.119.242
Puerto remoto: 443
IP local: 172.19.19.130
Puerto local: 57123
Estado TCP: ESTABLISHED
PID: 19104
Aplicacion: chrome
Veces vista: 33
Ya fue vista antes y sigue fuera de BASE.
Sigue en observacion con alertas controladas.
Requiere aprobacion manual para pasar a BASE.
2026-08-11 12:32:05 | OBSERVACION DE RED
Estado monitor: OBSERVACION
IP remota: 142.251.128.131
Puerto remoto: 443
IP local: 172.19.19.130
Puerto local: 61598
Estado TCP: ESTABLISHED
PID: 19104
Aplicacion: chrome
Veces vista: 97
Ya fue vista antes y sigue fuera de BASE.
Sigue en observacion con alertas controladas.
Requiere aprobacion manual para pasar a BASE.
2026-08-11 12:32:05 | OBSERVACION DE RED
Estado monitor: OBSERVACION
IP remota: 142.251.151.2
Puerto remoto: 443
IP local: 172.19.19.130
Puerto local: 63281
Estado TCP: ESTABLISHED
PID: 19104
Aplicacion: chrome
Veces vista: 12
Ya fue vista antes y sigue fuera de BASE.
Sigue en observacion con alertas controladas.
Requiere aprobacion manual para pasar a BASE.
2026-08-11 12:32:05 | OBSERVACION DE RED
Estado monitor: OBSERVACION
IP remota: 138.97.177.150
Puerto remoto: 60919
IP local: 172.19.19.130
Puerto local: 63809
Estado TCP: ESTABLISHED
PID: 5712
Aplicacion: RvControlSvc
Veces vista: 22
Ya fue vista antes y sigue fuera de BASE.
Sigue en observacion con alertas controladas.
Requiere aprobacion manual para pasar a BASE.
2026-08-11 12:32:05 | OBSERVACION DE RED
Estado monitor: OBSERVACION
IP remota: 138.97.177.104
Puerto remoto: 49688
IP local: 172.19.19.130
Puerto local: 64057
Estado TCP: ESTABLISHED
PID: 5712
Aplicacion: RvControlSvc
Veces vista: 113
Ya fue vista antes y sigue fuera de BASE.
Sigue en observacion con alertas controladas.
Requiere aprobacion manual para pasar a BASE.
2026-08-11 12:32:05 | OBSERVACION DE RED
Estado monitor: OBSERVACION
IP remota: 172.19.19.196
Puerto remoto: 55757
IP local: 172.19.19.130
Puerto local: 64058
Estado TCP: ESTABLISHED
PID: 5712
Aplicacion: RvControlSvc
Veces vista: 10
Ya fue vista antes y sigue fuera de BASE.
Sigue en observacion con alertas controladas.
Requiere aprobacion manual para pasar a BASE.
2026-08-11 12:32:05 | OBSERVACION DE RED
Estado monitor: OBSERVACION
Tipo: PUERTO EN ESCUCHA
IP local: 0.0.0.0
Puerto local: 7680
Estado TCP: LISTENING
PID: 17252
Aplicacion: svchost
Veces vista: 549
Ya fue vista antes y sigue fuera de BASE.
Sigue en observacion con alertas controladas.
Requiere aprobacion manual para pasar a BASE.
2026-08-11 12:32:08 | Escaneo completado. Conexiones=57 Alertas=0 Observaciones=9 LearningMode=False
2026-08-11 12:42:03 | OBSERVACION DE RED
Estado monitor: OBSERVACION
IP remota: 172.19.19.128
Puerto remoto: 63299
IP local: 172.19.19.130
Puerto local: 49950
Estado TCP: ESTABLISHED
PID: 5712
Aplicacion: RvControlSvc
Veces vista: 13
Ya fue vista antes y sigue fuera de BASE.
Sigue en observacion con alertas controladas.
Requiere aprobacion manual para pasar a BASE.
2026-08-11 12:42:03 | OBSERVACION DE RED
Estado monitor: OBSERVACION
IP remota: 216.150.1.193
Puerto remoto: 443
IP local: 172.19.19.130
Puerto local: 51939
Estado TCP: ESTABLISHED
PID: 19104
Aplicacion: chrome
Veces vista: 175
Ya fue vista antes y sigue fuera de BASE.
Sigue en observacion con alertas controladas.
Requiere aprobacion manual para pasar a BASE.
2026-08-11 12:42:03 | OBSERVACION DE RED
Estado monitor: OBSERVACION
IP remota: 64.233.186.188
Puerto remoto: 5228
IP local: 172.19.19.130
Puerto local: 53983
Estado TCP: ESTABLISHED
PID: 19104
Aplicacion: chrome
Veces vista: 737
Ya fue vista antes y sigue fuera de BASE.
Sigue en observacion con alertas controladas.
Requiere aprobacion manual para pasar a BASE.
2026-08-11 12:42:03 | OBSERVACION DE RED
Estado monitor: OBSERVACION
IP remota: 207.248.126.253
Puerto remoto: 56353
IP local: 172.19.19.130
Puerto local: 56289
Estado TCP: ESTABLISHED
PID: 5712
Aplicacion: RvControlSvc
Veces vista: 111
Ya fue vista antes y sigue fuera de BASE.
Sigue en observacion con alertas controladas.
Requiere aprobacion manual para pasar a BASE.
2026-08-11 12:42:03 | OBSERVACION DE RED
Estado monitor: OBSERVACION
IP remota: 138.97.177.156
Puerto remoto: 43991
IP local: 172.19.19.130
Puerto local: 56290
Estado TCP: ESTABLISHED
PID: 5712
Aplicacion: RvControlSvc
Veces vista: 203
Ya fue vista antes y sigue fuera de BASE.
Sigue en observacion con alertas controladas.
Requiere aprobacion manual para pasar a BASE.
2026-08-11 12:42:03 | OBSERVACION DE RED
Estado monitor: OBSERVACION
IP remota: 57.144.207.32
Puerto remoto: 5222
IP local: 172.19.19.130
Puerto local: 61083
Estado TCP: ESTABLISHED
PID: 19104
Aplicacion: chrome
Veces vista: 137
Ya fue vista antes y sigue fuera de BASE.
Sigue en observacion con alertas controladas.
Requiere aprobacion manual para pasar a BASE.
2026-08-11 12:42:03 | OBSERVACION DE RED
Estado monitor: OBSERVACION
IP remota: 4.150.223.112
Puerto remoto: 443
IP local: 172.19.19.130
Puerto local: 61104
Estado TCP: ESTABLISHED
PID: 5544
Aplicacion: MpDefenderCoreService
Veces vista: 5
Ya fue vista antes y sigue fuera de BASE.
Sigue en observacion con alertas controladas.
Requiere aprobacion manual para pasar a BASE.
2026-08-11 12:42:03 | OBSERVACION DE RED
Estado monitor: OBSERVACION
IP remota: 45.162.230.182
Puerto remoto: 17351
IP local: 172.19.19.130
Puerto local: 63433
Estado TCP: ESTABLISHED
PID: 5712
Aplicacion: RvControlSvc
Veces vista: 2264
Ya fue vista antes y sigue fuera de BASE.
Sigue en observacion con alertas controladas.
Requiere aprobacion manual para pasar a BASE.
2026-08-11 12:42:03 | OBSERVACION DE RED
Estado monitor: OBSERVACION
Tipo: PUERTO EN ESCUCHA
IP local: 0.0.0.0
Puerto local: 135
Estado TCP: LISTENING
PID: 1808
Aplicacion: svchost
Veces vista: 3418
Ya fue vista antes y sigue fuera de BASE.
Sigue en observacion con alertas controladas.
Requiere aprobacion manual para pasar a BASE.
2026-08-11 12:42:03 | OBSERVACION DE RED
Estado monitor: OBSERVACION
Tipo: PUERTO EN ESCUCHA
IP local: 0.0.0.0
Puerto local: 445
Estado TCP: LISTENING
PID: 4
Aplicacion: System
Veces vista: 3418
Ya fue vista antes y sigue fuera de BASE.
Sigue en observacion con alertas controladas.
Requiere aprobacion manual para pasar a BASE.
2026-08-11 12:42:03 | OBSERVACION DE RED
Estado monitor: OBSERVACION
Tipo: PUERTO EN ESCUCHA
IP local: 0.0.0.0
Puerto local: 49664
Estado TCP: LISTENING
PID: 1516
Aplicacion: lsass
Veces vista: 3418
Ya fue vista antes y sigue fuera de BASE.
Sigue en observacion con alertas controladas.
Requiere aprobacion manual para pasar a BASE.
2026-08-11 12:42:03 | OBSERVACION DE RED
Estado monitor: OBSERVACION
Tipo: PUERTO EN ESCUCHA
IP local: 0.0.0.0
Puerto local: 49665
Estado TCP: LISTENING
PID: 1336
Aplicacion: wininit
Veces vista: 3418
Ya fue vista antes y sigue fuera de BASE.
Sigue en observacion con alertas controladas.
Requiere aprobacion manual para pasar a BASE.
2026-08-11 12:42:03 | OBSERVACION DE RED
Estado monitor: OBSERVACION
Tipo: PUERTO EN ESCUCHA
IP local: 0.0.0.0
Puerto local: 49666
Estado TCP: LISTENING
PID: 2520
Aplicacion: svchost
Veces vista: 3418
Ya fue vista antes y sigue fuera de BASE.
Sigue en observacion con alertas controladas.
Requiere aprobacion manual para pasar a BASE.
2026-08-11 12:42:03 | OBSERVACION DE RED
Estado monitor: OBSERVACION
Tipo: PUERTO EN ESCUCHA
IP local: 0.0.0.0
Puerto local: 49667
Estado TCP: LISTENING
PID: 3316
Aplicacion: svchost
Veces vista: 3418
Ya fue vista antes y sigue fuera de BASE.
Sigue en observacion con alertas controladas.
Requiere aprobacion manual para pasar a BASE.
2026-08-11 12:42:03 | OBSERVACION DE RED
Estado monitor: OBSERVACION
Tipo: PUERTO EN ESCUCHA
IP local: 0.0.0.0
Puerto local: 49668
Estado TCP: LISTENING
PID: 4872
Aplicacion: spoolsv
Veces vista: 3418
Ya fue vista antes y sigue fuera de BASE.
Sigue en observacion con alertas controladas.
Requiere aprobacion manual para pasar a BASE.
2026-08-11 12:42:03 | OBSERVACION DE RED
Estado monitor: OBSERVACION
Tipo: PUERTO EN ESCUCHA
IP local: 0.0.0.0
Puerto local: 49670
Estado TCP: LISTENING
PID: 1488
Aplicacion: services
Veces vista: 2155
Ya fue vista antes y sigue fuera de BASE.
Sigue en observacion con alertas controladas.
Requiere aprobacion manual para pasar a BASE.
2026-08-11 12:42:03 | OBSERVACION DE RED
Estado monitor: OBSERVACION
Tipo: PUERTO EN ESCUCHA
IP local: 0.0.0.0
Puerto local: 5040
Estado TCP: LISTENING
PID: 12640
Aplicacion: svchost
Veces vista: 3414
Ya fue vista antes y sigue fuera de BASE.
Sigue en observacion con alertas controladas.
Requiere aprobacion manual para pasar a BASE.
2026-08-11 12:42:03 | OBSERVACION DE RED
Estado monitor: OBSERVACION
Tipo: PUERTO EN ESCUCHA
IP local: 0.0.0.0
Puerto local: 7070
Estado TCP: LISTENING
PID: 5064
Aplicacion: AnyDesk
Veces vista: 2813
Ya fue vista antes y sigue fuera de BASE.
Sigue en observacion con alertas controladas.
Requiere aprobacion manual para pasar a BASE.
2026-08-11 12:42:03 | OBSERVACION DE RED
Estado monitor: OBSERVACION
Tipo: PUERTO EN ESCUCHA
IP local: 127.0.0.1
Puerto local: 5939
Estado TCP: LISTENING
PID: 5860
Aplicacion: TeamViewer_Service
Veces vista: 481
Ya fue vista antes y sigue fuera de BASE.
Sigue en observacion con alertas controladas.
Requiere aprobacion manual para pasar a BASE.
2026-08-11 12:42:03 | OBSERVACION DE RED
Estado monitor: OBSERVACION
Tipo: PUERTO EN ESCUCHA
IP local: 192.168.56.1
Puerto local: 139
Estado TCP: LISTENING
PID: 4
Aplicacion: System
Veces vista: 3416
Ya fue vista antes y sigue fuera de BASE.
Sigue en observacion con alertas controladas.
Requiere aprobacion manual para pasar a BASE.
2026-08-11 12:42:03 | OBSERVACION DE RED
Estado monitor: OBSERVACION
Tipo: PUERTO EN ESCUCHA
IP local: 26.137.80.247
Puerto local: 139
Estado TCP: LISTENING
PID: 4
Aplicacion: System
Veces vista: 3374
Ya fue vista antes y sigue fuera de BASE.
Sigue en observacion con alertas controladas.
Requiere aprobacion manual para pasar a BASE.
2026-08-11 12:42:06 | Escaneo completado. Conexiones=51 Alertas=0 Observaciones=21 LearningMode=False
2026-08-11 14:08:57 | OBSERVACION DE RED
Estado monitor: OBSERVACION
IP remota: 192.178.234.188
Puerto remoto: 5228
IP local: 192.168.0.197
Puerto local: 49702
Estado TCP: ESTABLISHED
PID: 19104
Aplicacion: chrome
Veces vista: 1
Sigue en observacion con alertas controladas.
Requiere aprobacion manual para pasar a BASE.
2026-08-11 14:08:57 | NUEVA CONEXION DETECTADA
Estado monitor: NUEVA
IP remota: 184.31.2.183
Puerto remoto: 443
IP local: 192.168.0.197
Puerto local: 51333
Estado TCP: ESTABLISHED
PID: 14408
Aplicacion: Widgets
Veces vista: 1
2026-08-11 14:08:57 | OBSERVACION DE RED
Estado monitor: OBSERVACION
IP remota: 172.217.115.4
Puerto remoto: 443
IP local: 192.168.0.197
Puerto local: 54470
Estado TCP: ESTABLISHED
PID: 19104
Aplicacion: chrome
Veces vista: 35
Ya fue vista antes y sigue fuera de BASE.
Sigue en observacion con alertas controladas.
Requiere aprobacion manual para pasar a BASE.
2026-08-11 14:08:57 | NUEVA CONEXION DETECTADA
Estado monitor: NUEVA
IP remota: 161.69.236.193
Puerto remoto: 443
IP local: 192.168.0.197
Puerto local: 55489
Estado TCP: ESTABLISHED
PID: 19104
Aplicacion: chrome
Veces vista: 1
2026-08-11 14:08:57 | OBSERVACION DE RED
Estado monitor: OBSERVACION
IP remota: 4.150.223.114
Puerto remoto: 443
IP local: 192.168.0.197
Puerto local: 55490
Estado TCP: ESTABLISHED
PID: 21176
Aplicacion: OneDrive
Veces vista: 5
Ya fue vista antes y sigue fuera de BASE.
Sigue en observacion con alertas controladas.
Requiere aprobacion manual para pasar a BASE.
2026-08-11 14:08:57 | OBSERVACION DE RED
Estado monitor: OBSERVACION
IP remota: 138.97.177.80
Puerto remoto: 57195
IP local: 192.168.0.197
Puerto local: 55701
Estado TCP: ESTABLISHED
PID: 5712
Aplicacion: RvControlSvc
Veces vista: 19
Ya fue vista antes y sigue fuera de BASE.
Sigue en observacion con alertas controladas.
Requiere aprobacion manual para pasar a BASE.
2026-08-11 14:08:57 | OBSERVACION DE RED
Estado monitor: OBSERVACION
IP remota: 138.97.177.80
Puerto remoto: 53520
IP local: 192.168.0.197
Puerto local: 55702
Estado TCP: ESTABLISHED
PID: 5712
Aplicacion: RvControlSvc
Veces vista: 52
Ya fue vista antes y sigue fuera de BASE.
Sigue en observacion con alertas controladas.
Requiere aprobacion manual para pasar a BASE.
2026-08-11 14:08:57 | OBSERVACION DE RED
Estado monitor: OBSERVACION
IP remota: 138.97.177.156
Puerto remoto: 10493
IP local: 192.168.0.197
Puerto local: 55703
Estado TCP: ESTABLISHED
PID: 5712
Aplicacion: RvControlSvc
Veces vista: 24
Ya fue vista antes y sigue fuera de BASE.
Sigue en observacion con alertas controladas.
Requiere aprobacion manual para pasar a BASE.
2026-08-11 14:08:57 | OBSERVACION DE RED
Estado monitor: OBSERVACION
IP remota: 168.90.73.130
Puerto remoto: 55558
IP local: 192.168.0.197
Puerto local: 55704
Estado TCP: ESTABLISHED
PID: 5712
Aplicacion: RvControlSvc
Veces vista: 179
Ya fue vista antes y sigue fuera de BASE.
Sigue en observacion con alertas controladas.
Requiere aprobacion manual para pasar a BASE.
2026-08-11 14:08:57 | OBSERVACION DE RED
Estado monitor: OBSERVACION
IP remota: 148.113.190.78
Puerto remoto: 17301
IP local: 192.168.0.197
Puerto local: 55705
Estado TCP: ESTABLISHED
PID: 5712
Aplicacion: RvControlSvc
Veces vista: 1035
Ya fue vista antes y sigue fuera de BASE.
Sigue en observacion con alertas controladas.
Requiere aprobacion manual para pasar a BASE.
2026-08-11 14:08:57 | OBSERVACION DE RED
Estado monitor: OBSERVACION
IP remota: 138.97.177.20
Puerto remoto: 50991
IP local: 192.168.0.197
Puerto local: 55708
Estado TCP: ESTABLISHED
PID: 5712
Aplicacion: RvControlSvc
Veces vista: 234
Ya fue vista antes y sigue fuera de BASE.
Sigue en observacion con alertas controladas.
Requiere aprobacion manual para pasar a BASE.
2026-08-11 14:08:57 | OBSERVACION DE RED
Estado monitor: OBSERVACION
IP remota: 138.97.177.104
Puerto remoto: 49704
IP local: 192.168.0.197
Puerto local: 55711
Estado TCP: ESTABLISHED
PID: 5712
Aplicacion: RvControlSvc
Veces vista: 4
Ya fue vista antes y sigue fuera de BASE.
Sigue en observacion con alertas controladas.
Requiere aprobacion manual para pasar a BASE.
2026-08-11 14:08:57 | OBSERVACION DE RED
Estado monitor: OBSERVACION
IP remota: 198.244.203.247
Puerto remoto: 17301
IP local: 192.168.0.197
Puerto local: 55712
Estado TCP: ESTABLISHED
PID: 5712
Aplicacion: RvControlSvc
Veces vista: 33
Ya fue vista antes y sigue fuera de BASE.
Sigue en observacion con alertas controladas.
Requiere aprobacion manual para pasar a BASE.
2026-08-11 14:08:57 | OBSERVACION DE RED
Estado monitor: OBSERVACION
IP remota: 138.97.177.150
Puerto remoto: 49444
IP local: 192.168.0.197
Puerto local: 55713
Estado TCP: ESTABLISHED
PID: 5712
Aplicacion: RvControlSvc
Veces vista: 1
Sigue en observacion con alertas controladas.
Requiere aprobacion manual para pasar a BASE.
2026-08-11 14:08:57 | OBSERVACION DE RED
Estado monitor: OBSERVACION
IP remota: 57.128.187.188
Puerto remoto: 17301
IP local: 192.168.0.197
Puerto local: 55720
Estado TCP: ESTABLISHED
PID: 5712
Aplicacion: RvControlSvc
Veces vista: 16
Ya fue vista antes y sigue fuera de BASE.
Sigue en observacion con alertas controladas.
Requiere aprobacion manual para pasar a BASE.
2026-08-11 14:08:57 | NUEVA CONEXION DETECTADA
Estado monitor: NUEVA
IP remota: 108.177.123.113
Puerto remoto: 443
IP local: 192.168.0.197
Puerto local: 57446
Estado TCP: ESTABLISHED
PID: 19104
Aplicacion: chrome
Veces vista: 1
2026-08-11 14:08:57 | NUEVA CONEXION DETECTADA
Estado monitor: NUEVA
IP remota: 4.150.223.114
Puerto remoto: 443
IP local: 192.168.0.197
Puerto local: 57447
Estado TCP: ESTABLISHED
PID: 21068
Aplicacion: OneDrive.Sync.Service
Veces vista: 1
2026-08-11 14:08:57 | OBSERVACION DE RED
Estado monitor: OBSERVACION
Tipo: PUERTO EN ESCUCHA
IP local: 0.0.0.0
Puerto local: 2869
Estado TCP: LISTENING
PID: 4
Aplicacion: System
Veces vista: 154
Ya fue vista antes y sigue fuera de BASE.
Sigue en observacion con alertas controladas.
Requiere aprobacion manual para pasar a BASE.
2026-08-11 14:08:57 | OBSERVACION DE RED
Estado monitor: OBSERVACION
Tipo: PUERTO EN ESCUCHA
IP local: 0.0.0.0
Puerto local: 54037
Estado TCP: LISTENING
PID: 5712
Aplicacion: RvControlSvc
Veces vista: 16
Ya fue vista antes y sigue fuera de BASE.
Sigue en observacion con alertas controladas.
Requiere aprobacion manual para pasar a BASE.
2026-08-11 14:08:57 | OBSERVACION DE RED
Estado monitor: OBSERVACION
Tipo: PUERTO EN ESCUCHA
IP local: 0.0.0.0
Puerto local: 55725
Estado TCP: LISTENING
PID: 5712
Aplicacion: RvControlSvc
Veces vista: 1
Sigue en observacion con alertas controladas.
Requiere aprobacion manual para pasar a BASE.
2026-08-11 14:08:57 | OBSERVACION DE RED
Estado monitor: OBSERVACION
Tipo: PUERTO EN ESCUCHA
IP local: 0.0.0.0
Puerto local: 55727
Estado TCP: LISTENING
PID: 5712
Aplicacion: RvControlSvc
Veces vista: 1
Sigue en observacion con alertas controladas.
Requiere aprobacion manual para pasar a BASE.
2026-08-11 14:08:57 | OBSERVACION DE RED
Estado monitor: OBSERVACION
Tipo: PUERTO EN ESCUCHA
IP local: 0.0.0.0
Puerto local: 55731
Estado TCP: LISTENING
PID: 5712
Aplicacion: RvControlSvc
Veces vista: 1
Sigue en observacion con alertas controladas.
Requiere aprobacion manual para pasar a BASE.
2026-08-11 14:08:57 | OBSERVACION DE RED
Estado monitor: OBSERVACION
Tipo: PUERTO EN ESCUCHA
IP local: 0.0.0.0
Puerto local: 55741
Estado TCP: LISTENING
PID: 5712
Aplicacion: RvControlSvc
Veces vista: 1
Sigue en observacion con alertas controladas.
Requiere aprobacion manual para pasar a BASE.
2026-08-11 14:08:57 | OBSERVACION DE RED
Estado monitor: OBSERVACION
Tipo: PUERTO EN ESCUCHA
IP local: 0.0.0.0
Puerto local: 55744
Estado TCP: LISTENING
PID: 5712
Aplicacion: RvControlSvc
Veces vista: 1
Sigue en observacion con alertas controladas.
Requiere aprobacion manual para pasar a BASE.
2026-08-11 14:08:57 | OBSERVACION DE RED
Estado monitor: OBSERVACION
Tipo: PUERTO EN ESCUCHA
IP local: 0.0.0.0
Puerto local: 55751
Estado TCP: LISTENING
PID: 5712
Aplicacion: RvControlSvc
Veces vista: 1
Sigue en observacion con alertas controladas.
Requiere aprobacion manual para pasar a BASE.
2026-08-11 14:08:57 | OBSERVACION DE RED
Estado monitor: OBSERVACION
Tipo: PUERTO EN ESCUCHA
IP local: 0.0.0.0
Puerto local: 55788
Estado TCP: LISTENING
PID: 5712
Aplicacion: RvControlSvc
Veces vista: 1
Sigue en observacion con alertas controladas.
Requiere aprobacion manual para pasar a BASE.
2026-08-11 14:08:57 | OBSERVACION DE RED
Estado monitor: OBSERVACION
Tipo: PUERTO EN ESCUCHA
IP local: 0.0.0.0
Puerto local: 55819
Estado TCP: LISTENING
PID: 5712
Aplicacion: RvControlSvc
Veces vista: 1
Sigue en observacion con alertas controladas.
Requiere aprobacion manual para pasar a BASE.
2026-08-11 14:08:57 | OBSERVACION DE RED
Estado monitor: OBSERVACION
Tipo: PUERTO EN ESCUCHA
IP local: 0.0.0.0
Puerto local: 55821
Estado TCP: LISTENING
PID: 5712
Aplicacion: RvControlSvc
Veces vista: 1
Sigue en observacion con alertas controladas.
Requiere aprobacion manual para pasar a BASE.
2026-08-11 14:08:57 | OBSERVACION DE RED
Estado monitor: OBSERVACION
Tipo: PUERTO EN ESCUCHA
IP local: 0.0.0.0
Puerto local: 55823
Estado TCP: LISTENING
PID: 5712
Aplicacion: RvControlSvc
Veces vista: 1
Sigue en observacion con alertas controladas.
Requiere aprobacion manual para pasar a BASE.
2026-08-11 14:08:57 | OBSERVACION DE RED
Estado monitor: OBSERVACION
Tipo: PUERTO EN ESCUCHA
IP local: 0.0.0.0
Puerto local: 55825
Estado TCP: LISTENING
PID: 5712
Aplicacion: RvControlSvc
Veces vista: 3
Ya fue vista antes y sigue fuera de BASE.
Sigue en observacion con alertas controladas.
Requiere aprobacion manual para pasar a BASE.
2026-08-11 14:08:57 | OBSERVACION DE RED
Estado monitor: OBSERVACION
Tipo: PUERTO EN ESCUCHA
IP local: 192.168.0.197
Puerto local: 139
Estado TCP: LISTENING
PID: 4
Aplicacion: System
Veces vista: 258
Ya fue vista antes y sigue fuera de BASE.
Sigue en observacion con alertas controladas.
Requiere aprobacion manual para pasar a BASE.
2026-08-11 14:08:57 | OBSERVACION DE RED
Estado monitor: OBSERVACION
Tipo: PUERTO EN ESCUCHA
IP local: 192.168.0.197
Puerto local: 55701
Estado TCP: LISTENING
PID: 5712
Aplicacion: RvControlSvc
Veces vista: 1
Sigue en observacion con alertas controladas.
Requiere aprobacion manual para pasar a BASE.
2026-08-11 14:08:57 | OBSERVACION DE RED
Estado monitor: OBSERVACION
Tipo: PUERTO EN ESCUCHA
IP local: 192.168.0.197
Puerto local: 55702
Estado TCP: LISTENING
PID: 5712
Aplicacion: RvControlSvc
Veces vista: 1
Sigue en observacion con alertas controladas.
Requiere aprobacion manual para pasar a BASE.
2026-08-11 14:08:57 | OBSERVACION DE RED
Estado monitor: OBSERVACION
Tipo: PUERTO EN ESCUCHA
IP local: 192.168.0.197
Puerto local: 55705
Estado TCP: LISTENING
PID: 5712
Aplicacion: RvControlSvc
Veces vista: 1
Sigue en observacion con alertas controladas.
Requiere aprobacion manual para pasar a BASE.
2026-08-11 14:08:57 | OBSERVACION DE RED
Estado monitor: OBSERVACION
Tipo: PUERTO EN ESCUCHA
IP local: 192.168.0.197
Puerto local: 55711
Estado TCP: LISTENING
PID: 5712
Aplicacion: RvControlSvc
Veces vista: 1
Sigue en observacion con alertas controladas.
Requiere aprobacion manual para pasar a BASE.
2026-08-11 14:08:57 | OBSERVACION DE RED
Estado monitor: OBSERVACION
Tipo: PUERTO EN ESCUCHA
IP local: 192.168.0.197
Puerto local: 55712
Estado TCP: LISTENING
PID: 5712
Aplicacion: RvControlSvc
Veces vista: 1
Sigue en observacion con alertas controladas.
Requiere aprobacion manual para pasar a BASE.
2026-08-11 14:08:57 | OBSERVACION DE RED
Estado monitor: OBSERVACION
Tipo: PUERTO EN ESCUCHA
IP local: 192.168.0.197
Puerto local: 55714
Estado TCP: LISTENING
PID: 5712
Aplicacion: RvControlSvc
Veces vista: 1
Sigue en observacion con alertas controladas.
Requiere aprobacion manual para pasar a BASE.
2026-08-11 14:08:57 | OBSERVACION DE RED
Estado monitor: OBSERVACION
Tipo: PUERTO EN ESCUCHA
IP local: 192.168.0.197
Puerto local: 55715
Estado TCP: LISTENING
PID: 5712
Aplicacion: RvControlSvc
Veces vista: 1
Sigue en observacion con alertas controladas.
Requiere aprobacion manual para pasar a BASE.
2026-08-11 14:08:57 | OBSERVACION DE RED
Estado monitor: OBSERVACION
Tipo: PUERTO EN ESCUCHA
IP local: 192.168.0.197
Puerto local: 55716
Estado TCP: LISTENING
PID: 5712
Aplicacion: RvControlSvc
Veces vista: 1
Sigue en observacion con alertas controladas.
Requiere aprobacion manual para pasar a BASE.
2026-08-11 14:08:57 | OBSERVACION DE RED
Estado monitor: OBSERVACION
Tipo: PUERTO EN ESCUCHA
IP local: 192.168.0.197
Puerto local: 55718
Estado TCP: LISTENING
PID: 5712
Aplicacion: RvControlSvc
Veces vista: 1
Sigue en observacion con alertas controladas.
Requiere aprobacion manual para pasar a BASE.
2026-08-11 14:08:57 | OBSERVACION DE RED
Estado monitor: OBSERVACION
Tipo: PUERTO EN ESCUCHA
IP local: 192.168.0.197
Puerto local: 55719
Estado TCP: LISTENING
PID: 5712
Aplicacion: RvControlSvc
Veces vista: 1
Sigue en observacion con alertas controladas.
Requiere aprobacion manual para pasar a BASE.
2026-08-11 14:08:57 | OBSERVACION DE RED
Estado monitor: OBSERVACION
Tipo: PUERTO EN ESCUCHA
IP local: 192.168.0.197
Puerto local: 55720
Estado TCP: LISTENING
PID: 5712
Aplicacion: RvControlSvc
Veces vista: 1
Sigue en observacion con alertas controladas.
Requiere aprobacion manual para pasar a BASE.
2026-08-11 14:08:57 | OBSERVACION DE RED
Estado monitor: OBSERVACION
Tipo: PUERTO EN ESCUCHA
IP local: 192.168.0.197
Puerto local: 55862
Estado TCP: LISTENING
PID: 5712
Aplicacion: RvControlSvc
Veces vista: 1
Sigue en observacion con alertas controladas.
Requiere aprobacion manual para pasar a BASE.
2026-08-11 14:09:00 | Escaneo completado. Conexiones=167 Alertas=0 Observaciones=43 LearningMode=False
2026-08-11 14:18:48 | OBSERVACION DE RED
Estado monitor: OBSERVACION
IP remota: 172.217.114.4
Puerto remoto: 443
IP local: 192.168.0.197
Puerto local: 50391
Estado TCP: ESTABLISHED
PID: 19104
Aplicacion: chrome
Veces vista: 39
Ya fue vista antes y sigue fuera de BASE.
Sigue en observacion con alertas controladas.
Requiere aprobacion manual para pasar a BASE.
2026-08-11 14:18:48 | OBSERVACION DE RED
Estado monitor: OBSERVACION
IP remota: 162.159.140.229
Puerto remoto: 443
IP local: 192.168.0.197
Puerto local: 51535
Estado TCP: ESTABLISHED
PID: 19104
Aplicacion: chrome
Veces vista: 49
Ya fue vista antes y sigue fuera de BASE.
Sigue en observacion con alertas controladas.
Requiere aprobacion manual para pasar a BASE.
2026-08-11 14:18:48 | NUEVA CONEXION DETECTADA
Estado monitor: NUEVA
IP remota: 142.251.134.72
Puerto remoto: 443
IP local: 192.168.0.197
Puerto local: 52986
Estado TCP: ESTABLISHED
PID: 19104
Aplicacion: chrome
Veces vista: 1
2026-08-11 14:18:48 | OBSERVACION DE RED
Estado monitor: OBSERVACION
IP remota: 151.101.216.157
Puerto remoto: 443
IP local: 192.168.0.197
Puerto local: 53566
Estado TCP: ESTABLISHED
PID: 19104
Aplicacion: chrome
Veces vista: 5
Ya fue vista antes y sigue fuera de BASE.
Sigue en observacion con alertas controladas.
Requiere aprobacion manual para pasar a BASE.
2026-08-11 14:18:48 | OBSERVACION DE RED
Estado monitor: OBSERVACION
IP remota: 104.20.39.36
Puerto remoto: 443
IP local: 192.168.0.197
Puerto local: 53650
Estado TCP: ESTABLISHED
PID: 19104
Aplicacion: chrome
Veces vista: 2
Ya fue vista antes y sigue fuera de BASE.
Sigue en observacion con alertas controladas.
Requiere aprobacion manual para pasar a BASE.
2026-08-11 14:18:48 | OBSERVACION DE RED
Estado monitor: OBSERVACION
IP remota: 40.126.45.19
Puerto remoto: 443
IP local: 192.168.0.197
Puerto local: 54541
Estado TCP: ESTABLISHED
PID: 17484
Aplicacion: svchost
Veces vista: 7
Ya fue vista antes y sigue fuera de BASE.
Sigue en observacion con alertas controladas.
Requiere aprobacion manual para pasar a BASE.
2026-08-11 14:18:48 | OBSERVACION DE RED
Estado monitor: OBSERVACION
IP remota: 172.217.117.4
Puerto remoto: 443
IP local: 192.168.0.197
Puerto local: 61825
Estado TCP: ESTABLISHED
PID: 19104
Aplicacion: chrome
Veces vista: 39
Ya fue vista antes y sigue fuera de BASE.
Sigue en observacion con alertas controladas.
Requiere aprobacion manual para pasar a BASE.
2026-08-11 14:18:48 | OBSERVACION DE RED
Estado monitor: OBSERVACION
IP remota: 108.177.123.84
Puerto remoto: 443
IP local: 192.168.0.197
Puerto local: 62366
Estado TCP: ESTABLISHED
PID: 19104
Aplicacion: chrome
Veces vista: 50
Ya fue vista antes y sigue fuera de BASE.
Sigue en observacion con alertas controladas.
Requiere aprobacion manual para pasar a BASE.
2026-08-11 14:18:48 | NUEVA CONEXION DETECTADA
Estado monitor: NUEVA
IP remota: 104.26.1.192
Puerto remoto: 443
IP local: 192.168.0.197
Puerto local: 63511
Estado TCP: ESTABLISHED
PID: 19104
Aplicacion: chrome
Veces vista: 1
2026-08-11 14:18:48 | NUEVA CONEXION DETECTADA
Estado monitor: NUEVA
IP remota: 104.26.1.192
Puerto remoto: 443
IP local: 192.168.0.197
Puerto local: 64524
Estado TCP: ESTABLISHED
PID: 19104
Aplicacion: chrome
Veces vista: 2
2026-08-11 14:18:48 | OBSERVACION DE RED
Estado monitor: OBSERVACION
Tipo: PUERTO EN ESCUCHA
IP local: 0.0.0.0
Puerto local: 54577
Estado TCP: LISTENING
PID: 5712
Aplicacion: RvControlSvc
Veces vista: 1
Sigue en observacion con alertas controladas.
Requiere aprobacion manual para pasar a BASE.
2026-08-11 14:18:48 | OBSERVACION DE RED
Estado monitor: OBSERVACION
Tipo: PUERTO EN ESCUCHA
IP local: 0.0.0.0
Puerto local: 54579
Estado TCP: LISTENING
PID: 5712
Aplicacion: RvControlSvc
Veces vista: 1
Sigue en observacion con alertas controladas.
Requiere aprobacion manual para pasar a BASE.
2026-08-11 14:18:48 | OBSERVACION DE RED
Estado monitor: OBSERVACION
Tipo: PUERTO EN ESCUCHA
IP local: 0.0.0.0
Puerto local: 54592
Estado TCP: LISTENING
PID: 5712
Aplicacion: RvControlSvc
Veces vista: 1
Sigue en observacion con alertas controladas.
Requiere aprobacion manual para pasar a BASE.
2026-08-11 14:18:48 | OBSERVACION DE RED
Estado monitor: OBSERVACION
Tipo: PUERTO EN ESCUCHA
IP local: 0.0.0.0
Puerto local: 54599
Estado TCP: LISTENING
PID: 5712
Aplicacion: RvControlSvc
Veces vista: 1
Sigue en observacion con alertas controladas.
Requiere aprobacion manual para pasar a BASE.
2026-08-11 14:18:48 | OBSERVACION DE RED
Estado monitor: OBSERVACION
Tipo: PUERTO EN ESCUCHA
IP local: 192.168.0.197
Puerto local: 54576
Estado TCP: LISTENING
PID: 5712
Aplicacion: RvControlSvc
Veces vista: 1
Sigue en observacion con alertas controladas.
Requiere aprobacion manual para pasar a BASE.
2026-08-11 14:18:48 | OBSERVACION DE RED
Estado monitor: OBSERVACION
Tipo: PUERTO EN ESCUCHA
IP local: 192.168.0.197
Puerto local: 54594
Estado TCP: LISTENING
PID: 5712
Aplicacion: RvControlSvc
Veces vista: 1
Sigue en observacion con alertas controladas.
Requiere aprobacion manual para pasar a BASE.
2026-08-11 14:18:52 | Escaneo completado. Conexiones=94 Alertas=0 Observaciones=16 LearningMode=False
2026-08-11 14:28:42 | OBSERVACION DE RED
Estado monitor: OBSERVACION
IP remota: 45.162.230.182
Puerto remoto: 17351
IP local: 192.168.0.197
Puerto local: 49830
Estado TCP: ESTABLISHED
PID: 5712
Aplicacion: RvControlSvc
Veces vista: 2287
Ya fue vista antes y sigue fuera de BASE.
Sigue en observacion con alertas controladas.
Requiere aprobacion manual para pasar a BASE.
2026-08-11 14:28:42 | NUEVA CONEXION DETECTADA
Estado monitor: NUEVA
IP remota: 4.207.44.70
Puerto remoto: 443
IP local: 192.168.0.197
Puerto local: 50747
Estado TCP: ESTABLISHED
PID: 5544
Aplicacion: MpDefenderCoreService
Veces vista: 1
2026-08-11 14:28:42 | OBSERVACION DE RED
Estado monitor: OBSERVACION
Tipo: PUERTO EN ESCUCHA
IP local: 0.0.0.0
Puerto local: 135
Estado TCP: LISTENING
PID: 1808
Aplicacion: svchost
Veces vista: 3421
Ya fue vista antes y sigue fuera de BASE.
Sigue en observacion con alertas controladas.
Requiere aprobacion manual para pasar a BASE.
2026-08-11 14:28:42 | OBSERVACION DE RED
Estado monitor: OBSERVACION
Tipo: PUERTO EN ESCUCHA
IP local: 0.0.0.0
Puerto local: 445
Estado TCP: LISTENING
PID: 4
Aplicacion: System
Veces vista: 3421
Ya fue vista antes y sigue fuera de BASE.
Sigue en observacion con alertas controladas.
Requiere aprobacion manual para pasar a BASE.
2026-08-11 14:28:42 | OBSERVACION DE RED
Estado monitor: OBSERVACION
Tipo: PUERTO EN ESCUCHA
IP local: 0.0.0.0
Puerto local: 49664
Estado TCP: LISTENING
PID: 1516
Aplicacion: lsass
Veces vista: 3421
Ya fue vista antes y sigue fuera de BASE.
Sigue en observacion con alertas controladas.
Requiere aprobacion manual para pasar a BASE.
2026-08-11 14:28:42 | OBSERVACION DE RED
Estado monitor: OBSERVACION
Tipo: PUERTO EN ESCUCHA
IP local: 0.0.0.0
Puerto local: 49665
Estado TCP: LISTENING
PID: 1336
Aplicacion: wininit
Veces vista: 3421
Ya fue vista antes y sigue fuera de BASE.
Sigue en observacion con alertas controladas.
Requiere aprobacion manual para pasar a BASE.
2026-08-11 14:28:42 | OBSERVACION DE RED
Estado monitor: OBSERVACION
Tipo: PUERTO EN ESCUCHA
IP local: 0.0.0.0
Puerto local: 49666
Estado TCP: LISTENING
PID: 2520
Aplicacion: svchost
Veces vista: 3421
Ya fue vista antes y sigue fuera de BASE.
Sigue en observacion con alertas controladas.
Requiere aprobacion manual para pasar a BASE.
2026-08-11 14:28:42 | OBSERVACION DE RED
Estado monitor: OBSERVACION
Tipo: PUERTO EN ESCUCHA
IP local: 0.0.0.0
Puerto local: 49667
Estado TCP: LISTENING
PID: 3316
Aplicacion: svchost
Veces vista: 3421
Ya fue vista antes y sigue fuera de BASE.
Sigue en observacion con alertas controladas.
Requiere aprobacion manual para pasar a BASE.
2026-08-11 14:28:42 | OBSERVACION DE RED
Estado monitor: OBSERVACION
Tipo: PUERTO EN ESCUCHA
IP local: 0.0.0.0
Puerto local: 49668
Estado TCP: LISTENING
PID: 4872
Aplicacion: spoolsv
Veces vista: 3421
Ya fue vista antes y sigue fuera de BASE.
Sigue en observacion con alertas controladas.
Requiere aprobacion manual para pasar a BASE.
2026-08-11 14:28:42 | OBSERVACION DE RED
Estado monitor: OBSERVACION
Tipo: PUERTO EN ESCUCHA
IP local: 0.0.0.0
Puerto local: 49670
Estado TCP: LISTENING
PID: 1488
Aplicacion: services
Veces vista: 2158
Ya fue vista antes y sigue fuera de BASE.
Sigue en observacion con alertas controladas.
Requiere aprobacion manual para pasar a BASE.
2026-08-11 14:28:42 | OBSERVACION DE RED
Estado monitor: OBSERVACION
Tipo: PUERTO EN ESCUCHA
IP local: 0.0.0.0
Puerto local: 5040
Estado TCP: LISTENING
PID: 12640
Aplicacion: svchost
Veces vista: 3417
Ya fue vista antes y sigue fuera de BASE.
Sigue en observacion con alertas controladas.
Requiere aprobacion manual para pasar a BASE.
2026-08-11 14:28:42 | OBSERVACION DE RED
Estado monitor: OBSERVACION
Tipo: PUERTO EN ESCUCHA
IP local: 0.0.0.0
Puerto local: 50758
Estado TCP: LISTENING
PID: 5712
Aplicacion: RvControlSvc
Veces vista: 1
Sigue en observacion con alertas controladas.
Requiere aprobacion manual para pasar a BASE.
2026-08-11 14:28:42 | OBSERVACION DE RED
Estado monitor: OBSERVACION
Tipo: PUERTO EN ESCUCHA
IP local: 0.0.0.0
Puerto local: 56376
Estado TCP: LISTENING
PID: 5712
Aplicacion: RvControlSvc
Veces vista: 1
Sigue en observacion con alertas controladas.
Requiere aprobacion manual para pasar a BASE.
2026-08-11 14:28:42 | OBSERVACION DE RED
Estado monitor: OBSERVACION
Tipo: PUERTO EN ESCUCHA
IP local: 0.0.0.0
Puerto local: 7070
Estado TCP: LISTENING
PID: 5064
Aplicacion: AnyDesk
Veces vista: 2816
Ya fue vista antes y sigue fuera de BASE.
Sigue en observacion con alertas controladas.
Requiere aprobacion manual para pasar a BASE.
2026-08-11 14:28:42 | OBSERVACION DE RED
Estado monitor: OBSERVACION
Tipo: PUERTO EN ESCUCHA
IP local: 127.0.0.1
Puerto local: 5939
Estado TCP: LISTENING
PID: 5860
Aplicacion: TeamViewer_Service
Veces vista: 484
Ya fue vista antes y sigue fuera de BASE.
Sigue en observacion con alertas controladas.
Requiere aprobacion manual para pasar a BASE.
2026-08-11 14:28:42 | OBSERVACION DE RED
Estado monitor: OBSERVACION
Tipo: PUERTO EN ESCUCHA
IP local: 192.168.0.197
Puerto local: 56375
Estado TCP: LISTENING
PID: 5712
Aplicacion: RvControlSvc
Veces vista: 1
Sigue en observacion con alertas controladas.
Requiere aprobacion manual para pasar a BASE.
2026-08-11 14:28:42 | OBSERVACION DE RED
Estado monitor: OBSERVACION
Tipo: PUERTO EN ESCUCHA
IP local: 192.168.56.1
Puerto local: 139
Estado TCP: LISTENING
PID: 4
Aplicacion: System
Veces vista: 3419
Ya fue vista antes y sigue fuera de BASE.
Sigue en observacion con alertas controladas.
Requiere aprobacion manual para pasar a BASE.
2026-08-11 14:28:42 | OBSERVACION DE RED
Estado monitor: OBSERVACION
Tipo: PUERTO EN ESCUCHA
IP local: 26.137.80.247
Puerto local: 139
Estado TCP: LISTENING
PID: 4
Aplicacion: System
Veces vista: 3377
Ya fue vista antes y sigue fuera de BASE.
Sigue en observacion con alertas controladas.
Requiere aprobacion manual para pasar a BASE.
2026-08-11 14:28:46 | Escaneo completado. Conexiones=52 Alertas=0 Observaciones=18 LearningMode=False
2026-08-11 14:38:43 | OBSERVACION DE RED
Estado monitor: OBSERVACION
IP remota: 192.178.234.188
Puerto remoto: 5228
IP local: 192.168.0.197
Puerto local: 49702
Estado TCP: ESTABLISHED
PID: 19104
Aplicacion: chrome
Veces vista: 7
Ya fue vista antes y sigue fuera de BASE.
Sigue en observacion con alertas controladas.
Requiere aprobacion manual para pasar a BASE.
2026-08-11 14:38:43 | OBSERVACION DE RED
Estado monitor: OBSERVACION
IP remota: 138.97.177.80
Puerto remoto: 57195
IP local: 192.168.0.197
Puerto local: 55701
Estado TCP: ESTABLISHED
PID: 5712
Aplicacion: RvControlSvc
Veces vista: 22
Ya fue vista antes y sigue fuera de BASE.
Sigue en observacion con alertas controladas.
Requiere aprobacion manual para pasar a BASE.
2026-08-11 14:38:43 | OBSERVACION DE RED
Estado monitor: OBSERVACION
IP remota: 138.97.177.80
Puerto remoto: 53520
IP local: 192.168.0.197
Puerto local: 55702
Estado TCP: ESTABLISHED
PID: 5712
Aplicacion: RvControlSvc
Veces vista: 55
Ya fue vista antes y sigue fuera de BASE.
Sigue en observacion con alertas controladas.
Requiere aprobacion manual para pasar a BASE.
2026-08-11 14:38:43 | OBSERVACION DE RED
Estado monitor: OBSERVACION
IP remota: 138.97.177.156
Puerto remoto: 10493
IP local: 192.168.0.197
Puerto local: 55703
Estado TCP: ESTABLISHED
PID: 5712
Aplicacion: RvControlSvc
Veces vista: 27
Ya fue vista antes y sigue fuera de BASE.
Sigue en observacion con alertas controladas.
Requiere aprobacion manual para pasar a BASE.
2026-08-11 14:38:43 | OBSERVACION DE RED
Estado monitor: OBSERVACION
IP remota: 168.90.73.130
Puerto remoto: 55558
IP local: 192.168.0.197
Puerto local: 55704
Estado TCP: ESTABLISHED
PID: 5712
Aplicacion: RvControlSvc
Veces vista: 182
Ya fue vista antes y sigue fuera de BASE.
Sigue en observacion con alertas controladas.
Requiere aprobacion manual para pasar a BASE.
2026-08-11 14:38:43 | OBSERVACION DE RED
Estado monitor: OBSERVACION
IP remota: 138.97.177.20
Puerto remoto: 50991
IP local: 192.168.0.197
Puerto local: 55708
Estado TCP: ESTABLISHED
PID: 5712
Aplicacion: RvControlSvc
Veces vista: 237
Ya fue vista antes y sigue fuera de BASE.
Sigue en observacion con alertas controladas.
Requiere aprobacion manual para pasar a BASE.
2026-08-11 14:38:43 | OBSERVACION DE RED
Estado monitor: OBSERVACION
IP remota: 138.97.177.104
Puerto remoto: 49704
IP local: 192.168.0.197
Puerto local: 55711
Estado TCP: ESTABLISHED
PID: 5712
Aplicacion: RvControlSvc
Veces vista: 7
Ya fue vista antes y sigue fuera de BASE.
Sigue en observacion con alertas controladas.
Requiere aprobacion manual para pasar a BASE.
2026-08-11 14:38:43 | OBSERVACION DE RED
Estado monitor: OBSERVACION
IP remota: 138.97.177.150
Puerto remoto: 49444
IP local: 192.168.0.197
Puerto local: 55713
Estado TCP: ESTABLISHED
PID: 5712
Aplicacion: RvControlSvc
Veces vista: 4
Ya fue vista antes y sigue fuera de BASE.
Sigue en observacion con alertas controladas.
Requiere aprobacion manual para pasar a BASE.
2026-08-11 14:38:43 | OBSERVACION DE RED
Estado monitor: OBSERVACION
IP remota: 148.113.190.78
Puerto remoto: 17301
IP local: 192.168.0.197
Puerto local: 55862
Estado TCP: ESTABLISHED
PID: 5712
Aplicacion: RvControlSvc
Veces vista: 1044
Ya fue vista antes y sigue fuera de BASE.
Sigue en observacion con alertas controladas.
Requiere aprobacion manual para pasar a BASE.
2026-08-11 14:38:43 | NUEVA CONEXION DETECTADA
Estado monitor: NUEVA
IP remota: 4.150.223.99
Puerto remoto: 443
IP local: 192.168.0.197
Puerto local: 56722
Estado TCP: ESTABLISHED
PID: 21068
Aplicacion: OneDrive.Sync.Service
Veces vista: 1
2026-08-11 14:38:43 | NUEVA CONEXION DETECTADA
Estado monitor: NUEVA
IP remota: 4.150.223.99
Puerto remoto: 443
IP local: 192.168.0.197
Puerto local: 56723
Estado TCP: ESTABLISHED
PID: 21068
Aplicacion: OneDrive.Sync.Service
Veces vista: 2
2026-08-11 14:38:43 | OBSERVACION DE RED
Estado monitor: OBSERVACION
IP remota: 4.150.223.114
Puerto remoto: 443
IP local: 192.168.0.197
Puerto local: 56724
Estado TCP: ESTABLISHED
PID: 21176
Aplicacion: OneDrive
Veces vista: 6
Ya fue vista antes y sigue fuera de BASE.
Sigue en observacion con alertas controladas.
Requiere aprobacion manual para pasar a BASE.
2026-08-11 14:38:43 | OBSERVACION DE RED
Estado monitor: OBSERVACION
Tipo: PUERTO EN ESCUCHA
IP local: 0.0.0.0
Puerto local: 2869
Estado TCP: LISTENING
PID: 4
Aplicacion: System
Veces vista: 157
Ya fue vista antes y sigue fuera de BASE.
Sigue en observacion con alertas controladas.
Requiere aprobacion manual para pasar a BASE.
2026-08-11 14:38:43 | OBSERVACION DE RED
Estado monitor: OBSERVACION
Tipo: PUERTO EN ESCUCHA
IP local: 0.0.0.0
Puerto local: 60627
Estado TCP: LISTENING
PID: 5712
Aplicacion: RvControlSvc
Veces vista: 1
Sigue en observacion con alertas controladas.
Requiere aprobacion manual para pasar a BASE.
2026-08-11 14:38:43 | OBSERVACION DE RED
Estado monitor: OBSERVACION
Tipo: PUERTO EN ESCUCHA
IP local: 192.168.0.197
Puerto local: 139
Estado TCP: LISTENING
PID: 4
Aplicacion: System
Veces vista: 261
Ya fue vista antes y sigue fuera de BASE.
Sigue en observacion con alertas controladas.
Requiere aprobacion manual para pasar a BASE.
2026-08-11 14:38:43 | OBSERVACION DE RED
Estado monitor: OBSERVACION
Tipo: PUERTO EN ESCUCHA
IP local: 192.168.0.197
Puerto local: 55862
Estado TCP: LISTENING
PID: 5712
Aplicacion: RvControlSvc
Veces vista: 4
Ya fue vista antes y sigue fuera de BASE.
Sigue en observacion con alertas controladas.
Requiere aprobacion manual para pasar a BASE.
2026-08-11 14:38:47 | Escaneo completado. Conexiones=50 Alertas=0 Observaciones=16 LearningMode=False
2026-08-11 14:48:45 | OBSERVACION DE RED
Estado monitor: OBSERVACION
IP remota: 13.107.5.93
Puerto remoto: 443
IP local: 192.168.0.197
Puerto local: 54293
Estado TCP: ESTABLISHED
PID: 5632
Aplicacion: PhoneExperienceHost
Veces vista: 5
Ya fue vista antes y sigue fuera de BASE.
Sigue en observacion con alertas controladas.
Requiere aprobacion manual para pasar a BASE.
2026-08-11 14:48:45 | OBSERVACION DE RED
Estado monitor: OBSERVACION
IP remota: 216.150.1.193
Puerto remoto: 443
IP local: 192.168.0.197
Puerto local: 63647
Estado TCP: ESTABLISHED
PID: 19104
Aplicacion: chrome
Veces vista: 176
Ya fue vista antes y sigue fuera de BASE.
Sigue en observacion con alertas controladas.
Requiere aprobacion manual para pasar a BASE.
2026-08-11 14:48:45 | OBSERVACION DE RED
Estado monitor: OBSERVACION
IP remota: 142.251.134.195
Puerto remoto: 443
IP local: 192.168.0.197
Puerto local: 65006
Estado TCP: ESTABLISHED
PID: 19104
Aplicacion: chrome
Veces vista: 77
Ya fue vista antes y sigue fuera de BASE.
Sigue en observacion con alertas controladas.
Requiere aprobacion manual para pasar a BASE.
2026-08-11 14:48:45 | OBSERVACION DE RED
Estado monitor: OBSERVACION
IP remota: 54.187.119.242
Puerto remoto: 443
IP local: 192.168.0.197
Puerto local: 65421
Estado TCP: ESTABLISHED
PID: 19104
Aplicacion: chrome
Veces vista: 36
Ya fue vista antes y sigue fuera de BASE.
Sigue en observacion con alertas controladas.
Requiere aprobacion manual para pasar a BASE.
2026-08-11 14:48:45 | OBSERVACION DE RED
Estado monitor: OBSERVACION
Tipo: PUERTO EN ESCUCHA
IP local: 0.0.0.0
Puerto local: 54284
Estado TCP: LISTENING
PID: 5712
Aplicacion: RvControlSvc
Veces vista: 1
Sigue en observacion con alertas controladas.
Requiere aprobacion manual para pasar a BASE.
2026-08-11 14:48:48 | Escaneo completado. Conexiones=52 Alertas=0 Observaciones=5 LearningMode=False
2026-08-11 14:58:45 | OBSERVACION DE RED
Estado monitor: OBSERVACION
IP remota: 20.190.173.131
Puerto remoto: 443
IP local: 192.168.0.197
Puerto local: 53769
Estado TCP: ESTABLISHED
PID: 23392
Aplicacion: svchost
Veces vista: 17
Ya fue vista antes y sigue fuera de BASE.
Sigue en observacion con alertas controladas.
Requiere aprobacion manual para pasar a BASE.
2026-08-11 14:58:45 | OBSERVACION DE RED
Estado monitor: OBSERVACION
IP remota: 31.13.94.52
Puerto remoto: 443
IP local: 192.168.0.197
Puerto local: 55174
Estado TCP: ESTABLISHED
PID: 19104
Aplicacion: chrome
Veces vista: 448
Ya fue vista antes y sigue fuera de BASE.
Sigue en observacion con alertas controladas.
Requiere aprobacion manual para pasar a BASE.
2026-08-11 14:58:45 | OBSERVACION DE RED
Estado monitor: OBSERVACION
IP remota: 138.97.176.98
Puerto remoto: 443
IP local: 192.168.0.197
Puerto local: 55692
Estado TCP: ESTABLISHED
PID: 19104
Aplicacion: chrome
Veces vista: 18
Ya fue vista antes y sigue fuera de BASE.
Sigue en observacion con alertas controladas.
Requiere aprobacion manual para pasar a BASE.
2026-08-11 14:58:45 | OBSERVACION DE RED
Estado monitor: OBSERVACION
IP remota: 45.162.230.182
Puerto remoto: 17351
IP local: 192.168.0.197
Puerto local: 55736
Estado TCP: ESTABLISHED
PID: 5712
Aplicacion: RvControlSvc
Veces vista: 2306
Ya fue vista antes y sigue fuera de BASE.
Sigue en observacion con alertas controladas.
Requiere aprobacion manual para pasar a BASE.
2026-08-11 14:58:45 | NUEVA CONEXION DETECTADA
Estado monitor: NUEVA
IP remota: 64.233.186.102
Puerto remoto: 443
IP local: 192.168.0.197
Puerto local: 59066
Estado TCP: ESTABLISHED
PID: 19104
Aplicacion: chrome
Veces vista: 1
2026-08-11 14:58:45 | OBSERVACION DE RED
Estado monitor: OBSERVACION
IP remota: 20.184.175.10
Puerto remoto: 443
IP local: 192.168.0.197
Puerto local: 62661
Estado TCP: ESTABLISHED
PID: 5544
Aplicacion: MpDefenderCoreService
Veces vista: 3
Ya fue vista antes y sigue fuera de BASE.
Sigue en observacion con alertas controladas.
Requiere aprobacion manual para pasar a BASE.
2026-08-11 14:58:45 | OBSERVACION DE RED
Estado monitor: OBSERVACION
Tipo: PUERTO EN ESCUCHA
IP local: 0.0.0.0
Puerto local: 135
Estado TCP: LISTENING
PID: 1808
Aplicacion: svchost
Veces vista: 3424
Ya fue vista antes y sigue fuera de BASE.
Sigue en observacion con alertas controladas.
Requiere aprobacion manual para pasar a BASE.
2026-08-11 14:58:45 | OBSERVACION DE RED
Estado monitor: OBSERVACION
Tipo: PUERTO EN ESCUCHA
IP local: 0.0.0.0
Puerto local: 445
Estado TCP: LISTENING
PID: 4
Aplicacion: System
Veces vista: 3424
Ya fue vista antes y sigue fuera de BASE.
Sigue en observacion con alertas controladas.
Requiere aprobacion manual para pasar a BASE.
2026-08-11 14:58:45 | OBSERVACION DE RED
Estado monitor: OBSERVACION
Tipo: PUERTO EN ESCUCHA
IP local: 0.0.0.0
Puerto local: 49664
Estado TCP: LISTENING
PID: 1516
Aplicacion: lsass
Veces vista: 3424
Ya fue vista antes y sigue fuera de BASE.
Sigue en observacion con alertas controladas.
Requiere aprobacion manual para pasar a BASE.
2026-08-11 14:58:45 | OBSERVACION DE RED
Estado monitor: OBSERVACION
Tipo: PUERTO EN ESCUCHA
IP local: 0.0.0.0
Puerto local: 49665
Estado TCP: LISTENING
PID: 1336
Aplicacion: wininit
Veces vista: 3424
Ya fue vista antes y sigue fuera de BASE.
Sigue en observacion con alertas controladas.
Requiere aprobacion manual para pasar a BASE.
2026-08-11 14:58:45 | OBSERVACION DE RED
Estado monitor: OBSERVACION
Tipo: PUERTO EN ESCUCHA
IP local: 0.0.0.0
Puerto local: 49666
Estado TCP: LISTENING
PID: 2520
Aplicacion: svchost
Veces vista: 3424
Ya fue vista antes y sigue fuera de BASE.
Sigue en observacion con alertas controladas.
Requiere aprobacion manual para pasar a BASE.
2026-08-11 14:58:45 | OBSERVACION DE RED
Estado monitor: OBSERVACION
Tipo: PUERTO EN ESCUCHA
IP local: 0.0.0.0
Puerto local: 49667
Estado TCP: LISTENING
PID: 3316
Aplicacion: svchost
Veces vista: 3424
Ya fue vista antes y sigue fuera de BASE.
Sigue en observacion con alertas controladas.
Requiere aprobacion manual para pasar a BASE.
2026-08-11 14:58:45 | OBSERVACION DE RED
Estado monitor: OBSERVACION
Tipo: PUERTO EN ESCUCHA
IP local: 0.0.0.0
Puerto local: 49668
Estado TCP: LISTENING
PID: 4872
Aplicacion: spoolsv
Veces vista: 3424
Ya fue vista antes y sigue fuera de BASE.
Sigue en observacion con alertas controladas.
Requiere aprobacion manual para pasar a BASE.
2026-08-11 14:58:45 | OBSERVACION DE RED
Estado monitor: OBSERVACION
Tipo: PUERTO EN ESCUCHA
IP local: 0.0.0.0
Puerto local: 49670
Estado TCP: LISTENING
PID: 1488
Aplicacion: services
Veces vista: 2161
Ya fue vista antes y sigue fuera de BASE.
Sigue en observacion con alertas controladas.
Requiere aprobacion manual para pasar a BASE.
2026-08-11 14:58:45 | OBSERVACION DE RED
Estado monitor: OBSERVACION
Tipo: PUERTO EN ESCUCHA
IP local: 0.0.0.0
Puerto local: 5040
Estado TCP: LISTENING
PID: 12640
Aplicacion: svchost
Veces vista: 3420
Ya fue vista antes y sigue fuera de BASE.
Sigue en observacion con alertas controladas.
Requiere aprobacion manual para pasar a BASE.
2026-08-11 14:58:45 | OBSERVACION DE RED
Estado monitor: OBSERVACION
Tipo: PUERTO EN ESCUCHA
IP local: 0.0.0.0
Puerto local: 62663
Estado TCP: LISTENING
PID: 5712
Aplicacion: RvControlSvc
Veces vista: 1
Sigue en observacion con alertas controladas.
Requiere aprobacion manual para pasar a BASE.
2026-08-11 14:58:45 | OBSERVACION DE RED
Estado monitor: OBSERVACION
Tipo: PUERTO EN ESCUCHA
IP local: 0.0.0.0
Puerto local: 7070
Estado TCP: LISTENING
PID: 5064
Aplicacion: AnyDesk
Veces vista: 2819
Ya fue vista antes y sigue fuera de BASE.
Sigue en observacion con alertas controladas.
Requiere aprobacion manual para pasar a BASE.
2026-08-11 14:58:45 | OBSERVACION DE RED
Estado monitor: OBSERVACION
Tipo: PUERTO EN ESCUCHA
IP local: 127.0.0.1
Puerto local: 5939
Estado TCP: LISTENING
PID: 5860
Aplicacion: TeamViewer_Service
Veces vista: 487
Ya fue vista antes y sigue fuera de BASE.
Sigue en observacion con alertas controladas.
Requiere aprobacion manual para pasar a BASE.
2026-08-11 14:58:45 | OBSERVACION DE RED
Estado monitor: OBSERVACION
Tipo: PUERTO EN ESCUCHA
IP local: 192.168.56.1
Puerto local: 139
Estado TCP: LISTENING
PID: 4
Aplicacion: System
Veces vista: 3422
Ya fue vista antes y sigue fuera de BASE.
Sigue en observacion con alertas controladas.
Requiere aprobacion manual para pasar a BASE.
2026-08-11 14:58:45 | OBSERVACION DE RED
Estado monitor: OBSERVACION
Tipo: PUERTO EN ESCUCHA
IP local: 26.137.80.247
Puerto local: 139
Estado TCP: LISTENING
PID: 4
Aplicacion: System
Veces vista: 3380
Ya fue vista antes y sigue fuera de BASE.
Sigue en observacion con alertas controladas.
Requiere aprobacion manual para pasar a BASE.
2026-08-11 14:58:48 | Escaneo completado. Conexiones=60 Alertas=0 Observaciones=20 LearningMode=False
2026-08-11 15:08:47 | OBSERVACION DE RED
Estado monitor: OBSERVACION
IP remota: 192.178.234.188
Puerto remoto: 5228
IP local: 192.168.0.197
Puerto local: 49702
Estado TCP: ESTABLISHED
PID: 19104
Aplicacion: chrome
Veces vista: 13
Ya fue vista antes y sigue fuera de BASE.
Sigue en observacion con alertas controladas.
Requiere aprobacion manual para pasar a BASE.
2026-08-11 15:08:47 | NUEVA CONEXION DETECTADA
Estado monitor: NUEVA
IP remota: 2.22.149.48
Puerto remoto: 443
IP local: 192.168.0.197
Puerto local: 50292
Estado TCP: ESTABLISHED
PID: 14408
Aplicacion: Widgets
Veces vista: 1
2026-08-11 15:08:47 | OBSERVACION DE RED
Estado monitor: OBSERVACION
IP remota: 138.97.177.80
Puerto remoto: 57195
IP local: 192.168.0.197
Puerto local: 55701
Estado TCP: ESTABLISHED
PID: 5712
Aplicacion: RvControlSvc
Veces vista: 25
Ya fue vista antes y sigue fuera de BASE.
Sigue en observacion con alertas controladas.
Requiere aprobacion manual para pasar a BASE.
2026-08-11 15:08:48 | OBSERVACION DE RED
Estado monitor: OBSERVACION
IP remota: 138.97.177.80
Puerto remoto: 53520
IP local: 192.168.0.197
Puerto local: 55702
Estado TCP: ESTABLISHED
PID: 5712
Aplicacion: RvControlSvc
Veces vista: 58
Ya fue vista antes y sigue fuera de BASE.
Sigue en observacion con alertas controladas.
Requiere aprobacion manual para pasar a BASE.
2026-08-11 15:08:48 | OBSERVACION DE RED
Estado monitor: OBSERVACION
IP remota: 168.90.73.130
Puerto remoto: 55558
IP local: 192.168.0.197
Puerto local: 55704
Estado TCP: ESTABLISHED
PID: 5712
Aplicacion: RvControlSvc
Veces vista: 185
Ya fue vista antes y sigue fuera de BASE.
Sigue en observacion con alertas controladas.
Requiere aprobacion manual para pasar a BASE.
2026-08-11 15:08:48 | OBSERVACION DE RED
Estado monitor: OBSERVACION
IP remota: 138.97.177.20
Puerto remoto: 50991
IP local: 192.168.0.197
Puerto local: 55708
Estado TCP: ESTABLISHED
PID: 5712
Aplicacion: RvControlSvc
Veces vista: 240
Ya fue vista antes y sigue fuera de BASE.
Sigue en observacion con alertas controladas.
Requiere aprobacion manual para pasar a BASE.
2026-08-11 15:08:48 | OBSERVACION DE RED
Estado monitor: OBSERVACION
IP remota: 138.97.177.104
Puerto remoto: 49704
IP local: 192.168.0.197
Puerto local: 55711
Estado TCP: ESTABLISHED
PID: 5712
Aplicacion: RvControlSvc
Veces vista: 10
Ya fue vista antes y sigue fuera de BASE.
Sigue en observacion con alertas controladas.
Requiere aprobacion manual para pasar a BASE.
2026-08-11 15:08:48 | OBSERVACION DE RED
Estado monitor: OBSERVACION
IP remota: 138.97.177.150
Puerto remoto: 49444
IP local: 192.168.0.197
Puerto local: 55713
Estado TCP: ESTABLISHED
PID: 5712
Aplicacion: RvControlSvc
Veces vista: 7
Ya fue vista antes y sigue fuera de BASE.
Sigue en observacion con alertas controladas.
Requiere aprobacion manual para pasar a BASE.
2026-08-11 15:08:48 | OBSERVACION DE RED
Estado monitor: OBSERVACION
IP remota: 20.190.173.146
Puerto remoto: 443
IP local: 192.168.0.197
Puerto local: 58888
Estado TCP: ESTABLISHED
PID: 18780
Aplicacion: svchost
Veces vista: 20
Ya fue vista antes y sigue fuera de BASE.
Sigue en observacion con alertas controladas.
Requiere aprobacion manual para pasar a BASE.
2026-08-11 15:08:48 | NUEVA CONEXION DETECTADA
Estado monitor: NUEVA
IP remota: 52.110.9.30
Puerto remoto: 443
IP local: 192.168.0.197
Puerto local: 58889
Estado TCP: ESTABLISHED
PID: 21176
Aplicacion: OneDrive
Veces vista: 1
2026-08-11 15:08:48 | OBSERVACION DE RED
Estado monitor: OBSERVACION
IP remota: 20.96.236.177
Puerto remoto: 443
IP local: 192.168.0.197
Puerto local: 58890
Estado TCP: ESTABLISHED
PID: 21176
Aplicacion: OneDrive
Veces vista: 2
Ya fue vista antes y sigue fuera de BASE.
Sigue en observacion con alertas controladas.
Requiere aprobacion manual para pasar a BASE.
2026-08-11 15:08:48 | OBSERVACION DE RED
Estado monitor: OBSERVACION
IP remota: 20.42.73.25
Puerto remoto: 443
IP local: 192.168.0.197
Puerto local: 60267
Estado TCP: ESTABLISHED
PID: 21176
Aplicacion: OneDrive
Veces vista: 5
Ya fue vista antes y sigue fuera de BASE.
Sigue en observacion con alertas controladas.
Requiere aprobacion manual para pasar a BASE.
2026-08-11 15:08:48 | NUEVA CONEXION DETECTADA
Estado monitor: NUEVA
IP remota: 161.69.232.160
Puerto remoto: 443
IP local: 192.168.0.197
Puerto local: 60269
Estado TCP: ESTABLISHED
PID: 5536
Aplicacion: servicehost
Veces vista: 1
2026-08-11 15:08:48 | OBSERVACION DE RED
Estado monitor: OBSERVACION
Tipo: PUERTO EN ESCUCHA
IP local: 0.0.0.0
Puerto local: 2869
Estado TCP: LISTENING
PID: 4
Aplicacion: System
Veces vista: 160
Ya fue vista antes y sigue fuera de BASE.
Sigue en observacion con alertas controladas.
Requiere aprobacion manual para pasar a BASE.
2026-08-11 15:08:48 | OBSERVACION DE RED
Estado monitor: OBSERVACION
Tipo: PUERTO EN ESCUCHA
IP local: 0.0.0.0
Puerto local: 60256
Estado TCP: LISTENING
PID: 5712
Aplicacion: RvControlSvc
Veces vista: 1
Sigue en observacion con alertas controladas.
Requiere aprobacion manual para pasar a BASE.
2026-08-11 15:08:48 | OBSERVACION DE RED
Estado monitor: OBSERVACION
Tipo: PUERTO EN ESCUCHA
IP local: 192.168.0.197
Puerto local: 139
Estado TCP: LISTENING
PID: 4
Aplicacion: System
Veces vista: 264
Ya fue vista antes y sigue fuera de BASE.
Sigue en observacion con alertas controladas.
Requiere aprobacion manual para pasar a BASE.
2026-08-11 15:08:48 | OBSERVACION DE RED
Estado monitor: OBSERVACION
Tipo: PUERTO EN ESCUCHA
IP local: 192.168.0.197
Puerto local: 55862
Estado TCP: LISTENING
PID: 5712
Aplicacion: RvControlSvc
Veces vista: 7
Ya fue vista antes y sigue fuera de BASE.
Sigue en observacion con alertas controladas.
Requiere aprobacion manual para pasar a BASE.
2026-08-11 15:08:51 | Escaneo completado. Conexiones=88 Alertas=0 Observaciones=17 LearningMode=False
2026-08-11 15:18:46 | OBSERVACION DE RED
Estado monitor: OBSERVACION
IP remota: 104.20.39.36
Puerto remoto: 443
IP local: 192.168.0.197
Puerto local: 49780
Estado TCP: ESTABLISHED
PID: 19104
Aplicacion: chrome
Veces vista: 4
Ya fue vista antes y sigue fuera de BASE.
Sigue en observacion con alertas controladas.
Requiere aprobacion manual para pasar a BASE.
2026-08-11 15:18:46 | OBSERVACION DE RED
Estado monitor: OBSERVACION
IP remota: 172.66.0.227
Puerto remoto: 443
IP local: 192.168.0.197
Puerto local: 51413
Estado TCP: ESTABLISHED
PID: 19104
Aplicacion: chrome
Veces vista: 33
Ya fue vista antes y sigue fuera de BASE.
Sigue en observacion con alertas controladas.
Requiere aprobacion manual para pasar a BASE.
2026-08-11 15:18:46 | NUEVA CONEXION DETECTADA
Estado monitor: NUEVA
IP remota: 142.251.0.139
Puerto remoto: 443
IP local: 192.168.0.197
Puerto local: 52974
Estado TCP: ESTABLISHED
PID: 19104
Aplicacion: chrome
Veces vista: 1
2026-08-11 15:18:46 | OBSERVACION DE RED
Estado monitor: OBSERVACION
IP remota: 142.250.0.84
Puerto remoto: 443
IP local: 192.168.0.197
Puerto local: 55253
Estado TCP: ESTABLISHED
PID: 19104
Aplicacion: chrome
Veces vista: 25
Ya fue vista antes y sigue fuera de BASE.
Sigue en observacion con alertas controladas.
Requiere aprobacion manual para pasar a BASE.
2026-08-11 15:18:46 | NUEVA CONEXION DETECTADA
Estado monitor: NUEVA
IP remota: 142.251.0.113
Puerto remoto: 443
IP local: 192.168.0.197
Puerto local: 55573
Estado TCP: ESTABLISHED
PID: 19104
Aplicacion: chrome
Veces vista: 1
2026-08-11 15:18:46 | NUEVA CONEXION DETECTADA
Estado monitor: NUEVA
IP remota: 142.251.0.113
Puerto remoto: 443
IP local: 192.168.0.197
Puerto local: 57319
Estado TCP: ESTABLISHED
PID: 19104
Aplicacion: chrome
Veces vista: 2
2026-08-11 15:18:46 | OBSERVACION DE RED
Estado monitor: OBSERVACION
IP remota: 142.251.150.2
Puerto remoto: 443
IP local: 192.168.0.197
Puerto local: 63675
Estado TCP: ESTABLISHED
PID: 19104
Aplicacion: chrome
Veces vista: 13
Ya fue vista antes y sigue fuera de BASE.
Sigue en observacion con alertas controladas.
Requiere aprobacion manual para pasar a BASE.
2026-08-11 15:18:46 | OBSERVACION DE RED
Estado monitor: OBSERVACION
Tipo: PUERTO EN ESCUCHA
IP local: 0.0.0.0
Puerto local: 63371
Estado TCP: LISTENING
PID: 5712
Aplicacion: RvControlSvc
Veces vista: 1
Sigue en observacion con alertas controladas.
Requiere aprobacion manual para pasar a BASE.
2026-08-11 15:18:50 | Escaneo completado. Conexiones=80 Alertas=0 Observaciones=8 LearningMode=False
2026-08-11 15:31:05 | OBSERVACION DE RED
Estado monitor: OBSERVACION
IP remota: 138.97.177.156
Puerto remoto: 3527
IP local: 192.168.0.197
Puerto local: 49689
Estado TCP: ESTABLISHED
PID: 5712
Aplicacion: RvControlSvc
Veces vista: 25
Ya fue vista antes y sigue fuera de BASE.
Sigue en observacion con alertas controladas.
Requiere aprobacion manual para pasar a BASE.
2026-08-11 15:31:05 | OBSERVACION DE RED
Estado monitor: OBSERVACION
IP remota: 54.187.159.182
Puerto remoto: 443
IP local: 192.168.0.197
Puerto local: 52357
Estado TCP: ESTABLISHED
PID: 19104
Aplicacion: chrome
Veces vista: 29
Ya fue vista antes y sigue fuera de BASE.
Sigue en observacion con alertas controladas.
Requiere aprobacion manual para pasar a BASE.
2026-08-11 15:31:05 | OBSERVACION DE RED
Estado monitor: OBSERVACION
IP remota: 216.150.1.193
Puerto remoto: 443
IP local: 192.168.0.197
Puerto local: 56552
Estado TCP: ESTABLISHED
PID: 19104
Aplicacion: chrome
Veces vista: 177
Ya fue vista antes y sigue fuera de BASE.
Sigue en observacion con alertas controladas.
Requiere aprobacion manual para pasar a BASE.
2026-08-11 15:31:05 | OBSERVACION DE RED
Estado monitor: OBSERVACION
IP remota: 172.217.119.4
Puerto remoto: 443
IP local: 192.168.0.197
Puerto local: 57985
Estado TCP: ESTABLISHED
PID: 19104
Aplicacion: chrome
Veces vista: 44
Ya fue vista antes y sigue fuera de BASE.
Sigue en observacion con alertas controladas.
Requiere aprobacion manual para pasar a BASE.
2026-08-11 15:31:05 | OBSERVACION DE RED
Estado monitor: OBSERVACION
IP remota: 52.168.112.67
Puerto remoto: 443
IP local: 192.168.0.197
Puerto local: 64054
Estado TCP: ESTABLISHED
PID: 5544
Aplicacion: MpDefenderCoreService
Veces vista: 4
Ya fue vista antes y sigue fuera de BASE.
Sigue en observacion con alertas controladas.
Requiere aprobacion manual para pasar a BASE.
2026-08-11 15:31:05 | OBSERVACION DE RED
Estado monitor: OBSERVACION
Tipo: PUERTO EN ESCUCHA
IP local: 0.0.0.0
Puerto local: 58628
Estado TCP: LISTENING
PID: 5712
Aplicacion: RvControlSvc
Veces vista: 1
Sigue en observacion con alertas controladas.
Requiere aprobacion manual para pasar a BASE.
2026-08-11 15:31:05 | OBSERVACION DE RED
Estado monitor: OBSERVACION
Tipo: PUERTO EN ESCUCHA
IP local: 0.0.0.0
Puerto local: 65149
Estado TCP: LISTENING
PID: 5712
Aplicacion: RvControlSvc
Veces vista: 1
Sigue en observacion con alertas controladas.
Requiere aprobacion manual para pasar a BASE.
2026-08-11 15:31:05 | OBSERVACION DE RED
Estado monitor: OBSERVACION
Tipo: PUERTO EN ESCUCHA
IP local: 192.168.0.197
Puerto local: 51335
Estado TCP: LISTENING
PID: 5712
Aplicacion: RvControlSvc
Veces vista: 1
Sigue en observacion con alertas controladas.
Requiere aprobacion manual para pasar a BASE.
2026-08-11 15:31:05 | OBSERVACION DE RED
Estado monitor: OBSERVACION
Tipo: PUERTO EN ESCUCHA
IP local: 192.168.0.197
Puerto local: 65148
Estado TCP: LISTENING
PID: 5712
Aplicacion: RvControlSvc
Veces vista: 1
Sigue en observacion con alertas controladas.
Requiere aprobacion manual para pasar a BASE.
2026-08-11 15:31:08 | Escaneo completado. Conexiones=82 Alertas=0 Observaciones=9 LearningMode=False
2026-08-11 16:10:31 | OBSERVACION DE RED
Estado monitor: OBSERVACION
IP remota: 20.184.175.6
Puerto remoto: 443
IP local: 192.168.0.197
Puerto local: 49335
Estado TCP: ESTABLISHED
PID: 21068
Aplicacion: OneDrive.Sync.Service
Veces vista: 4
Ya fue vista antes y sigue fuera de BASE.
Sigue en observacion con alertas controladas.
Requiere aprobacion manual para pasar a BASE.
2026-08-11 16:10:31 | OBSERVACION DE RED
Estado monitor: OBSERVACION
IP remota: 142.250.0.188
Puerto remoto: 5228
IP local: 192.168.0.197
Puerto local: 52401
Estado TCP: ESTABLISHED
PID: 19104
Aplicacion: chrome
Veces vista: 634
Ya fue vista antes y sigue fuera de BASE.
Sigue en observacion con alertas controladas.
Requiere aprobacion manual para pasar a BASE.
2026-08-11 16:10:31 | OBSERVACION DE RED
Estado monitor: OBSERVACION
IP remota: 31.13.94.52
Puerto remoto: 5222
IP local: 192.168.0.197
Puerto local: 57943
Estado TCP: ESTABLISHED
PID: 19104
Aplicacion: chrome
Veces vista: 84
Ya fue vista antes y sigue fuera de BASE.
Sigue en observacion con alertas controladas.
Requiere aprobacion manual para pasar a BASE.
2026-08-11 16:10:31 | OBSERVACION DE RED
Estado monitor: OBSERVACION
IP remota: 162.159.140.229
Puerto remoto: 443
IP local: 192.168.0.197
Puerto local: 58392
Estado TCP: ESTABLISHED
PID: 19104
Aplicacion: chrome
Veces vista: 51
Ya fue vista antes y sigue fuera de BASE.
Sigue en observacion con alertas controladas.
Requiere aprobacion manual para pasar a BASE.
2026-08-11 16:10:31 | OBSERVACION DE RED
Estado monitor: OBSERVACION
IP remota: 20.184.175.16
Puerto remoto: 443
IP local: 192.168.0.197
Puerto local: 58476
Estado TCP: ESTABLISHED
PID: 21176
Aplicacion: OneDrive
Veces vista: 2
Ya fue vista antes y sigue fuera de BASE.
Sigue en observacion con alertas controladas.
Requiere aprobacion manual para pasar a BASE.
2026-08-11 16:10:31 | OBSERVACION DE RED
Estado monitor: OBSERVACION
IP remota: 20.184.175.16
Puerto remoto: 443
IP local: 192.168.0.197
Puerto local: 58477
Estado TCP: ESTABLISHED
PID: 21068
Aplicacion: OneDrive.Sync.Service
Veces vista: 4
Ya fue vista antes y sigue fuera de BASE.
Sigue en observacion con alertas controladas.
Requiere aprobacion manual para pasar a BASE.
2026-08-11 16:10:31 | NUEVA CONEXION DETECTADA
Estado monitor: NUEVA
IP remota: 172.66.164.245
Puerto remoto: 443
IP local: 192.168.0.197
Puerto local: 59885
Estado TCP: ESTABLISHED
PID: 19104
Aplicacion: chrome
Veces vista: 1
2026-08-11 16:10:31 | OBSERVACION DE RED
Estado monitor: OBSERVACION
IP remota: 151.101.216.157
Puerto remoto: 443
IP local: 192.168.0.197
Puerto local: 60522
Estado TCP: ESTABLISHED
PID: 19104
Aplicacion: chrome
Veces vista: 6
Ya fue vista antes y sigue fuera de BASE.
Sigue en observacion con alertas controladas.
Requiere aprobacion manual para pasar a BASE.
2026-08-11 16:10:31 | OBSERVACION DE RED
Estado monitor: OBSERVACION
IP remota: 138.97.177.150
Puerto remoto: 49444
IP local: 192.168.0.197
Puerto local: 61888
Estado TCP: ESTABLISHED
PID: 5712
Aplicacion: RvControlSvc
Veces vista: 10
Ya fue vista antes y sigue fuera de BASE.
Sigue en observacion con alertas controladas.
Requiere aprobacion manual para pasar a BASE.
2026-08-11 16:10:31 | NUEVA CONEXION DETECTADA
Estado monitor: NUEVA
IP remota: 95.101.24.66
Puerto remoto: 443
IP local: 192.168.0.197
Puerto local: 61897
Estado TCP: ESTABLISHED
PID: 29568
Aplicacion: mc-dad
Veces vista: 1
2026-08-11 16:10:31 | OBSERVACION DE RED
Estado monitor: OBSERVACION
IP remota: 2.19.45.124
Puerto remoto: 443
IP local: 192.168.0.197
Puerto local: 62053
Estado TCP: ESTABLISHED
PID: 17252
Aplicacion: svchost
Veces vista: 28
Ya fue vista antes y sigue fuera de BASE.
Sigue en observacion con alertas controladas.
Requiere aprobacion manual para pasar a BASE.
2026-08-11 16:10:31 | NUEVA CONEXION DETECTADA
Estado monitor: NUEVA
IP remota: 72.154.7.108
Puerto remoto: 443
IP local: 192.168.0.197
Puerto local: 62057
Estado TCP: ESTABLISHED
PID: 17252
Aplicacion: svchost
Veces vista: 1
2026-08-11 16:10:31 | OBSERVACION DE RED
Estado monitor: OBSERVACION
IP remota: 138.97.177.104
Puerto remoto: 49704
IP local: 192.168.0.197
Puerto local: 62067
Estado TCP: ESTABLISHED
PID: 5712
Aplicacion: RvControlSvc
Veces vista: 13
Ya fue vista antes y sigue fuera de BASE.
Sigue en observacion con alertas controladas.
Requiere aprobacion manual para pasar a BASE.
2026-08-11 16:10:31 | OBSERVACION DE RED
Estado monitor: OBSERVACION
IP remota: 138.97.177.80
Puerto remoto: 57195
IP local: 192.168.0.197
Puerto local: 62093
Estado TCP: ESTABLISHED
PID: 5712
Aplicacion: RvControlSvc
Veces vista: 28
Ya fue vista antes y sigue fuera de BASE.
Sigue en observacion con alertas controladas.
Requiere aprobacion manual para pasar a BASE.
2026-08-11 16:10:31 | OBSERVACION DE RED
Estado monitor: OBSERVACION
IP remota: 138.97.177.156
Puerto remoto: 43991
IP local: 192.168.0.197
Puerto local: 62106
Estado TCP: ESTABLISHED
PID: 5712
Aplicacion: RvControlSvc
Veces vista: 204
Ya fue vista antes y sigue fuera de BASE.
Sigue en observacion con alertas controladas.
Requiere aprobacion manual para pasar a BASE.
2026-08-11 16:10:31 | OBSERVACION DE RED
Estado monitor: OBSERVACION
IP remota: 138.97.177.156
Puerto remoto: 2618
IP local: 192.168.0.197
Puerto local: 62107
Estado TCP: ESTABLISHED
PID: 5712
Aplicacion: RvControlSvc
Veces vista: 1
Sigue en observacion con alertas controladas.
Requiere aprobacion manual para pasar a BASE.
2026-08-11 16:10:31 | OBSERVACION DE RED
Estado monitor: OBSERVACION
IP remota: 31.13.94.52
Puerto remoto: 443
IP local: 192.168.0.197
Puerto local: 63226
Estado TCP: ESTABLISHED
PID: 19104
Aplicacion: chrome
Veces vista: 451
Ya fue vista antes y sigue fuera de BASE.
Sigue en observacion con alertas controladas.
Requiere aprobacion manual para pasar a BASE.
2026-08-11 16:10:31 | OBSERVACION DE RED
Estado monitor: OBSERVACION
Tipo: PUERTO EN ESCUCHA
IP local: 0.0.0.0
Puerto local: 2869
Estado TCP: LISTENING
PID: 4
Aplicacion: System
Veces vista: 163
Ya fue vista antes y sigue fuera de BASE.
Sigue en observacion con alertas controladas.
Requiere aprobacion manual para pasar a BASE.
2026-08-11 16:10:31 | OBSERVACION DE RED
Estado monitor: OBSERVACION
Tipo: PUERTO EN ESCUCHA
IP local: 0.0.0.0
Puerto local: 55061
Estado TCP: LISTENING
PID: 5712
Aplicacion: RvControlSvc
Veces vista: 1
Sigue en observacion con alertas controladas.
Requiere aprobacion manual para pasar a BASE.
2026-08-11 16:10:31 | OBSERVACION DE RED
Estado monitor: OBSERVACION
Tipo: PUERTO EN ESCUCHA
IP local: 0.0.0.0
Puerto local: 61889
Estado TCP: LISTENING
PID: 5712
Aplicacion: RvControlSvc
Veces vista: 1
Sigue en observacion con alertas controladas.
Requiere aprobacion manual para pasar a BASE.
2026-08-11 16:10:31 | OBSERVACION DE RED
Estado monitor: OBSERVACION
Tipo: PUERTO EN ESCUCHA
IP local: 192.168.0.197
Puerto local: 139
Estado TCP: LISTENING
PID: 4
Aplicacion: System
Veces vista: 267
Ya fue vista antes y sigue fuera de BASE.
Sigue en observacion con alertas controladas.
Requiere aprobacion manual para pasar a BASE.
2026-08-11 16:10:31 | OBSERVACION DE RED
Estado monitor: OBSERVACION
Tipo: PUERTO EN ESCUCHA
IP local: 192.168.0.197
Puerto local: 52414
Estado TCP: LISTENING
PID: 5712
Aplicacion: RvControlSvc
Veces vista: 1
Sigue en observacion con alertas controladas.
Requiere aprobacion manual para pasar a BASE.
2026-08-11 16:10:31 | OBSERVACION DE RED
Estado monitor: OBSERVACION
Tipo: PUERTO EN ESCUCHA
IP local: 192.168.0.197
Puerto local: 61888
Estado TCP: LISTENING
PID: 5712
Aplicacion: RvControlSvc
Veces vista: 1
Sigue en observacion con alertas controladas.
Requiere aprobacion manual para pasar a BASE.
2026-08-11 16:10:34 | Escaneo completado. Conexiones=109 Alertas=0 Observaciones=23 LearningMode=False
2026-08-11 16:20:26 | OBSERVACION DE RED
Estado monitor: OBSERVACION
Tipo: PUERTO EN ESCUCHA
IP local: 0.0.0.0
Puerto local: 54479
Estado TCP: LISTENING
PID: 5712
Aplicacion: RvControlSvc
Veces vista: 1
Sigue en observacion con alertas controladas.
Requiere aprobacion manual para pasar a BASE.
2026-08-11 16:20:26 | OBSERVACION DE RED
Estado monitor: OBSERVACION
Tipo: PUERTO EN ESCUCHA
IP local: 0.0.0.0
Puerto local: 63871
Estado TCP: LISTENING
PID: 5712
Aplicacion: RvControlSvc
Veces vista: 1
Sigue en observacion con alertas controladas.
Requiere aprobacion manual para pasar a BASE.
2026-08-11 16:20:26 | OBSERVACION DE RED
Estado monitor: OBSERVACION
Tipo: PUERTO EN ESCUCHA
IP local: 192.168.0.197
Puerto local: 63870
Estado TCP: LISTENING
PID: 5712
Aplicacion: RvControlSvc
Veces vista: 1
Sigue en observacion con alertas controladas.
Requiere aprobacion manual para pasar a BASE.
2026-08-11 16:20:29 | Escaneo completado. Conexiones=58 Alertas=0 Observaciones=3 LearningMode=False
2026-08-11 16:30:27 | OBSERVACION DE RED
Estado monitor: OBSERVACION
IP remota: 142.251.0.188
Puerto remoto: 5228
IP local: 192.168.0.197
Puerto local: 51910
Estado TCP: ESTABLISHED
PID: 19104
Aplicacion: chrome
Veces vista: 528
Ya fue vista antes y sigue fuera de BASE.
Sigue en observacion con alertas controladas.
Requiere aprobacion manual para pasar a BASE.
2026-08-11 16:30:27 | OBSERVACION DE RED
Estado monitor: OBSERVACION
IP remota: 108.177.123.84
Puerto remoto: 443
IP local: 192.168.0.197
Puerto local: 53593
Estado TCP: ESTABLISHED
PID: 19104
Aplicacion: chrome
Veces vista: 51
Ya fue vista antes y sigue fuera de BASE.
Sigue en observacion con alertas controladas.
Requiere aprobacion manual para pasar a BASE.
2026-08-11 16:30:27 | OBSERVACION DE RED
Estado monitor: OBSERVACION
IP remota: 57.144.207.32
Puerto remoto: 5222
IP local: 192.168.0.197
Puerto local: 54254
Estado TCP: ESTABLISHED
PID: 19104
Aplicacion: chrome
Veces vista: 138
Ya fue vista antes y sigue fuera de BASE.
Sigue en observacion con alertas controladas.
Requiere aprobacion manual para pasar a BASE.
2026-08-11 16:30:27 | OBSERVACION DE RED
Estado monitor: OBSERVACION
IP remota: 138.97.177.156
Puerto remoto: 3527
IP local: 192.168.0.197
Puerto local: 62086
Estado TCP: ESTABLISHED
PID: 5712
Aplicacion: RvControlSvc
Veces vista: 28
Ya fue vista antes y sigue fuera de BASE.
Sigue en observacion con alertas controladas.
Requiere aprobacion manual para pasar a BASE.
2026-08-11 16:30:27 | OBSERVACION DE RED
Estado monitor: OBSERVACION
Tipo: PUERTO EN ESCUCHA
IP local: 0.0.0.0
Puerto local: 50353
Estado TCP: LISTENING
PID: 5712
Aplicacion: RvControlSvc
Veces vista: 1
Sigue en observacion con alertas controladas.
Requiere aprobacion manual para pasar a BASE.
2026-08-11 16:30:27 | OBSERVACION DE RED
Estado monitor: OBSERVACION
Tipo: PUERTO EN ESCUCHA
IP local: 0.0.0.0
Puerto local: 50361
Estado TCP: LISTENING
PID: 5712
Aplicacion: RvControlSvc
Veces vista: 1
Sigue en observacion con alertas controladas.
Requiere aprobacion manual para pasar a BASE.
2026-08-11 16:30:27 | OBSERVACION DE RED
Estado monitor: OBSERVACION
Tipo: PUERTO EN ESCUCHA
IP local: 192.168.0.197
Puerto local: 50360
Estado TCP: LISTENING
PID: 5712
Aplicacion: RvControlSvc
Veces vista: 1
Sigue en observacion con alertas controladas.
Requiere aprobacion manual para pasar a BASE.
2026-08-11 16:30:30 | Escaneo completado. Conexiones=47 Alertas=0 Observaciones=7 LearningMode=False
2026-08-11 16:40:27 | OBSERVACION DE RED
Estado monitor: OBSERVACION
IP remota: 138.97.177.104
Puerto remoto: 49704
IP local: 192.168.0.197
Puerto local: 62067
Estado TCP: ESTABLISHED
PID: 5712
Aplicacion: RvControlSvc
Veces vista: 16
Ya fue vista antes y sigue fuera de BASE.
Sigue en observacion con alertas controladas.
Requiere aprobacion manual para pasar a BASE.
2026-08-11 16:40:27 | OBSERVACION DE RED
Estado monitor: OBSERVACION
IP remota: 138.97.177.80
Puerto remoto: 57195
IP local: 192.168.0.197
Puerto local: 62093
Estado TCP: ESTABLISHED
PID: 5712
Aplicacion: RvControlSvc
Veces vista: 31
Ya fue vista antes y sigue fuera de BASE.
Sigue en observacion con alertas controladas.
Requiere aprobacion manual para pasar a BASE.
2026-08-11 16:40:27 | OBSERVACION DE RED
Estado monitor: OBSERVACION
IP remota: 138.97.177.156
Puerto remoto: 43991
IP local: 192.168.0.197
Puerto local: 62106
Estado TCP: ESTABLISHED
PID: 5712
Aplicacion: RvControlSvc
Veces vista: 207
Ya fue vista antes y sigue fuera de BASE.
Sigue en observacion con alertas controladas.
Requiere aprobacion manual para pasar a BASE.
2026-08-11 16:40:27 | OBSERVACION DE RED
Estado monitor: OBSERVACION
IP remota: 138.97.177.156
Puerto remoto: 2618
IP local: 192.168.0.197
Puerto local: 62107
Estado TCP: ESTABLISHED
PID: 5712
Aplicacion: RvControlSvc
Veces vista: 4
Ya fue vista antes y sigue fuera de BASE.
Sigue en observacion con alertas controladas.
Requiere aprobacion manual para pasar a BASE.
2026-08-11 16:40:27 | OBSERVACION DE RED
Estado monitor: OBSERVACION
Tipo: PUERTO EN ESCUCHA
IP local: 0.0.0.0
Puerto local: 2869
Estado TCP: LISTENING
PID: 4
Aplicacion: System
Veces vista: 166
Ya fue vista antes y sigue fuera de BASE.
Sigue en observacion con alertas controladas.
Requiere aprobacion manual para pasar a BASE.
2026-08-11 16:40:27 | OBSERVACION DE RED
Estado monitor: OBSERVACION
Tipo: PUERTO EN ESCUCHA
IP local: 0.0.0.0
Puerto local: 50482
Estado TCP: LISTENING
PID: 5712
Aplicacion: RvControlSvc
Veces vista: 1
Sigue en observacion con alertas controladas.
Requiere aprobacion manual para pasar a BASE.
2026-08-11 16:40:27 | OBSERVACION DE RED
Estado monitor: OBSERVACION
Tipo: PUERTO EN ESCUCHA
IP local: 192.168.0.197
Puerto local: 139
Estado TCP: LISTENING
PID: 4
Aplicacion: System
Veces vista: 270
Ya fue vista antes y sigue fuera de BASE.
Sigue en observacion con alertas controladas.
Requiere aprobacion manual para pasar a BASE.
2026-08-11 16:40:27 | OBSERVACION DE RED
Estado monitor: OBSERVACION
Tipo: PUERTO EN ESCUCHA
IP local: 192.168.0.197
Puerto local: 52414
Estado TCP: LISTENING
PID: 5712
Aplicacion: RvControlSvc
Veces vista: 4
Ya fue vista antes y sigue fuera de BASE.
Sigue en observacion con alertas controladas.
Requiere aprobacion manual para pasar a BASE.
2026-08-11 16:40:30 | Escaneo completado. Conexiones=54 Alertas=0 Observaciones=8 LearningMode=False
2026-08-11 16:50:37 | OBSERVACION DE RED
Estado monitor: OBSERVACION
IP remota: 172.217.117.4
Puerto remoto: 443
IP local: 192.168.0.197
Puerto local: 49669
Estado TCP: ESTABLISHED
PID: 19104
Aplicacion: chrome
Veces vista: 40
Ya fue vista antes y sigue fuera de BASE.
Sigue en observacion con alertas controladas.
Requiere aprobacion manual para pasar a BASE.
2026-08-11 16:50:37 | OBSERVACION DE RED
Estado monitor: OBSERVACION
IP remota: 65.8.212.90
Puerto remoto: 443
IP local: 192.168.0.197
Puerto local: 49924
Estado TCP: ESTABLISHED
PID: 19104
Aplicacion: chrome
Veces vista: 2
Ya fue vista antes y sigue fuera de BASE.
Sigue en observacion con alertas controladas.
Requiere aprobacion manual para pasar a BASE.
2026-08-11 16:50:37 | NUEVA CONEXION DETECTADA
Estado monitor: NUEVA
IP remota: 185.199.108.153
Puerto remoto: 443
IP local: 192.168.0.197
Puerto local: 52010
Estado TCP: ESTABLISHED
PID: 19104
Aplicacion: chrome
Veces vista: 1
2026-08-11 16:50:37 | OBSERVACION DE RED
Estado monitor: OBSERVACION
IP remota: 20.42.73.24
Puerto remoto: 443
IP local: 192.168.0.197
Puerto local: 53215
Estado TCP: ESTABLISHED
PID: 5544
Aplicacion: MpDefenderCoreService
Veces vista: 2
Ya fue vista antes y sigue fuera de BASE.
Sigue en observacion con alertas controladas.
Requiere aprobacion manual para pasar a BASE.
2026-08-11 16:50:37 | OBSERVACION DE RED
Estado monitor: OBSERVACION
IP remota: 3.163.139.103
Puerto remoto: 443
IP local: 192.168.0.197
Puerto local: 53623
Estado TCP: ESTABLISHED
PID: 19104
Aplicacion: chrome
Veces vista: 2
Ya fue vista antes y sigue fuera de BASE.
Sigue en observacion con alertas controladas.
Requiere aprobacion manual para pasar a BASE.
2026-08-11 16:50:37 | OBSERVACION DE RED
Estado monitor: OBSERVACION
IP remota: 172.217.118.4
Puerto remoto: 443
IP local: 192.168.0.197
Puerto local: 55892
Estado TCP: ESTABLISHED
PID: 19104
Aplicacion: chrome
Veces vista: 50
Ya fue vista antes y sigue fuera de BASE.
Sigue en observacion con alertas controladas.
Requiere aprobacion manual para pasar a BASE.
2026-08-11 16:50:37 | OBSERVACION DE RED
Estado monitor: OBSERVACION
IP remota: 65.8.207.58
Puerto remoto: 443
IP local: 192.168.0.197
Puerto local: 55899
Estado TCP: ESTABLISHED
PID: 19104
Aplicacion: chrome
Veces vista: 3
Ya fue vista antes y sigue fuera de BASE.
Sigue en observacion con alertas controladas.
Requiere aprobacion manual para pasar a BASE.
2026-08-11 16:50:37 | OBSERVACION DE RED
Estado monitor: OBSERVACION
IP remota: 65.8.207.64
Puerto remoto: 443
IP local: 192.168.0.197
Puerto local: 56313
Estado TCP: ESTABLISHED
PID: 19104
Aplicacion: chrome
Veces vista: 2
Ya fue vista antes y sigue fuera de BASE.
Sigue en observacion con alertas controladas.
Requiere aprobacion manual para pasar a BASE.
2026-08-11 16:50:37 | OBSERVACION DE RED
Estado monitor: OBSERVACION
IP remota: 172.217.114.4
Puerto remoto: 443
IP local: 192.168.0.197
Puerto local: 56323
Estado TCP: ESTABLISHED
PID: 19104
Aplicacion: chrome
Veces vista: 40
Ya fue vista antes y sigue fuera de BASE.
Sigue en observacion con alertas controladas.
Requiere aprobacion manual para pasar a BASE.
2026-08-11 16:50:37 | NUEVA CONEXION DETECTADA
Estado monitor: NUEVA
IP remota: 185.199.108.153
Puerto remoto: 443
IP local: 192.168.0.197
Puerto local: 56652
Estado TCP: ESTABLISHED
PID: 19104
Aplicacion: chrome
Veces vista: 2
2026-08-11 16:50:37 | OBSERVACION DE RED
Estado monitor: OBSERVACION
IP remota: 172.217.28.232
Puerto remoto: 443
IP local: 192.168.0.197
Puerto local: 60588
Estado TCP: ESTABLISHED
PID: 19104
Aplicacion: chrome
Veces vista: 5
Ya fue vista antes y sigue fuera de BASE.
Sigue en observacion con alertas controladas.
Requiere aprobacion manual para pasar a BASE.
2026-08-11 16:50:37 | NUEVA CONEXION DETECTADA
Estado monitor: NUEVA
IP remota: 3.160.119.71
Puerto remoto: 443
IP local: 192.168.0.197
Puerto local: 60798
Estado TCP: ESTABLISHED
PID: 19104
Aplicacion: chrome
Veces vista: 1
2026-08-11 16:50:37 | NUEVA CONEXION DETECTADA
Estado monitor: NUEVA
IP remota: 65.8.207.20
Puerto remoto: 443
IP local: 192.168.0.197
Puerto local: 60933
Estado TCP: ESTABLISHED
PID: 19104
Aplicacion: chrome
Veces vista: 1
2026-08-11 16:50:37 | OBSERVACION DE RED
Estado monitor: OBSERVACION
IP remota: 35.201.89.89
Puerto remoto: 443
IP local: 192.168.0.197
Puerto local: 62177
Estado TCP: ESTABLISHED
PID: 19104
Aplicacion: chrome
Veces vista: 7
Ya fue vista antes y sigue fuera de BASE.
Sigue en observacion con alertas controladas.
Requiere aprobacion manual para pasar a BASE.
2026-08-11 16:50:37 | OBSERVACION DE RED
Estado monitor: OBSERVACION
IP remota: 142.251.134.195
Puerto remoto: 443
IP local: 192.168.0.197
Puerto local: 62859
Estado TCP: ESTABLISHED
PID: 19104
Aplicacion: chrome
Veces vista: 78
Ya fue vista antes y sigue fuera de BASE.
Sigue en observacion con alertas controladas.
Requiere aprobacion manual para pasar a BASE.
2026-08-11 16:50:37 | OBSERVACION DE RED
Estado monitor: OBSERVACION
Tipo: PUERTO EN ESCUCHA
IP local: 0.0.0.0
Puerto local: 56324
Estado TCP: LISTENING
PID: 5712
Aplicacion: RvControlSvc
Veces vista: 1
Sigue en observacion con alertas controladas.
Requiere aprobacion manual para pasar a BASE.
2026-08-11 16:50:40 | Escaneo completado. Conexiones=114 Alertas=0 Observaciones=16 LearningMode=False
2026-08-11 17:00:29 | OBSERVACION DE RED
Estado monitor: OBSERVACION
IP remota: 142.251.0.188
Puerto remoto: 5228
IP local: 192.168.0.197
Puerto local: 51910
Estado TCP: ESTABLISHED
PID: 19104
Aplicacion: chrome
Veces vista: 531
Ya fue vista antes y sigue fuera de BASE.
Sigue en observacion con alertas controladas.
Requiere aprobacion manual para pasar a BASE.
2026-08-11 17:00:29 | OBSERVACION DE RED
Estado monitor: OBSERVACION
IP remota: 57.144.207.32
Puerto remoto: 5222
IP local: 192.168.0.197
Puerto local: 54254
Estado TCP: ESTABLISHED
PID: 19104
Aplicacion: chrome
Veces vista: 141
Ya fue vista antes y sigue fuera de BASE.
Sigue en observacion con alertas controladas.
Requiere aprobacion manual para pasar a BASE.
2026-08-11 17:00:29 | NUEVA CONEXION DETECTADA
Estado monitor: NUEVA
IP remota: 65.8.207.88
Puerto remoto: 443
IP local: 192.168.0.197
Puerto local: 60173
Estado TCP: ESTABLISHED
PID: 19104
Aplicacion: chrome
Veces vista: 1
2026-08-11 17:00:29 | OBSERVACION DE RED
Estado monitor: OBSERVACION
Tipo: PUERTO EN ESCUCHA
IP local: 0.0.0.0
Puerto local: 55607
Estado TCP: LISTENING
PID: 5712
Aplicacion: RvControlSvc
Veces vista: 1
Sigue en observacion con alertas controladas.
Requiere aprobacion manual para pasar a BASE.
2026-08-11 17:00:32 | Escaneo completado. Conexiones=62 Alertas=0 Observaciones=4 LearningMode=False
2026-08-11 17:10:31 | OBSERVACION DE RED
Estado monitor: OBSERVACION
IP remota: 142.251.129.46
Puerto remoto: 443
IP local: 192.168.0.197
Puerto local: 53446
Estado TCP: ESTABLISHED
PID: 19104
Aplicacion: chrome
Veces vista: 204
Ya fue vista antes y sigue fuera de BASE.
Sigue en observacion con alertas controladas.
Requiere aprobacion manual para pasar a BASE.
2026-08-11 17:10:31 | OBSERVACION DE RED
Estado monitor: OBSERVACION
IP remota: 64.233.190.84
Puerto remoto: 443
IP local: 192.168.0.197
Puerto local: 56836
Estado TCP: ESTABLISHED
PID: 19104
Aplicacion: chrome
Veces vista: 38
Ya fue vista antes y sigue fuera de BASE.
Sigue en observacion con alertas controladas.
Requiere aprobacion manual para pasar a BASE.
2026-08-11 17:10:31 | OBSERVACION DE RED
Estado monitor: OBSERVACION
IP remota: 162.159.140.229
Puerto remoto: 443
IP local: 192.168.0.197
Puerto local: 60026
Estado TCP: ESTABLISHED
PID: 19104
Aplicacion: chrome
Veces vista: 52
Ya fue vista antes y sigue fuera de BASE.
Sigue en observacion con alertas controladas.
Requiere aprobacion manual para pasar a BASE.
2026-08-11 17:10:31 | OBSERVACION DE RED
Estado monitor: OBSERVACION
IP remota: 138.97.177.104
Puerto remoto: 49704
IP local: 192.168.0.197
Puerto local: 62067
Estado TCP: ESTABLISHED
PID: 5712
Aplicacion: RvControlSvc
Veces vista: 19
Ya fue vista antes y sigue fuera de BASE.
Sigue en observacion con alertas controladas.
Requiere aprobacion manual para pasar a BASE.
2026-08-11 17:10:31 | OBSERVACION DE RED
Estado monitor: OBSERVACION
IP remota: 138.97.177.80
Puerto remoto: 57195
IP local: 192.168.0.197
Puerto local: 62093
Estado TCP: ESTABLISHED
PID: 5712
Aplicacion: RvControlSvc
Veces vista: 34
Ya fue vista antes y sigue fuera de BASE.
Sigue en observacion con alertas controladas.
Requiere aprobacion manual para pasar a BASE.
2026-08-11 17:10:31 | OBSERVACION DE RED
Estado monitor: OBSERVACION
IP remota: 138.97.177.156
Puerto remoto: 2618
IP local: 192.168.0.197
Puerto local: 62107
Estado TCP: ESTABLISHED
PID: 5712
Aplicacion: RvControlSvc
Veces vista: 7
Ya fue vista antes y sigue fuera de BASE.
Sigue en observacion con alertas controladas.
Requiere aprobacion manual para pasar a BASE.
2026-08-11 17:10:31 | OBSERVACION DE RED
Estado monitor: OBSERVACION
Tipo: PUERTO EN ESCUCHA
IP local: 0.0.0.0
Puerto local: 2869
Estado TCP: LISTENING
PID: 4
Aplicacion: System
Veces vista: 169
Ya fue vista antes y sigue fuera de BASE.
Sigue en observacion con alertas controladas.
Requiere aprobacion manual para pasar a BASE.
2026-08-11 17:10:31 | OBSERVACION DE RED
Estado monitor: OBSERVACION
Tipo: PUERTO EN ESCUCHA
IP local: 0.0.0.0
Puerto local: 59269
Estado TCP: LISTENING
PID: 5712
Aplicacion: RvControlSvc
Veces vista: 1
Sigue en observacion con alertas controladas.
Requiere aprobacion manual para pasar a BASE.
2026-08-11 17:10:31 | OBSERVACION DE RED
Estado monitor: OBSERVACION
Tipo: PUERTO EN ESCUCHA
IP local: 192.168.0.197
Puerto local: 139
Estado TCP: LISTENING
PID: 4
Aplicacion: System
Veces vista: 273
Ya fue vista antes y sigue fuera de BASE.
Sigue en observacion con alertas controladas.
Requiere aprobacion manual para pasar a BASE.
2026-08-11 17:10:31 | OBSERVACION DE RED
Estado monitor: OBSERVACION
Tipo: PUERTO EN ESCUCHA
IP local: 192.168.0.197
Puerto local: 52414
Estado TCP: LISTENING
PID: 5712
Aplicacion: RvControlSvc
Veces vista: 7
Ya fue vista antes y sigue fuera de BASE.
Sigue en observacion con alertas controladas.
Requiere aprobacion manual para pasar a BASE.
2026-08-11 17:10:34 | Escaneo completado. Conexiones=57 Alertas=0 Observaciones=10 LearningMode=False
2026-08-11 17:20:30 | OBSERVACION DE RED
Estado monitor: OBSERVACION
Tipo: PUERTO EN ESCUCHA
IP local: 0.0.0.0
Puerto local: 50850
Estado TCP: LISTENING
PID: 5712
Aplicacion: RvControlSvc
Veces vista: 1
Sigue en observacion con alertas controladas.
Requiere aprobacion manual para pasar a BASE.
2026-08-11 17:20:34 | Escaneo completado. Conexiones=44 Alertas=0 Observaciones=1 LearningMode=False
2026-08-11 17:30:33 | OBSERVACION DE RED
Estado monitor: OBSERVACION
IP remota: 142.251.0.188
Puerto remoto: 5228
IP local: 192.168.0.197
Puerto local: 51910
Estado TCP: ESTABLISHED
PID: 19104
Aplicacion: chrome
Veces vista: 534
Ya fue vista antes y sigue fuera de BASE.
Sigue en observacion con alertas controladas.
Requiere aprobacion manual para pasar a BASE.
2026-08-11 17:30:33 | OBSERVACION DE RED
Estado monitor: OBSERVACION
IP remota: 20.184.175.13
Puerto remoto: 443
IP local: 192.168.0.197
Puerto local: 54825
Estado TCP: ESTABLISHED
PID: 21176
Aplicacion: OneDrive
Veces vista: 4
Ya fue vista antes y sigue fuera de BASE.
Sigue en observacion con alertas controladas.
Requiere aprobacion manual para pasar a BASE.
2026-08-11 17:30:33 | OBSERVACION DE RED
Estado monitor: OBSERVACION
IP remota: 199.232.214.172
Puerto remoto: 80
IP local: 192.168.0.197
Puerto local: 54826
Estado TCP: ESTABLISHED
PID: 5092
Aplicacion: svchost
Veces vista: 40
Ya fue vista antes y sigue fuera de BASE.
Sigue en observacion con alertas controladas.
Requiere aprobacion manual para pasar a BASE.
2026-08-11 17:30:33 | OBSERVACION DE RED
Estado monitor: OBSERVACION
IP remota: 142.251.129.35
Puerto remoto: 80
IP local: 192.168.0.197
Puerto local: 54827
Estado TCP: ESTABLISHED
PID: 5092
Aplicacion: svchost
Veces vista: 10
Ya fue vista antes y sigue fuera de BASE.
Sigue en observacion con alertas controladas.
Requiere aprobacion manual para pasar a BASE.
2026-08-11 17:30:33 | NUEVA CONEXION DETECTADA
Estado monitor: NUEVA
IP remota: 172.66.164.245
Puerto remoto: 443
IP local: 192.168.0.197
Puerto local: 57839
Estado TCP: ESTABLISHED
PID: 19104
Aplicacion: chrome
Veces vista: 2
2026-08-11 17:30:33 | OBSERVACION DE RED
Estado monitor: OBSERVACION
IP remota: 172.66.0.227
Puerto remoto: 443
IP local: 192.168.0.197
Puerto local: 58050
Estado TCP: ESTABLISHED
PID: 19104
Aplicacion: chrome
Veces vista: 35
Ya fue vista antes y sigue fuera de BASE.
Sigue en observacion con alertas controladas.
Requiere aprobacion manual para pasar a BASE.
2026-08-11 17:30:33 | OBSERVACION DE RED
Estado monitor: OBSERVACION
IP remota: 151.101.216.157
Puerto remoto: 443
IP local: 192.168.0.197
Puerto local: 59664
Estado TCP: ESTABLISHED
PID: 19104
Aplicacion: chrome
Veces vista: 7
Ya fue vista antes y sigue fuera de BASE.
Sigue en observacion con alertas controladas.
Requiere aprobacion manual para pasar a BASE.
2026-08-11 17:30:33 | OBSERVACION DE RED
Estado monitor: OBSERVACION
IP remota: 172.67.70.186
Puerto remoto: 443
IP local: 192.168.0.197
Puerto local: 61854
Estado TCP: ESTABLISHED
PID: 19104
Aplicacion: chrome
Veces vista: 2
Ya fue vista antes y sigue fuera de BASE.
Sigue en observacion con alertas controladas.
Requiere aprobacion manual para pasar a BASE.
2026-08-11 17:30:33 | OBSERVACION DE RED
Estado monitor: OBSERVACION
Tipo: PUERTO EN ESCUCHA
IP local: 0.0.0.0
Puerto local: 60117
Estado TCP: LISTENING
PID: 5712
Aplicacion: RvControlSvc
Veces vista: 1
Sigue en observacion con alertas controladas.
Requiere aprobacion manual para pasar a BASE.
2026-08-11 17:30:37 | Escaneo completado. Conexiones=57 Alertas=0 Observaciones=9 LearningMode=False
2026-08-11 21:00:28 | OBSERVACION DE RED
Estado monitor: OBSERVACION
IP remota: 151.101.220.157
Puerto remoto: 443
IP local: 192.168.100.8
Puerto local: 49674
Estado TCP: ESTABLISHED
PID: 19104
Aplicacion: chrome
Veces vista: 8
Ya fue vista antes y sigue fuera de BASE.
Sigue en observacion con alertas controladas.
Requiere aprobacion manual para pasar a BASE.
2026-08-11 21:00:28 | OBSERVACION DE RED
Estado monitor: OBSERVACION
IP remota: 45.162.230.182
Puerto remoto: 17351
IP local: 192.168.100.8
Puerto local: 53057
Estado TCP: ESTABLISHED
PID: 5712
Aplicacion: RvControlSvc
Veces vista: 2388
Ya fue vista antes y sigue fuera de BASE.
Sigue en observacion con alertas controladas.
Requiere aprobacion manual para pasar a BASE.
2026-08-11 21:00:28 | OBSERVACION DE RED
Estado monitor: OBSERVACION
IP remota: 138.97.177.20
Puerto remoto: 50991
IP local: 192.168.100.8
Puerto local: 53490
Estado TCP: ESTABLISHED
PID: 5712
Aplicacion: RvControlSvc
Veces vista: 252
Ya fue vista antes y sigue fuera de BASE.
Sigue en observacion con alertas controladas.
Requiere aprobacion manual para pasar a BASE.
2026-08-11 21:00:28 | OBSERVACION DE RED
Estado monitor: OBSERVACION
IP remota: 138.97.177.104
Puerto remoto: 49704
IP local: 192.168.100.8
Puerto local: 53492
Estado TCP: ESTABLISHED
PID: 5712
Aplicacion: RvControlSvc
Veces vista: 22
Ya fue vista antes y sigue fuera de BASE.
Sigue en observacion con alertas controladas.
Requiere aprobacion manual para pasar a BASE.
2026-08-11 21:00:28 | OBSERVACION DE RED
Estado monitor: OBSERVACION
IP remota: 138.97.177.156
Puerto remoto: 10493
IP local: 192.168.100.8
Puerto local: 53493
Estado TCP: ESTABLISHED
PID: 5712
Aplicacion: RvControlSvc
Veces vista: 32
Ya fue vista antes y sigue fuera de BASE.
Sigue en observacion con alertas controladas.
Requiere aprobacion manual para pasar a BASE.
2026-08-11 21:00:28 | OBSERVACION DE RED
Estado monitor: OBSERVACION
IP remota: 138.97.177.80
Puerto remoto: 57195
IP local: 192.168.100.8
Puerto local: 53494
Estado TCP: ESTABLISHED
PID: 5712
Aplicacion: RvControlSvc
Veces vista: 37
Ya fue vista antes y sigue fuera de BASE.
Sigue en observacion con alertas controladas.
Requiere aprobacion manual para pasar a BASE.
2026-08-11 21:00:28 | OBSERVACION DE RED
Estado monitor: OBSERVACION
IP remota: 138.97.177.150
Puerto remoto: 49444
IP local: 192.168.100.8
Puerto local: 53495
Estado TCP: ESTABLISHED
PID: 5712
Aplicacion: RvControlSvc
Veces vista: 11
Ya fue vista antes y sigue fuera de BASE.
Sigue en observacion con alertas controladas.
Requiere aprobacion manual para pasar a BASE.
2026-08-11 21:00:28 | OBSERVACION DE RED
Estado monitor: OBSERVACION
IP remota: 138.97.177.156
Puerto remoto: 3527
IP local: 192.168.100.8
Puerto local: 53496
Estado TCP: ESTABLISHED
PID: 5712
Aplicacion: RvControlSvc
Veces vista: 35
Ya fue vista antes y sigue fuera de BASE.
Sigue en observacion con alertas controladas.
Requiere aprobacion manual para pasar a BASE.
2026-08-11 21:00:28 | OBSERVACION DE RED
Estado monitor: OBSERVACION
IP remota: 168.90.73.130
Puerto remoto: 55558
IP local: 192.168.100.8
Puerto local: 53498
Estado TCP: ESTABLISHED
PID: 5712
Aplicacion: RvControlSvc
Veces vista: 196
Ya fue vista antes y sigue fuera de BASE.
Sigue en observacion con alertas controladas.
Requiere aprobacion manual para pasar a BASE.
2026-08-11 21:00:28 | OBSERVACION DE RED
Estado monitor: OBSERVACION
IP remota: 138.97.177.80
Puerto remoto: 53520
IP local: 192.168.100.8
Puerto local: 53499
Estado TCP: ESTABLISHED
PID: 5712
Aplicacion: RvControlSvc
Veces vista: 70
Ya fue vista antes y sigue fuera de BASE.
Sigue en observacion con alertas controladas.
Requiere aprobacion manual para pasar a BASE.
2026-08-11 21:00:28 | OBSERVACION DE RED
Estado monitor: OBSERVACION
IP remota: 138.97.177.156
Puerto remoto: 43991
IP local: 192.168.100.8
Puerto local: 53500
Estado TCP: ESTABLISHED
PID: 5712
Aplicacion: RvControlSvc
Veces vista: 213
Ya fue vista antes y sigue fuera de BASE.
Sigue en observacion con alertas controladas.
Requiere aprobacion manual para pasar a BASE.
2026-08-11 21:00:28 | OBSERVACION DE RED
Estado monitor: OBSERVACION
IP remota: 64.233.186.157
Puerto remoto: 443
IP local: 192.168.100.8
Puerto local: 53810
Estado TCP: ESTABLISHED
PID: 19104
Aplicacion: chrome
Veces vista: 7
Ya fue vista antes y sigue fuera de BASE.
Sigue en observacion con alertas controladas.
Requiere aprobacion manual para pasar a BASE.
2026-08-11 21:00:28 | OBSERVACION DE RED
Estado monitor: OBSERVACION
IP remota: 148.113.190.78
Puerto remoto: 17301
IP local: 192.168.100.8
Puerto local: 53918
Estado TCP: ESTABLISHED
PID: 5712
Aplicacion: RvControlSvc
Veces vista: 1063
Ya fue vista antes y sigue fuera de BASE.
Sigue en observacion con alertas controladas.
Requiere aprobacion manual para pasar a BASE.
2026-08-11 21:00:28 | OBSERVACION DE RED
Estado monitor: OBSERVACION
IP remota: 34.160.122.198
Puerto remoto: 443
IP local: 192.168.100.8
Puerto local: 54033
Estado TCP: ESTABLISHED
PID: 19104
Aplicacion: chrome
Veces vista: 25
Ya fue vista antes y sigue fuera de BASE.
Sigue en observacion con alertas controladas.
Requiere aprobacion manual para pasar a BASE.
2026-08-11 21:00:28 | OBSERVACION DE RED
Estado monitor: OBSERVACION
IP remota: 185.199.110.153
Puerto remoto: 443
IP local: 192.168.100.8
Puerto local: 54342
Estado TCP: ESTABLISHED
PID: 19104
Aplicacion: chrome
Veces vista: 3
Ya fue vista antes y sigue fuera de BASE.
Sigue en observacion con alertas controladas.
Requiere aprobacion manual para pasar a BASE.
2026-08-11 21:00:28 | OBSERVACION DE RED
Estado monitor: OBSERVACION
IP remota: 31.13.94.52
Puerto remoto: 443
IP local: 192.168.100.8
Puerto local: 55045
Estado TCP: ESTABLISHED
PID: 19104
Aplicacion: chrome
Veces vista: 452
Ya fue vista antes y sigue fuera de BASE.
Sigue en observacion con alertas controladas.
Requiere aprobacion manual para pasar a BASE.
2026-08-11 21:00:28 | OBSERVACION DE RED
Estado monitor: OBSERVACION
IP remota: 3.160.119.34
Puerto remoto: 443
IP local: 192.168.100.8
Puerto local: 55770
Estado TCP: ESTABLISHED
PID: 19104
Aplicacion: chrome
Veces vista: 2
Ya fue vista antes y sigue fuera de BASE.
Sigue en observacion con alertas controladas.
Requiere aprobacion manual para pasar a BASE.
2026-08-11 21:00:28 | OBSERVACION DE RED
Estado monitor: OBSERVACION
IP remota: 151.101.65.91
Puerto remoto: 443
IP local: 192.168.100.8
Puerto local: 56836
Estado TCP: ESTABLISHED
PID: 19104
Aplicacion: chrome
Veces vista: 78
Ya fue vista antes y sigue fuera de BASE.
Sigue en observacion con alertas controladas.
Requiere aprobacion manual para pasar a BASE.
2026-08-11 21:00:28 | OBSERVACION DE RED
Estado monitor: OBSERVACION
IP remota: 172.217.115.4
Puerto remoto: 443
IP local: 192.168.100.8
Puerto local: 57072
Estado TCP: ESTABLISHED
PID: 19104
Aplicacion: chrome
Veces vista: 37
Ya fue vista antes y sigue fuera de BASE.
Sigue en observacion con alertas controladas.
Requiere aprobacion manual para pasar a BASE.
2026-08-11 21:00:28 | OBSERVACION DE RED
Estado monitor: OBSERVACION
IP remota: 189.1.168.122
Puerto remoto: 443
IP local: 192.168.100.8
Puerto local: 58134
Estado TCP: ESTABLISHED
PID: 5064
Aplicacion: AnyDesk
Veces vista: 34
Ya fue vista antes y sigue fuera de BASE.
Sigue en observacion con alertas controladas.
Requiere aprobacion manual para pasar a BASE.
2026-08-11 21:00:28 | NUEVA CONEXION DETECTADA
Estado monitor: NUEVA
IP remota: 65.8.207.126
Puerto remoto: 443
IP local: 192.168.100.8
Puerto local: 59590
Estado TCP: ESTABLISHED
PID: 19104
Aplicacion: chrome
Veces vista: 1
2026-08-11 21:00:28 | OBSERVACION DE RED
Estado monitor: OBSERVACION
IP remota: 31.13.94.52
Puerto remoto: 5222
IP local: 192.168.100.8
Puerto local: 60426
Estado TCP: ESTABLISHED
PID: 19104
Aplicacion: chrome
Veces vista: 86
Ya fue vista antes y sigue fuera de BASE.
Sigue en observacion con alertas controladas.
Requiere aprobacion manual para pasar a BASE.
2026-08-11 21:00:28 | OBSERVACION DE RED
Estado monitor: OBSERVACION
IP remota: 65.8.212.90
Puerto remoto: 443
IP local: 192.168.100.8
Puerto local: 63573
Estado TCP: ESTABLISHED
PID: 19104
Aplicacion: chrome
Veces vista: 3
Ya fue vista antes y sigue fuera de BASE.
Sigue en observacion con alertas controladas.
Requiere aprobacion manual para pasar a BASE.
2026-08-11 21:00:28 | OBSERVACION DE RED
Estado monitor: OBSERVACION
IP remota: 3.163.139.26
Puerto remoto: 443
IP local: 192.168.100.8
Puerto local: 64683
Estado TCP: ESTABLISHED
PID: 19104
Aplicacion: chrome
Veces vista: 5
Ya fue vista antes y sigue fuera de BASE.
Sigue en observacion con alertas controladas.
Requiere aprobacion manual para pasar a BASE.
2026-08-11 21:00:28 | OBSERVACION DE RED
Estado monitor: OBSERVACION
Tipo: PUERTO EN ESCUCHA
IP local: 0.0.0.0
Puerto local: 135
Estado TCP: LISTENING
PID: 1808
Aplicacion: svchost
Veces vista: 3437
Ya fue vista antes y sigue fuera de BASE.
Sigue en observacion con alertas controladas.
Requiere aprobacion manual para pasar a BASE.
2026-08-11 21:00:28 | OBSERVACION DE RED
Estado monitor: OBSERVACION
Tipo: PUERTO EN ESCUCHA
IP local: 0.0.0.0
Puerto local: 445
Estado TCP: LISTENING
PID: 4
Aplicacion: System
Veces vista: 3437
Ya fue vista antes y sigue fuera de BASE.
Sigue en observacion con alertas controladas.
Requiere aprobacion manual para pasar a BASE.
2026-08-11 21:00:28 | OBSERVACION DE RED
Estado monitor: OBSERVACION
Tipo: PUERTO EN ESCUCHA
IP local: 0.0.0.0
Puerto local: 49664
Estado TCP: LISTENING
PID: 1516
Aplicacion: lsass
Veces vista: 3437
Ya fue vista antes y sigue fuera de BASE.
Sigue en observacion con alertas controladas.
Requiere aprobacion manual para pasar a BASE.
2026-08-11 21:00:28 | OBSERVACION DE RED
Estado monitor: OBSERVACION
Tipo: PUERTO EN ESCUCHA
IP local: 0.0.0.0
Puerto local: 49665
Estado TCP: LISTENING
PID: 1336
Aplicacion: wininit
Veces vista: 3437
Ya fue vista antes y sigue fuera de BASE.
Sigue en observacion con alertas controladas.
Requiere aprobacion manual para pasar a BASE.
2026-08-11 21:00:28 | OBSERVACION DE RED
Estado monitor: OBSERVACION
Tipo: PUERTO EN ESCUCHA
IP local: 0.0.0.0
Puerto local: 49666
Estado TCP: LISTENING
PID: 2520
Aplicacion: svchost
Veces vista: 3437
Ya fue vista antes y sigue fuera de BASE.
Sigue en observacion con alertas controladas.
Requiere aprobacion manual para pasar a BASE.
2026-08-11 21:00:28 | OBSERVACION DE RED
Estado monitor: OBSERVACION
Tipo: PUERTO EN ESCUCHA
IP local: 0.0.0.0
Puerto local: 49667
Estado TCP: LISTENING
PID: 3316
Aplicacion: svchost
Veces vista: 3437
Ya fue vista antes y sigue fuera de BASE.
Sigue en observacion con alertas controladas.
Requiere aprobacion manual para pasar a BASE.
2026-08-11 21:00:28 | OBSERVACION DE RED
Estado monitor: OBSERVACION
Tipo: PUERTO EN ESCUCHA
IP local: 0.0.0.0
Puerto local: 49668
Estado TCP: LISTENING
PID: 4872
Aplicacion: spoolsv
Veces vista: 3437
Ya fue vista antes y sigue fuera de BASE.
Sigue en observacion con alertas controladas.
Requiere aprobacion manual para pasar a BASE.
2026-08-11 21:00:28 | OBSERVACION DE RED
Estado monitor: OBSERVACION
Tipo: PUERTO EN ESCUCHA
IP local: 0.0.0.0
Puerto local: 49670
Estado TCP: LISTENING
PID: 1488
Aplicacion: services
Veces vista: 2174
Ya fue vista antes y sigue fuera de BASE.
Sigue en observacion con alertas controladas.
Requiere aprobacion manual para pasar a BASE.
2026-08-11 21:00:28 | OBSERVACION DE RED
Estado monitor: OBSERVACION
Tipo: PUERTO EN ESCUCHA
IP local: 0.0.0.0
Puerto local: 5040
Estado TCP: LISTENING
PID: 12640
Aplicacion: svchost
Veces vista: 3433
Ya fue vista antes y sigue fuera de BASE.
Sigue en observacion con alertas controladas.
Requiere aprobacion manual para pasar a BASE.
2026-08-11 21:00:28 | OBSERVACION DE RED
Estado monitor: OBSERVACION
Tipo: PUERTO EN ESCUCHA
IP local: 0.0.0.0
Puerto local: 53911
Estado TCP: LISTENING
PID: 5712
Aplicacion: RvControlSvc
Veces vista: 1
Sigue en observacion con alertas controladas.
Requiere aprobacion manual para pasar a BASE.
2026-08-11 21:00:28 | OBSERVACION DE RED
Estado monitor: OBSERVACION
Tipo: PUERTO EN ESCUCHA
IP local: 0.0.0.0
Puerto local: 53919
Estado TCP: LISTENING
PID: 5712
Aplicacion: RvControlSvc
Veces vista: 1
Sigue en observacion con alertas controladas.
Requiere aprobacion manual para pasar a BASE.
2026-08-11 21:00:28 | OBSERVACION DE RED
Estado monitor: OBSERVACION
Tipo: PUERTO EN ESCUCHA
IP local: 0.0.0.0
Puerto local: 58407
Estado TCP: LISTENING
PID: 5712
Aplicacion: RvControlSvc
Veces vista: 1
Sigue en observacion con alertas controladas.
Requiere aprobacion manual para pasar a BASE.
2026-08-11 21:00:28 | OBSERVACION DE RED
Estado monitor: OBSERVACION
Tipo: PUERTO EN ESCUCHA
IP local: 0.0.0.0
Puerto local: 7070
Estado TCP: LISTENING
PID: 5064
Aplicacion: AnyDesk
Veces vista: 2832
Ya fue vista antes y sigue fuera de BASE.
Sigue en observacion con alertas controladas.
Requiere aprobacion manual para pasar a BASE.
2026-08-11 21:00:28 | OBSERVACION DE RED
Estado monitor: OBSERVACION
Tipo: PUERTO EN ESCUCHA
IP local: 127.0.0.1
Puerto local: 5939
Estado TCP: LISTENING
PID: 5860
Aplicacion: TeamViewer_Service
Veces vista: 500
Ya fue vista antes y sigue fuera de BASE.
Sigue en observacion con alertas controladas.
Requiere aprobacion manual para pasar a BASE.
2026-08-11 21:00:28 | OBSERVACION DE RED
Estado monitor: OBSERVACION
Tipo: PUERTO EN ESCUCHA
IP local: 192.168.100.8
Puerto local: 139
Estado TCP: LISTENING
PID: 4
Aplicacion: System
Veces vista: 1289
Ya fue vista antes y sigue fuera de BASE.
Sigue en observacion con alertas controladas.
Requiere aprobacion manual para pasar a BASE.
2026-08-11 21:00:28 | OBSERVACION DE RED
Estado monitor: OBSERVACION
Tipo: PUERTO EN ESCUCHA
IP local: 192.168.100.8
Puerto local: 53910
Estado TCP: LISTENING
PID: 5712
Aplicacion: RvControlSvc
Veces vista: 1
Sigue en observacion con alertas controladas.
Requiere aprobacion manual para pasar a BASE.
2026-08-11 21:00:28 | OBSERVACION DE RED
Estado monitor: OBSERVACION
Tipo: PUERTO EN ESCUCHA
IP local: 192.168.100.8
Puerto local: 53918
Estado TCP: LISTENING
PID: 5712
Aplicacion: RvControlSvc
Veces vista: 1
Sigue en observacion con alertas controladas.
Requiere aprobacion manual para pasar a BASE.
2026-08-11 21:00:28 | OBSERVACION DE RED
Estado monitor: OBSERVACION
Tipo: PUERTO EN ESCUCHA
IP local: 192.168.100.8
Puerto local: 57341
Estado TCP: LISTENING
PID: 5712
Aplicacion: RvControlSvc
Veces vista: 1
Sigue en observacion con alertas controladas.
Requiere aprobacion manual para pasar a BASE.
2026-08-11 21:00:28 | OBSERVACION DE RED
Estado monitor: OBSERVACION
Tipo: PUERTO EN ESCUCHA
IP local: 192.168.56.1
Puerto local: 139
Estado TCP: LISTENING
PID: 4
Aplicacion: System
Veces vista: 3435
Ya fue vista antes y sigue fuera de BASE.
Sigue en observacion con alertas controladas.
Requiere aprobacion manual para pasar a BASE.
2026-08-11 21:00:28 | OBSERVACION DE RED
Estado monitor: OBSERVACION
Tipo: PUERTO EN ESCUCHA
IP local: 26.137.80.247
Puerto local: 139
Estado TCP: LISTENING
PID: 4
Aplicacion: System
Veces vista: 3393
Ya fue vista antes y sigue fuera de BASE.
Sigue en observacion con alertas controladas.
Requiere aprobacion manual para pasar a BASE.
2026-08-11 21:00:31 | Escaneo completado. Conexiones=85 Alertas=0 Observaciones=44 LearningMode=False
2026-08-11 21:10:25 | Escaneo completado. Conexiones=41 Alertas=0 Observaciones=0 LearningMode=False
2026-08-11 21:20:25 | OBSERVACION DE RED
Estado monitor: OBSERVACION
IP remota: 142.251.0.188
Puerto remoto: 5228
IP local: 192.168.100.8
Puerto local: 53623
Estado TCP: ESTABLISHED
PID: 19104
Aplicacion: chrome
Veces vista: 537
Ya fue vista antes y sigue fuera de BASE.
Sigue en observacion con alertas controladas.
Requiere aprobacion manual para pasar a BASE.
2026-08-11 21:20:25 | OBSERVACION DE RED
Estado monitor: OBSERVACION
IP remota: 200.42.122.8
Puerto remoto: 443
IP local: 192.168.100.8
Puerto local: 54521
Estado TCP: ESTABLISHED
PID: 19104
Aplicacion: chrome
Veces vista: 62
Ya fue vista antes y sigue fuera de BASE.
Sigue en observacion con alertas controladas.
Requiere aprobacion manual para pasar a BASE.
2026-08-11 21:20:29 | Escaneo completado. Conexiones=40 Alertas=0 Observaciones=2 LearningMode=False
2026-08-11 21:30:27 | OBSERVACION DE RED
Estado monitor: OBSERVACION
IP remota: 31.13.94.52
Puerto remoto: 443
IP local: 192.168.100.8
Puerto local: 52529
Estado TCP: ESTABLISHED
PID: 19104
Aplicacion: chrome
Veces vista: 453
Ya fue vista antes y sigue fuera de BASE.
Sigue en observacion con alertas controladas.
Requiere aprobacion manual para pasar a BASE.
2026-08-11 21:30:27 | OBSERVACION DE RED
Estado monitor: OBSERVACION
IP remota: 45.162.230.182
Puerto remoto: 17351
IP local: 192.168.100.8
Puerto local: 53057
Estado TCP: ESTABLISHED
PID: 5712
Aplicacion: RvControlSvc
Veces vista: 2405
Ya fue vista antes y sigue fuera de BASE.
Sigue en observacion con alertas controladas.
Requiere aprobacion manual para pasar a BASE.
2026-08-11 21:30:27 | OBSERVACION DE RED
Estado monitor: OBSERVACION
IP remota: 138.97.177.20
Puerto remoto: 50991
IP local: 192.168.100.8
Puerto local: 53490
Estado TCP: ESTABLISHED
PID: 5712
Aplicacion: RvControlSvc
Veces vista: 255
Ya fue vista antes y sigue fuera de BASE.
Sigue en observacion con alertas controladas.
Requiere aprobacion manual para pasar a BASE.
2026-08-11 21:30:27 | OBSERVACION DE RED
Estado monitor: OBSERVACION
IP remota: 138.97.177.104
Puerto remoto: 49704
IP local: 192.168.100.8
Puerto local: 53492
Estado TCP: ESTABLISHED
PID: 5712
Aplicacion: RvControlSvc
Veces vista: 25
Ya fue vista antes y sigue fuera de BASE.
Sigue en observacion con alertas controladas.
Requiere aprobacion manual para pasar a BASE.
2026-08-11 21:30:27 | OBSERVACION DE RED
Estado monitor: OBSERVACION
IP remota: 138.97.177.156
Puerto remoto: 10493
IP local: 192.168.100.8
Puerto local: 53493
Estado TCP: ESTABLISHED
PID: 5712
Aplicacion: RvControlSvc
Veces vista: 35
Ya fue vista antes y sigue fuera de BASE.
Sigue en observacion con alertas controladas.
Requiere aprobacion manual para pasar a BASE.
2026-08-11 21:30:27 | OBSERVACION DE RED
Estado monitor: OBSERVACION
IP remota: 138.97.177.80
Puerto remoto: 57195
IP local: 192.168.100.8
Puerto local: 53494
Estado TCP: ESTABLISHED
PID: 5712
Aplicacion: RvControlSvc
Veces vista: 40
Ya fue vista antes y sigue fuera de BASE.
Sigue en observacion con alertas controladas.
Requiere aprobacion manual para pasar a BASE.
2026-08-11 21:30:27 | OBSERVACION DE RED
Estado monitor: OBSERVACION
IP remota: 138.97.177.150
Puerto remoto: 49444
IP local: 192.168.100.8
Puerto local: 53495
Estado TCP: ESTABLISHED
PID: 5712
Aplicacion: RvControlSvc
Veces vista: 14
Ya fue vista antes y sigue fuera de BASE.
Sigue en observacion con alertas controladas.
Requiere aprobacion manual para pasar a BASE.
2026-08-11 21:30:27 | OBSERVACION DE RED
Estado monitor: OBSERVACION
IP remota: 138.97.177.156
Puerto remoto: 3527
IP local: 192.168.100.8
Puerto local: 53496
Estado TCP: ESTABLISHED
PID: 5712
Aplicacion: RvControlSvc
Veces vista: 38
Ya fue vista antes y sigue fuera de BASE.
Sigue en observacion con alertas controladas.
Requiere aprobacion manual para pasar a BASE.
2026-08-11 21:30:27 | OBSERVACION DE RED
Estado monitor: OBSERVACION
IP remota: 168.90.73.130
Puerto remoto: 55558
IP local: 192.168.100.8
Puerto local: 53498
Estado TCP: ESTABLISHED
PID: 5712
Aplicacion: RvControlSvc
Veces vista: 199
Ya fue vista antes y sigue fuera de BASE.
Sigue en observacion con alertas controladas.
Requiere aprobacion manual para pasar a BASE.
2026-08-11 21:30:27 | OBSERVACION DE RED
Estado monitor: OBSERVACION
IP remota: 138.97.177.80
Puerto remoto: 53520
IP local: 192.168.100.8
Puerto local: 53499
Estado TCP: ESTABLISHED
PID: 5712
Aplicacion: RvControlSvc
Veces vista: 73
Ya fue vista antes y sigue fuera de BASE.
Sigue en observacion con alertas controladas.
Requiere aprobacion manual para pasar a BASE.
2026-08-11 21:30:27 | OBSERVACION DE RED
Estado monitor: OBSERVACION
IP remota: 138.97.177.156
Puerto remoto: 43991
IP local: 192.168.100.8
Puerto local: 53500
Estado TCP: ESTABLISHED
PID: 5712
Aplicacion: RvControlSvc
Veces vista: 216
Ya fue vista antes y sigue fuera de BASE.
Sigue en observacion con alertas controladas.
Requiere aprobacion manual para pasar a BASE.
2026-08-11 21:30:27 | OBSERVACION DE RED
Estado monitor: OBSERVACION
IP remota: 148.113.190.78
Puerto remoto: 17301
IP local: 192.168.100.8
Puerto local: 57341
Estado TCP: ESTABLISHED
PID: 5712
Aplicacion: RvControlSvc
Veces vista: 1067
Ya fue vista antes y sigue fuera de BASE.
Sigue en observacion con alertas controladas.
Requiere aprobacion manual para pasar a BASE.
2026-08-11 21:30:27 | OBSERVACION DE RED
Estado monitor: OBSERVACION
IP remota: 189.1.168.122
Puerto remoto: 443
IP local: 192.168.100.8
Puerto local: 58134
Estado TCP: ESTABLISHED
PID: 5064
Aplicacion: AnyDesk
Veces vista: 37
Ya fue vista antes y sigue fuera de BASE.
Sigue en observacion con alertas controladas.
Requiere aprobacion manual para pasar a BASE.
2026-08-11 21:30:27 | OBSERVACION DE RED
Estado monitor: OBSERVACION
IP remota: 172.66.0.227
Puerto remoto: 443
IP local: 192.168.100.8
Puerto local: 59980
Estado TCP: ESTABLISHED
PID: 19104
Aplicacion: chrome
Veces vista: 37
Ya fue vista antes y sigue fuera de BASE.
Sigue en observacion con alertas controladas.
Requiere aprobacion manual para pasar a BASE.
2026-08-11 21:30:27 | OBSERVACION DE RED
Estado monitor: OBSERVACION
IP remota: 162.159.140.229
Puerto remoto: 443
IP local: 192.168.100.8
Puerto local: 60010
Estado TCP: ESTABLISHED
PID: 19104
Aplicacion: chrome
Veces vista: 54
Ya fue vista antes y sigue fuera de BASE.
Sigue en observacion con alertas controladas.
Requiere aprobacion manual para pasar a BASE.
2026-08-11 21:30:27 | OBSERVACION DE RED
Estado monitor: OBSERVACION
Tipo: PUERTO EN ESCUCHA
IP local: 0.0.0.0
Puerto local: 135
Estado TCP: LISTENING
PID: 1808
Aplicacion: svchost
Veces vista: 3440
Ya fue vista antes y sigue fuera de BASE.
Sigue en observacion con alertas controladas.
Requiere aprobacion manual para pasar a BASE.
2026-08-11 21:30:27 | OBSERVACION DE RED
Estado monitor: OBSERVACION
Tipo: PUERTO EN ESCUCHA
IP local: 0.0.0.0
Puerto local: 445
Estado TCP: LISTENING
PID: 4
Aplicacion: System
Veces vista: 3440
Ya fue vista antes y sigue fuera de BASE.
Sigue en observacion con alertas controladas.
Requiere aprobacion manual para pasar a BASE.
2026-08-11 21:30:27 | OBSERVACION DE RED
Estado monitor: OBSERVACION
Tipo: PUERTO EN ESCUCHA
IP local: 0.0.0.0
Puerto local: 49664
Estado TCP: LISTENING
PID: 1516
Aplicacion: lsass
Veces vista: 3440
Ya fue vista antes y sigue fuera de BASE.
Sigue en observacion con alertas controladas.
Requiere aprobacion manual para pasar a BASE.
2026-08-11 21:30:27 | OBSERVACION DE RED
Estado monitor: OBSERVACION
Tipo: PUERTO EN ESCUCHA
IP local: 0.0.0.0
Puerto local: 49665
Estado TCP: LISTENING
PID: 1336
Aplicacion: wininit
Veces vista: 3440
Ya fue vista antes y sigue fuera de BASE.
Sigue en observacion con alertas controladas.
Requiere aprobacion manual para pasar a BASE.
2026-08-11 21:30:27 | OBSERVACION DE RED
Estado monitor: OBSERVACION
Tipo: PUERTO EN ESCUCHA
IP local: 0.0.0.0
Puerto local: 49666
Estado TCP: LISTENING
PID: 2520
Aplicacion: svchost
Veces vista: 3440
Ya fue vista antes y sigue fuera de BASE.
Sigue en observacion con alertas controladas.
Requiere aprobacion manual para pasar a BASE.
2026-08-11 21:30:27 | OBSERVACION DE RED
Estado monitor: OBSERVACION
Tipo: PUERTO EN ESCUCHA
IP local: 0.0.0.0
Puerto local: 49667
Estado TCP: LISTENING
PID: 3316
Aplicacion: svchost
Veces vista: 3440
Ya fue vista antes y sigue fuera de BASE.
Sigue en observacion con alertas controladas.
Requiere aprobacion manual para pasar a BASE.
2026-08-11 21:30:27 | OBSERVACION DE RED
Estado monitor: OBSERVACION
Tipo: PUERTO EN ESCUCHA
IP local: 0.0.0.0
Puerto local: 49668
Estado TCP: LISTENING
PID: 4872
Aplicacion: spoolsv
Veces vista: 3440
Ya fue vista antes y sigue fuera de BASE.
Sigue en observacion con alertas controladas.
Requiere aprobacion manual para pasar a BASE.
2026-08-11 21:30:27 | OBSERVACION DE RED
Estado monitor: OBSERVACION
Tipo: PUERTO EN ESCUCHA
IP local: 0.0.0.0
Puerto local: 49670
Estado TCP: LISTENING
PID: 1488
Aplicacion: services
Veces vista: 2177
Ya fue vista antes y sigue fuera de BASE.
Sigue en observacion con alertas controladas.
Requiere aprobacion manual para pasar a BASE.
2026-08-11 21:30:27 | OBSERVACION DE RED
Estado monitor: OBSERVACION
Tipo: PUERTO EN ESCUCHA
IP local: 0.0.0.0
Puerto local: 5040
Estado TCP: LISTENING
PID: 12640
Aplicacion: svchost
Veces vista: 3436
Ya fue vista antes y sigue fuera de BASE.
Sigue en observacion con alertas controladas.
Requiere aprobacion manual para pasar a BASE.
2026-08-11 21:30:27 | OBSERVACION DE RED
Estado monitor: OBSERVACION
Tipo: PUERTO EN ESCUCHA
IP local: 0.0.0.0
Puerto local: 58407
Estado TCP: LISTENING
PID: 5712
Aplicacion: RvControlSvc
Veces vista: 4
Ya fue vista antes y sigue fuera de BASE.
Sigue en observacion con alertas controladas.
Requiere aprobacion manual para pasar a BASE.
2026-08-11 21:30:27 | OBSERVACION DE RED
Estado monitor: OBSERVACION
Tipo: PUERTO EN ESCUCHA
IP local: 0.0.0.0
Puerto local: 7070
Estado TCP: LISTENING
PID: 5064
Aplicacion: AnyDesk
Veces vista: 2835
Ya fue vista antes y sigue fuera de BASE.
Sigue en observacion con alertas controladas.
Requiere aprobacion manual para pasar a BASE.
2026-08-11 21:30:27 | OBSERVACION DE RED
Estado monitor: OBSERVACION
Tipo: PUERTO EN ESCUCHA
IP local: 127.0.0.1
Puerto local: 5939
Estado TCP: LISTENING
PID: 5860
Aplicacion: TeamViewer_Service
Veces vista: 503
Ya fue vista antes y sigue fuera de BASE.
Sigue en observacion con alertas controladas.
Requiere aprobacion manual para pasar a BASE.
2026-08-11 21:30:27 | OBSERVACION DE RED
Estado monitor: OBSERVACION
Tipo: PUERTO EN ESCUCHA
IP local: 192.168.100.8
Puerto local: 139
Estado TCP: LISTENING
PID: 4
Aplicacion: System
Veces vista: 1292
Ya fue vista antes y sigue fuera de BASE.
Sigue en observacion con alertas controladas.
Requiere aprobacion manual para pasar a BASE.
2026-08-11 21:30:27 | OBSERVACION DE RED
Estado monitor: OBSERVACION
Tipo: PUERTO EN ESCUCHA
IP local: 192.168.100.8
Puerto local: 57341
Estado TCP: LISTENING
PID: 5712
Aplicacion: RvControlSvc
Veces vista: 4
Ya fue vista antes y sigue fuera de BASE.
Sigue en observacion con alertas controladas.
Requiere aprobacion manual para pasar a BASE.
2026-08-11 21:30:27 | OBSERVACION DE RED
Estado monitor: OBSERVACION
Tipo: PUERTO EN ESCUCHA
IP local: 192.168.56.1
Puerto local: 139
Estado TCP: LISTENING
PID: 4
Aplicacion: System
Veces vista: 3438
Ya fue vista antes y sigue fuera de BASE.
Sigue en observacion con alertas controladas.
Requiere aprobacion manual para pasar a BASE.
2026-08-11 21:30:27 | OBSERVACION DE RED
Estado monitor: OBSERVACION
Tipo: PUERTO EN ESCUCHA
IP local: 26.137.80.247
Puerto local: 139
Estado TCP: LISTENING
PID: 4
Aplicacion: System
Veces vista: 3396
Ya fue vista antes y sigue fuera de BASE.
Sigue en observacion con alertas controladas.
Requiere aprobacion manual para pasar a BASE.
2026-08-11 21:30:30 | Escaneo completado. Conexiones=44 Alertas=0 Observaciones=31 LearningMode=False
2026-08-11 21:40:25 | OBSERVACION DE RED
Estado monitor: OBSERVACION
IP remota: 151.101.220.157
Puerto remoto: 443
IP local: 192.168.100.8
Puerto local: 62292
Estado TCP: ESTABLISHED
PID: 19104
Aplicacion: chrome
Veces vista: 9
Ya fue vista antes y sigue fuera de BASE.
Sigue en observacion con alertas controladas.
Requiere aprobacion manual para pasar a BASE.
2026-08-11 21:40:25 | OBSERVACION DE RED
Estado monitor: OBSERVACION
Tipo: PUERTO EN ESCUCHA
IP local: 0.0.0.0
Puerto local: 59348
Estado TCP: LISTENING
PID: 5712
Aplicacion: RvControlSvc
Veces vista: 1
Sigue en observacion con alertas controladas.
Requiere aprobacion manual para pasar a BASE.
2026-08-11 21:40:29 | Escaneo completado. Conexiones=36 Alertas=0 Observaciones=2 LearningMode=False
2026-08-11 21:50:27 | OBSERVACION DE RED
Estado monitor: OBSERVACION
IP remota: 142.251.0.188
Puerto remoto: 5228
IP local: 192.168.100.8
Puerto local: 53623
Estado TCP: ESTABLISHED
PID: 19104
Aplicacion: chrome
Veces vista: 540
Ya fue vista antes y sigue fuera de BASE.
Sigue en observacion con alertas controladas.
Requiere aprobacion manual para pasar a BASE.
2026-08-11 21:50:27 | OBSERVACION DE RED
Estado monitor: OBSERVACION
IP remota: 172.67.70.186
Puerto remoto: 443
IP local: 192.168.100.8
Puerto local: 56558
Estado TCP: ESTABLISHED
PID: 19104
Aplicacion: chrome
Veces vista: 3
Ya fue vista antes y sigue fuera de BASE.
Sigue en observacion con alertas controladas.
Requiere aprobacion manual para pasar a BASE.
2026-08-11 21:50:27 | OBSERVACION DE RED
Estado monitor: OBSERVACION
Tipo: PUERTO EN ESCUCHA
IP local: 0.0.0.0
Puerto local: 56150
Estado TCP: LISTENING
PID: 5712
Aplicacion: RvControlSvc
Veces vista: 1
Sigue en observacion con alertas controladas.
Requiere aprobacion manual para pasar a BASE.
2026-08-11 21:50:30 | Escaneo completado. Conexiones=45 Alertas=0 Observaciones=3 LearningMode=False
2026-08-11 22:00:24 | OBSERVACION DE RED
Estado monitor: OBSERVACION
IP remota: 45.162.230.182
Puerto remoto: 17351
IP local: 192.168.100.8
Puerto local: 52114
Estado TCP: ESTABLISHED
PID: 5712
Aplicacion: RvControlSvc
Veces vista: 2415
Ya fue vista antes y sigue fuera de BASE.
Sigue en observacion con alertas controladas.
Requiere aprobacion manual para pasar a BASE.
2026-08-11 22:00:24 | OBSERVACION DE RED
Estado monitor: OBSERVACION
IP remota: 31.13.94.52
Puerto remoto: 443
IP local: 192.168.100.8
Puerto local: 52529
Estado TCP: ESTABLISHED
PID: 19104
Aplicacion: chrome
Veces vista: 456
Ya fue vista antes y sigue fuera de BASE.
Sigue en observacion con alertas controladas.
Requiere aprobacion manual para pasar a BASE.
2026-08-11 22:00:24 | OBSERVACION DE RED
Estado monitor: OBSERVACION
IP remota: 138.97.177.20
Puerto remoto: 50991
IP local: 192.168.100.8
Puerto local: 53490
Estado TCP: ESTABLISHED
PID: 5712
Aplicacion: RvControlSvc
Veces vista: 258
Ya fue vista antes y sigue fuera de BASE.
Sigue en observacion con alertas controladas.
Requiere aprobacion manual para pasar a BASE.
2026-08-11 22:00:24 | OBSERVACION DE RED
Estado monitor: OBSERVACION
IP remota: 138.97.177.104
Puerto remoto: 49704
IP local: 192.168.100.8
Puerto local: 53492
Estado TCP: ESTABLISHED
PID: 5712
Aplicacion: RvControlSvc
Veces vista: 28
Ya fue vista antes y sigue fuera de BASE.
Sigue en observacion con alertas controladas.
Requiere aprobacion manual para pasar a BASE.
2026-08-11 22:00:24 | OBSERVACION DE RED
Estado monitor: OBSERVACION
IP remota: 138.97.177.156
Puerto remoto: 10493
IP local: 192.168.100.8
Puerto local: 53493
Estado TCP: ESTABLISHED
PID: 5712
Aplicacion: RvControlSvc
Veces vista: 38
Ya fue vista antes y sigue fuera de BASE.
Sigue en observacion con alertas controladas.
Requiere aprobacion manual para pasar a BASE.
2026-08-11 22:00:24 | OBSERVACION DE RED
Estado monitor: OBSERVACION
IP remota: 138.97.177.80
Puerto remoto: 57195
IP local: 192.168.100.8
Puerto local: 53494
Estado TCP: ESTABLISHED
PID: 5712
Aplicacion: RvControlSvc
Veces vista: 43
Ya fue vista antes y sigue fuera de BASE.
Sigue en observacion con alertas controladas.
Requiere aprobacion manual para pasar a BASE.
2026-08-11 22:00:24 | OBSERVACION DE RED
Estado monitor: OBSERVACION
IP remota: 138.97.177.150
Puerto remoto: 49444
IP local: 192.168.100.8
Puerto local: 53495
Estado TCP: ESTABLISHED
PID: 5712
Aplicacion: RvControlSvc
Veces vista: 17
Ya fue vista antes y sigue fuera de BASE.
Sigue en observacion con alertas controladas.
Requiere aprobacion manual para pasar a BASE.
2026-08-11 22:00:24 | OBSERVACION DE RED
Estado monitor: OBSERVACION
IP remota: 138.97.177.156
Puerto remoto: 3527
IP local: 192.168.100.8
Puerto local: 53496
Estado TCP: ESTABLISHED
PID: 5712
Aplicacion: RvControlSvc
Veces vista: 41
Ya fue vista antes y sigue fuera de BASE.
Sigue en observacion con alertas controladas.
Requiere aprobacion manual para pasar a BASE.
2026-08-11 22:00:24 | OBSERVACION DE RED
Estado monitor: OBSERVACION
IP remota: 168.90.73.130
Puerto remoto: 55558
IP local: 192.168.100.8
Puerto local: 53498
Estado TCP: ESTABLISHED
PID: 5712
Aplicacion: RvControlSvc
Veces vista: 202
Ya fue vista antes y sigue fuera de BASE.
Sigue en observacion con alertas controladas.
Requiere aprobacion manual para pasar a BASE.
2026-08-11 22:00:24 | OBSERVACION DE RED
Estado monitor: OBSERVACION
IP remota: 138.97.177.80
Puerto remoto: 53520
IP local: 192.168.100.8
Puerto local: 53499
Estado TCP: ESTABLISHED
PID: 5712
Aplicacion: RvControlSvc
Veces vista: 76
Ya fue vista antes y sigue fuera de BASE.
Sigue en observacion con alertas controladas.
Requiere aprobacion manual para pasar a BASE.
2026-08-11 22:00:24 | OBSERVACION DE RED
Estado monitor: OBSERVACION
IP remota: 138.97.177.156
Puerto remoto: 43991
IP local: 192.168.100.8
Puerto local: 53500
Estado TCP: ESTABLISHED
PID: 5712
Aplicacion: RvControlSvc
Veces vista: 219
Ya fue vista antes y sigue fuera de BASE.
Sigue en observacion con alertas controladas.
Requiere aprobacion manual para pasar a BASE.
2026-08-11 22:00:24 | OBSERVACION DE RED
Estado monitor: OBSERVACION
IP remota: 148.113.190.78
Puerto remoto: 17301
IP local: 192.168.100.8
Puerto local: 57341
Estado TCP: ESTABLISHED
PID: 5712
Aplicacion: RvControlSvc
Veces vista: 1070
Ya fue vista antes y sigue fuera de BASE.
Sigue en observacion con alertas controladas.
Requiere aprobacion manual para pasar a BASE.
2026-08-11 22:00:24 | OBSERVACION DE RED
Estado monitor: OBSERVACION
IP remota: 189.1.168.122
Puerto remoto: 443
IP local: 192.168.100.8
Puerto local: 58134
Estado TCP: ESTABLISHED
PID: 5064
Aplicacion: AnyDesk
Veces vista: 40
Ya fue vista antes y sigue fuera de BASE.
Sigue en observacion con alertas controladas.
Requiere aprobacion manual para pasar a BASE.
2026-08-11 22:00:24 | OBSERVACION DE RED
Estado monitor: OBSERVACION
Tipo: PUERTO EN ESCUCHA
IP local: 0.0.0.0
Puerto local: 135
Estado TCP: LISTENING
PID: 1808
Aplicacion: svchost
Veces vista: 3443
Ya fue vista antes y sigue fuera de BASE.
Sigue en observacion con alertas controladas.
Requiere aprobacion manual para pasar a BASE.
2026-08-11 22:00:24 | OBSERVACION DE RED
Estado monitor: OBSERVACION
Tipo: PUERTO EN ESCUCHA
IP local: 0.0.0.0
Puerto local: 445
Estado TCP: LISTENING
PID: 4
Aplicacion: System
Veces vista: 3443
Ya fue vista antes y sigue fuera de BASE.
Sigue en observacion con alertas controladas.
Requiere aprobacion manual para pasar a BASE.
2026-08-11 22:00:24 | OBSERVACION DE RED
Estado monitor: OBSERVACION
Tipo: PUERTO EN ESCUCHA
IP local: 0.0.0.0
Puerto local: 49664
Estado TCP: LISTENING
PID: 1516
Aplicacion: lsass
Veces vista: 3443
Ya fue vista antes y sigue fuera de BASE.
Sigue en observacion con alertas controladas.
Requiere aprobacion manual para pasar a BASE.
2026-08-11 22:00:24 | OBSERVACION DE RED
Estado monitor: OBSERVACION
Tipo: PUERTO EN ESCUCHA
IP local: 0.0.0.0
Puerto local: 49665
Estado TCP: LISTENING
PID: 1336
Aplicacion: wininit
Veces vista: 3443
Ya fue vista antes y sigue fuera de BASE.
Sigue en observacion con alertas controladas.
Requiere aprobacion manual para pasar a BASE.
2026-08-11 22:00:24 | OBSERVACION DE RED
Estado monitor: OBSERVACION
Tipo: PUERTO EN ESCUCHA
IP local: 0.0.0.0
Puerto local: 49666
Estado TCP: LISTENING
PID: 2520
Aplicacion: svchost
Veces vista: 3443
Ya fue vista antes y sigue fuera de BASE.
Sigue en observacion con alertas controladas.
Requiere aprobacion manual para pasar a BASE.
2026-08-11 22:00:24 | OBSERVACION DE RED
Estado monitor: OBSERVACION
Tipo: PUERTO EN ESCUCHA
IP local: 0.0.0.0
Puerto local: 49667
Estado TCP: LISTENING
PID: 3316
Aplicacion: svchost
Veces vista: 3443
Ya fue vista antes y sigue fuera de BASE.
Sigue en observacion con alertas controladas.
Requiere aprobacion manual para pasar a BASE.
2026-08-11 22:00:24 | OBSERVACION DE RED
Estado monitor: OBSERVACION
Tipo: PUERTO EN ESCUCHA
IP local: 0.0.0.0
Puerto local: 49668
Estado TCP: LISTENING
PID: 4872
Aplicacion: spoolsv
Veces vista: 3443
Ya fue vista antes y sigue fuera de BASE.
Sigue en observacion con alertas controladas.
Requiere aprobacion manual para pasar a BASE.
2026-08-11 22:00:24 | OBSERVACION DE RED
Estado monitor: OBSERVACION
Tipo: PUERTO EN ESCUCHA
IP local: 0.0.0.0
Puerto local: 49670
Estado TCP: LISTENING
PID: 1488
Aplicacion: services
Veces vista: 2180
Ya fue vista antes y sigue fuera de BASE.
Sigue en observacion con alertas controladas.
Requiere aprobacion manual para pasar a BASE.
2026-08-11 22:00:24 | OBSERVACION DE RED
Estado monitor: OBSERVACION
Tipo: PUERTO EN ESCUCHA
IP local: 0.0.0.0
Puerto local: 5040
Estado TCP: LISTENING
PID: 12640
Aplicacion: svchost
Veces vista: 3439
Ya fue vista antes y sigue fuera de BASE.
Sigue en observacion con alertas controladas.
Requiere aprobacion manual para pasar a BASE.
2026-08-11 22:00:24 | OBSERVACION DE RED
Estado monitor: OBSERVACION
Tipo: PUERTO EN ESCUCHA
IP local: 0.0.0.0
Puerto local: 60790
Estado TCP: LISTENING
PID: 5712
Aplicacion: RvControlSvc
Veces vista: 1
Sigue en observacion con alertas controladas.
Requiere aprobacion manual para pasar a BASE.
2026-08-11 22:00:24 | OBSERVACION DE RED
Estado monitor: OBSERVACION
Tipo: PUERTO EN ESCUCHA
IP local: 0.0.0.0
Puerto local: 7070
Estado TCP: LISTENING
PID: 5064
Aplicacion: AnyDesk
Veces vista: 2838
Ya fue vista antes y sigue fuera de BASE.
Sigue en observacion con alertas controladas.
Requiere aprobacion manual para pasar a BASE.
2026-08-11 22:00:24 | OBSERVACION DE RED
Estado monitor: OBSERVACION
Tipo: PUERTO EN ESCUCHA
IP local: 127.0.0.1
Puerto local: 5939
Estado TCP: LISTENING
PID: 5860
Aplicacion: TeamViewer_Service
Veces vista: 506
Ya fue vista antes y sigue fuera de BASE.
Sigue en observacion con alertas controladas.
Requiere aprobacion manual para pasar a BASE.
2026-08-11 22:00:24 | OBSERVACION DE RED
Estado monitor: OBSERVACION
Tipo: PUERTO EN ESCUCHA
IP local: 192.168.100.8
Puerto local: 139
Estado TCP: LISTENING
PID: 4
Aplicacion: System
Veces vista: 1295
Ya fue vista antes y sigue fuera de BASE.
Sigue en observacion con alertas controladas.
Requiere aprobacion manual para pasar a BASE.
2026-08-11 22:00:24 | OBSERVACION DE RED
Estado monitor: OBSERVACION
Tipo: PUERTO EN ESCUCHA
IP local: 192.168.100.8
Puerto local: 57341
Estado TCP: LISTENING
PID: 5712
Aplicacion: RvControlSvc
Veces vista: 7
Ya fue vista antes y sigue fuera de BASE.
Sigue en observacion con alertas controladas.
Requiere aprobacion manual para pasar a BASE.
2026-08-11 22:00:24 | OBSERVACION DE RED
Estado monitor: OBSERVACION
Tipo: PUERTO EN ESCUCHA
IP local: 192.168.56.1
Puerto local: 139
Estado TCP: LISTENING
PID: 4
Aplicacion: System
Veces vista: 3441
Ya fue vista antes y sigue fuera de BASE.
Sigue en observacion con alertas controladas.
Requiere aprobacion manual para pasar a BASE.
2026-08-11 22:00:24 | OBSERVACION DE RED
Estado monitor: OBSERVACION
Tipo: PUERTO EN ESCUCHA
IP local: 26.137.80.247
Puerto local: 139
Estado TCP: LISTENING
PID: 4
Aplicacion: System
Veces vista: 3399
Ya fue vista antes y sigue fuera de BASE.
Sigue en observacion con alertas controladas.
Requiere aprobacion manual para pasar a BASE.
2026-08-11 22:00:27 | Escaneo completado. Conexiones=39 Alertas=0 Observaciones=29 LearningMode=False
2026-08-11 22:10:30 | OBSERVACION DE RED
Estado monitor: OBSERVACION
IP remota: 162.159.140.229
Puerto remoto: 443
IP local: 192.168.100.8
Puerto local: 50960
Estado TCP: ESTABLISHED
PID: 19104
Aplicacion: chrome
Veces vista: 55
Ya fue vista antes y sigue fuera de BASE.
Sigue en observacion con alertas controladas.
Requiere aprobacion manual para pasar a BASE.
2026-08-11 22:10:30 | OBSERVACION DE RED
Estado monitor: OBSERVACION
IP remota: 142.250.0.84
Puerto remoto: 443
IP local: 192.168.100.8
Puerto local: 55563
Estado TCP: ESTABLISHED
PID: 19104
Aplicacion: chrome
Veces vista: 26
Ya fue vista antes y sigue fuera de BASE.
Sigue en observacion con alertas controladas.
Requiere aprobacion manual para pasar a BASE.
2026-08-11 22:10:30 | OBSERVACION DE RED
Estado monitor: OBSERVACION
IP remota: 20.184.175.19
Puerto remoto: 443
IP local: 192.168.100.8
Puerto local: 55564
Estado TCP: ESTABLISHED
PID: 21176
Aplicacion: OneDrive
Veces vista: 2
Ya fue vista antes y sigue fuera de BASE.
Sigue en observacion con alertas controladas.
Requiere aprobacion manual para pasar a BASE.
2026-08-11 22:10:30 | OBSERVACION DE RED
Estado monitor: OBSERVACION
IP remota: 132.255.112.120
Puerto remoto: 1411
IP local: 192.168.100.8
Puerto local: 57341
Estado TCP: ESTABLISHED
PID: 5712
Aplicacion: RvControlSvc
Veces vista: 1
Sigue en observacion con alertas controladas.
Requiere aprobacion manual para pasar a BASE.
2026-08-11 22:10:30 | OBSERVACION DE RED
Estado monitor: OBSERVACION
IP remota: 142.251.133.227
Puerto remoto: 443
IP local: 192.168.100.8
Puerto local: 59029
Estado TCP: ESTABLISHED
PID: 19104
Aplicacion: chrome
Veces vista: 86
Ya fue vista antes y sigue fuera de BASE.
Sigue en observacion con alertas controladas.
Requiere aprobacion manual para pasar a BASE.
2026-08-11 22:10:30 | OBSERVACION DE RED
Estado monitor: OBSERVACION
IP remota: 172.66.0.227
Puerto remoto: 443
IP local: 192.168.100.8
Puerto local: 60584
Estado TCP: ESTABLISHED
PID: 19104
Aplicacion: chrome
Veces vista: 40
Ya fue vista antes y sigue fuera de BASE.
Sigue en observacion con alertas controladas.
Requiere aprobacion manual para pasar a BASE.
2026-08-11 22:10:30 | OBSERVACION DE RED
Estado monitor: OBSERVACION
IP remota: 151.101.220.157
Puerto remoto: 443
IP local: 192.168.100.8
Puerto local: 60863
Estado TCP: ESTABLISHED
PID: 19104
Aplicacion: chrome
Veces vista: 11
Ya fue vista antes y sigue fuera de BASE.
Sigue en observacion con alertas controladas.
Requiere aprobacion manual para pasar a BASE.
2026-08-11 22:10:30 | OBSERVACION DE RED
Estado monitor: OBSERVACION
IP remota: 104.26.0.192
Puerto remoto: 443
IP local: 192.168.100.8
Puerto local: 63720
Estado TCP: ESTABLISHED
PID: 19104
Aplicacion: chrome
Veces vista: 2
Ya fue vista antes y sigue fuera de BASE.
Sigue en observacion con alertas controladas.
Requiere aprobacion manual para pasar a BASE.
2026-08-11 22:10:30 | OBSERVACION DE RED
Estado monitor: OBSERVACION
IP remota: 104.20.39.36
Puerto remoto: 443
IP local: 192.168.100.8
Puerto local: 64976
Estado TCP: ESTABLISHED
PID: 19104
Aplicacion: chrome
Veces vista: 5
Ya fue vista antes y sigue fuera de BASE.
Sigue en observacion con alertas controladas.
Requiere aprobacion manual para pasar a BASE.
2026-08-11 22:10:30 | OBSERVACION DE RED
Estado monitor: OBSERVACION
Tipo: PUERTO EN ESCUCHA
IP local: 0.0.0.0
Puerto local: 62471
Estado TCP: LISTENING
PID: 5712
Aplicacion: RvControlSvc
Veces vista: 1
Sigue en observacion con alertas controladas.
Requiere aprobacion manual para pasar a BASE.
2026-08-11 22:10:33 | Escaneo completado. Conexiones=54 Alertas=0 Observaciones=10 LearningMode=False
2026-08-11 22:20:26 | OBSERVACION DE RED
Estado monitor: OBSERVACION
IP remota: 142.251.0.188
Puerto remoto: 5228
IP local: 192.168.100.8
Puerto local: 53623
Estado TCP: ESTABLISHED
PID: 19104
Aplicacion: chrome
Veces vista: 543
Ya fue vista antes y sigue fuera de BASE.
Sigue en observacion con alertas controladas.
Requiere aprobacion manual para pasar a BASE.
2026-08-11 22:20:26 | OBSERVACION DE RED
Estado monitor: OBSERVACION
IP remota: 142.251.128.99
Puerto remoto: 443
IP local: 192.168.100.8
Puerto local: 55702
Estado TCP: ESTABLISHED
PID: 19104
Aplicacion: chrome
Veces vista: 158
Ya fue vista antes y sigue fuera de BASE.
Sigue en observacion con alertas controladas.
Requiere aprobacion manual para pasar a BASE.
2026-08-11 22:20:26 | NUEVA CONEXION DETECTADA
Estado monitor: NUEVA
IP remota: 104.21.33.181
Puerto remoto: 443
IP local: 192.168.100.8
Puerto local: 64273
Estado TCP: ESTABLISHED
PID: 19104
Aplicacion: chrome
Veces vista: 1
2026-08-11 22:20:26 | OBSERVACION DE RED
Estado monitor: OBSERVACION
Tipo: PUERTO EN ESCUCHA
IP local: 0.0.0.0
Puerto local: 64278
Estado TCP: LISTENING
PID: 5712
Aplicacion: RvControlSvc
Veces vista: 1
Sigue en observacion con alertas controladas.
Requiere aprobacion manual para pasar a BASE.
2026-08-11 22:20:29 | Escaneo completado. Conexiones=46 Alertas=0 Observaciones=4 LearningMode=False
2026-08-11 22:30:27 | OBSERVACION DE RED
Estado monitor: OBSERVACION
IP remota: 45.162.230.182
Puerto remoto: 17351
IP local: 192.168.100.8
Puerto local: 50775
Estado TCP: ESTABLISHED
PID: 5712
Aplicacion: RvControlSvc
Veces vista: 2427
Ya fue vista antes y sigue fuera de BASE.
Sigue en observacion con alertas controladas.
Requiere aprobacion manual para pasar a BASE.
2026-08-11 22:30:27 | OBSERVACION DE RED
Estado monitor: OBSERVACION
IP remota: 31.13.94.52
Puerto remoto: 443
IP local: 192.168.100.8
Puerto local: 52529
Estado TCP: ESTABLISHED
PID: 19104
Aplicacion: chrome
Veces vista: 459
Ya fue vista antes y sigue fuera de BASE.
Sigue en observacion con alertas controladas.
Requiere aprobacion manual para pasar a BASE.
2026-08-11 22:30:27 | OBSERVACION DE RED
Estado monitor: OBSERVACION
IP remota: 138.97.177.20
Puerto remoto: 50991
IP local: 192.168.100.8
Puerto local: 53490
Estado TCP: ESTABLISHED
PID: 5712
Aplicacion: RvControlSvc
Veces vista: 261
Ya fue vista antes y sigue fuera de BASE.
Sigue en observacion con alertas controladas.
Requiere aprobacion manual para pasar a BASE.
2026-08-11 22:30:27 | OBSERVACION DE RED
Estado monitor: OBSERVACION
IP remota: 138.97.177.104
Puerto remoto: 49704
IP local: 192.168.100.8
Puerto local: 53492
Estado TCP: ESTABLISHED
PID: 5712
Aplicacion: RvControlSvc
Veces vista: 31
Ya fue vista antes y sigue fuera de BASE.
Sigue en observacion con alertas controladas.
Requiere aprobacion manual para pasar a BASE.
2026-08-11 22:30:27 | OBSERVACION DE RED
Estado monitor: OBSERVACION
IP remota: 138.97.177.156
Puerto remoto: 10493
IP local: 192.168.100.8
Puerto local: 53493
Estado TCP: ESTABLISHED
PID: 5712
Aplicacion: RvControlSvc
Veces vista: 41
Ya fue vista antes y sigue fuera de BASE.
Sigue en observacion con alertas controladas.
Requiere aprobacion manual para pasar a BASE.
2026-08-11 22:30:27 | OBSERVACION DE RED
Estado monitor: OBSERVACION
IP remota: 138.97.177.80
Puerto remoto: 57195
IP local: 192.168.100.8
Puerto local: 53494
Estado TCP: ESTABLISHED
PID: 5712
Aplicacion: RvControlSvc
Veces vista: 46
Ya fue vista antes y sigue fuera de BASE.
Sigue en observacion con alertas controladas.
Requiere aprobacion manual para pasar a BASE.
2026-08-11 22:30:27 | OBSERVACION DE RED
Estado monitor: OBSERVACION
IP remota: 138.97.177.150
Puerto remoto: 49444
IP local: 192.168.100.8
Puerto local: 53495
Estado TCP: ESTABLISHED
PID: 5712
Aplicacion: RvControlSvc
Veces vista: 20
Ya fue vista antes y sigue fuera de BASE.
Sigue en observacion con alertas controladas.
Requiere aprobacion manual para pasar a BASE.
2026-08-11 22:30:27 | OBSERVACION DE RED
Estado monitor: OBSERVACION
IP remota: 138.97.177.156
Puerto remoto: 3527
IP local: 192.168.100.8
Puerto local: 53496
Estado TCP: ESTABLISHED
PID: 5712
Aplicacion: RvControlSvc
Veces vista: 44
Ya fue vista antes y sigue fuera de BASE.
Sigue en observacion con alertas controladas.
Requiere aprobacion manual para pasar a BASE.
2026-08-11 22:30:27 | OBSERVACION DE RED
Estado monitor: OBSERVACION
IP remota: 168.90.73.130
Puerto remoto: 55558
IP local: 192.168.100.8
Puerto local: 53498
Estado TCP: ESTABLISHED
PID: 5712
Aplicacion: RvControlSvc
Veces vista: 205
Ya fue vista antes y sigue fuera de BASE.
Sigue en observacion con alertas controladas.
Requiere aprobacion manual para pasar a BASE.
2026-08-11 22:30:27 | OBSERVACION DE RED
Estado monitor: OBSERVACION
IP remota: 138.97.177.80
Puerto remoto: 53520
IP local: 192.168.100.8
Puerto local: 53499
Estado TCP: ESTABLISHED
PID: 5712
Aplicacion: RvControlSvc
Veces vista: 79
Ya fue vista antes y sigue fuera de BASE.
Sigue en observacion con alertas controladas.
Requiere aprobacion manual para pasar a BASE.
2026-08-11 22:30:27 | OBSERVACION DE RED
Estado monitor: OBSERVACION
IP remota: 138.97.177.156
Puerto remoto: 43991
IP local: 192.168.100.8
Puerto local: 53500
Estado TCP: ESTABLISHED
PID: 5712
Aplicacion: RvControlSvc
Veces vista: 222
Ya fue vista antes y sigue fuera de BASE.
Sigue en observacion con alertas controladas.
Requiere aprobacion manual para pasar a BASE.
2026-08-11 22:30:27 | OBSERVACION DE RED
Estado monitor: OBSERVACION
IP remota: 148.113.190.78
Puerto remoto: 17301
IP local: 192.168.100.8
Puerto local: 57341
Estado TCP: ESTABLISHED
PID: 5712
Aplicacion: RvControlSvc
Veces vista: 1073
Ya fue vista antes y sigue fuera de BASE.
Sigue en observacion con alertas controladas.
Requiere aprobacion manual para pasar a BASE.
2026-08-11 22:30:27 | OBSERVACION DE RED
Estado monitor: OBSERVACION
IP remota: 189.1.168.122
Puerto remoto: 443
IP local: 192.168.100.8
Puerto local: 58134
Estado TCP: ESTABLISHED
PID: 5064
Aplicacion: AnyDesk
Veces vista: 43
Ya fue vista antes y sigue fuera de BASE.
Sigue en observacion con alertas controladas.
Requiere aprobacion manual para pasar a BASE.
2026-08-11 22:30:27 | NUEVA CONEXION DETECTADA
Estado monitor: NUEVA
IP remota: 104.21.33.181
Puerto remoto: 443
IP local: 192.168.100.8
Puerto local: 62584
Estado TCP: ESTABLISHED
PID: 19104
Aplicacion: chrome
Veces vista: 2
2026-08-11 22:30:27 | OBSERVACION DE RED
Estado monitor: OBSERVACION
Tipo: PUERTO EN ESCUCHA
IP local: 0.0.0.0
Puerto local: 135
Estado TCP: LISTENING
PID: 1808
Aplicacion: svchost
Veces vista: 3446
Ya fue vista antes y sigue fuera de BASE.
Sigue en observacion con alertas controladas.
Requiere aprobacion manual para pasar a BASE.
2026-08-11 22:30:27 | OBSERVACION DE RED
Estado monitor: OBSERVACION
Tipo: PUERTO EN ESCUCHA
IP local: 0.0.0.0
Puerto local: 445
Estado TCP: LISTENING
PID: 4
Aplicacion: System
Veces vista: 3446
Ya fue vista antes y sigue fuera de BASE.
Sigue en observacion con alertas controladas.
Requiere aprobacion manual para pasar a BASE.
2026-08-11 22:30:27 | OBSERVACION DE RED
Estado monitor: OBSERVACION
Tipo: PUERTO EN ESCUCHA
IP local: 0.0.0.0
Puerto local: 49664
Estado TCP: LISTENING
PID: 1516
Aplicacion: lsass
Veces vista: 3446
Ya fue vista antes y sigue fuera de BASE.
Sigue en observacion con alertas controladas.
Requiere aprobacion manual para pasar a BASE.
2026-08-11 22:30:27 | OBSERVACION DE RED
Estado monitor: OBSERVACION
Tipo: PUERTO EN ESCUCHA
IP local: 0.0.0.0
Puerto local: 49665
Estado TCP: LISTENING
PID: 1336
Aplicacion: wininit
Veces vista: 3446
Ya fue vista antes y sigue fuera de BASE.
Sigue en observacion con alertas controladas.
Requiere aprobacion manual para pasar a BASE.
2026-08-11 22:30:27 | OBSERVACION DE RED
Estado monitor: OBSERVACION
Tipo: PUERTO EN ESCUCHA
IP local: 0.0.0.0
Puerto local: 49666
Estado TCP: LISTENING
PID: 2520
Aplicacion: svchost
Veces vista: 3446
Ya fue vista antes y sigue fuera de BASE.
Sigue en observacion con alertas controladas.
Requiere aprobacion manual para pasar a BASE.
2026-08-11 22:30:27 | OBSERVACION DE RED
Estado monitor: OBSERVACION
Tipo: PUERTO EN ESCUCHA
IP local: 0.0.0.0
Puerto local: 49667
Estado TCP: LISTENING
PID: 3316
Aplicacion: svchost
Veces vista: 3446
Ya fue vista antes y sigue fuera de BASE.
Sigue en observacion con alertas controladas.
Requiere aprobacion manual para pasar a BASE.
2026-08-11 22:30:27 | OBSERVACION DE RED
Estado monitor: OBSERVACION
Tipo: PUERTO EN ESCUCHA
IP local: 0.0.0.0
Puerto local: 49668
Estado TCP: LISTENING
PID: 4872
Aplicacion: spoolsv
Veces vista: 3446
Ya fue vista antes y sigue fuera de BASE.
Sigue en observacion con alertas controladas.
Requiere aprobacion manual para pasar a BASE.
2026-08-11 22:30:27 | OBSERVACION DE RED
Estado monitor: OBSERVACION
Tipo: PUERTO EN ESCUCHA
IP local: 0.0.0.0
Puerto local: 49670
Estado TCP: LISTENING
PID: 1488
Aplicacion: services
Veces vista: 2183
Ya fue vista antes y sigue fuera de BASE.
Sigue en observacion con alertas controladas.
Requiere aprobacion manual para pasar a BASE.
2026-08-11 22:30:27 | OBSERVACION DE RED
Estado monitor: OBSERVACION
Tipo: PUERTO EN ESCUCHA
IP local: 0.0.0.0
Puerto local: 5040
Estado TCP: LISTENING
PID: 12640
Aplicacion: svchost
Veces vista: 3442
Ya fue vista antes y sigue fuera de BASE.
Sigue en observacion con alertas controladas.
Requiere aprobacion manual para pasar a BASE.
2026-08-11 22:30:27 | OBSERVACION DE RED
Estado monitor: OBSERVACION
Tipo: PUERTO EN ESCUCHA
IP local: 0.0.0.0
Puerto local: 62585
Estado TCP: LISTENING
PID: 5712
Aplicacion: RvControlSvc
Veces vista: 1
Sigue en observacion con alertas controladas.
Requiere aprobacion manual para pasar a BASE.
2026-08-11 22:30:27 | OBSERVACION DE RED
Estado monitor: OBSERVACION
Tipo: PUERTO EN ESCUCHA
IP local: 0.0.0.0
Puerto local: 7070
Estado TCP: LISTENING
PID: 5064
Aplicacion: AnyDesk
Veces vista: 2841
Ya fue vista antes y sigue fuera de BASE.
Sigue en observacion con alertas controladas.
Requiere aprobacion manual para pasar a BASE.
2026-08-11 22:30:27 | OBSERVACION DE RED
Estado monitor: OBSERVACION
Tipo: PUERTO EN ESCUCHA
IP local: 127.0.0.1
Puerto local: 5939
Estado TCP: LISTENING
PID: 5860
Aplicacion: TeamViewer_Service
Veces vista: 509
Ya fue vista antes y sigue fuera de BASE.
Sigue en observacion con alertas controladas.
Requiere aprobacion manual para pasar a BASE.
2026-08-11 22:30:27 | OBSERVACION DE RED
Estado monitor: OBSERVACION
Tipo: PUERTO EN ESCUCHA
IP local: 192.168.100.8
Puerto local: 139
Estado TCP: LISTENING
PID: 4
Aplicacion: System
Veces vista: 1298
Ya fue vista antes y sigue fuera de BASE.
Sigue en observacion con alertas controladas.
Requiere aprobacion manual para pasar a BASE.
2026-08-11 22:30:27 | OBSERVACION DE RED
Estado monitor: OBSERVACION
Tipo: PUERTO EN ESCUCHA
IP local: 192.168.100.8
Puerto local: 57341
Estado TCP: LISTENING
PID: 5712
Aplicacion: RvControlSvc
Veces vista: 10
Ya fue vista antes y sigue fuera de BASE.
Sigue en observacion con alertas controladas.
Requiere aprobacion manual para pasar a BASE.
2026-08-11 22:30:27 | OBSERVACION DE RED
Estado monitor: OBSERVACION
Tipo: PUERTO EN ESCUCHA
IP local: 192.168.56.1
Puerto local: 139
Estado TCP: LISTENING
PID: 4
Aplicacion: System
Veces vista: 3444
Ya fue vista antes y sigue fuera de BASE.
Sigue en observacion con alertas controladas.
Requiere aprobacion manual para pasar a BASE.
2026-08-11 22:30:27 | OBSERVACION DE RED
Estado monitor: OBSERVACION
Tipo: PUERTO EN ESCUCHA
IP local: 26.137.80.247
Puerto local: 139
Estado TCP: LISTENING
PID: 4
Aplicacion: System
Veces vista: 3402
Ya fue vista antes y sigue fuera de BASE.
Sigue en observacion con alertas controladas.
Requiere aprobacion manual para pasar a BASE.
2026-08-11 22:30:30 | Escaneo completado. Conexiones=46 Alertas=0 Observaciones=30 LearningMode=False
2026-08-12 09:00:48 | OBSERVACION DE RED
Estado monitor: OBSERVACION
Tipo: PUERTO EN ESCUCHA
IP local: 0.0.0.0
Puerto local: 7680
Estado TCP: LISTENING
PID: 17252
Aplicacion: svchost
Veces vista: 551
Ya fue vista antes y sigue fuera de BASE.
Sigue en observacion con alertas controladas.
Requiere aprobacion manual para pasar a BASE.
2026-08-12 09:00:54 | Escaneo completado. Conexiones=16 Alertas=0 Observaciones=1 LearningMode=False
2026-08-12 09:11:09 | OBSERVACION DE RED
Estado monitor: OBSERVACION
IP remota: 207.248.124.93
Puerto remoto: 8180
IP local: 172.19.18.136
Puerto local: 51387
Estado TCP: ESTABLISHED
PID: 19344
Aplicacion: chrome
Veces vista: 67
Ya fue vista antes y sigue fuera de BASE.
Sigue en observacion con alertas controladas.
Requiere aprobacion manual para pasar a BASE.
2026-08-12 09:11:09 | OBSERVACION DE RED
Estado monitor: OBSERVACION
IP remota: 142.250.0.188
Puerto remoto: 5228
IP local: 172.19.18.136
Puerto local: 52648
Estado TCP: ESTABLISHED
PID: 19344
Aplicacion: chrome
Veces vista: 636
Ya fue vista antes y sigue fuera de BASE.
Sigue en observacion con alertas controladas.
Requiere aprobacion manual para pasar a BASE.
2026-08-12 09:11:09 | OBSERVACION DE RED
Estado monitor: OBSERVACION
IP remota: 189.1.174.48
Puerto remoto: 443
IP local: 172.19.18.136
Puerto local: 52785
Estado TCP: ESTABLISHED
PID: 5064
Aplicacion: AnyDesk
Veces vista: 127
Ya fue vista antes y sigue fuera de BASE.
Sigue en observacion con alertas controladas.
Requiere aprobacion manual para pasar a BASE.
2026-08-12 09:11:09 | OBSERVACION DE RED
Estado monitor: OBSERVACION
IP remota: 138.97.177.80
Puerto remoto: 50193
IP local: 172.19.18.136
Puerto local: 54644
Estado TCP: ESTABLISHED
PID: 5712
Aplicacion: RvControlSvc
Veces vista: 1
Sigue en observacion con alertas controladas.
Requiere aprobacion manual para pasar a BASE.
2026-08-12 09:11:09 | OBSERVACION DE RED
Estado monitor: OBSERVACION
IP remota: 151.101.65.44
Puerto remoto: 443
IP local: 172.19.18.136
Puerto local: 54683
Estado TCP: ESTABLISHED
PID: 17068
Aplicacion: msedgewebview2
Veces vista: 3
Ya fue vista antes y sigue fuera de BASE.
Sigue en observacion con alertas controladas.
Requiere aprobacion manual para pasar a BASE.
2026-08-12 09:11:09 | OBSERVACION DE RED
Estado monitor: OBSERVACION
IP remota: 34.111.113.62
Puerto remoto: 443
IP local: 172.19.18.136
Puerto local: 58108
Estado TCP: ESTABLISHED
PID: 17068
Aplicacion: msedgewebview2
Veces vista: 5
Ya fue vista antes y sigue fuera de BASE.
Sigue en observacion con alertas controladas.
Requiere aprobacion manual para pasar a BASE.
2026-08-12 09:11:09 | OBSERVACION DE RED
Estado monitor: OBSERVACION
IP remota: 52.97.23.210
Puerto remoto: 443
IP local: 172.19.18.136
Puerto local: 59350
Estado TCP: ESTABLISHED
PID: 17068
Aplicacion: msedgewebview2
Veces vista: 20
Ya fue vista antes y sigue fuera de BASE.
Sigue en observacion con alertas controladas.
Requiere aprobacion manual para pasar a BASE.
2026-08-12 09:11:09 | OBSERVACION DE RED
Estado monitor: OBSERVACION
IP remota: 138.97.177.150
Puerto remoto: 49545
IP local: 172.19.18.136
Puerto local: 60712
Estado TCP: ESTABLISHED
PID: 5712
Aplicacion: RvControlSvc
Veces vista: 1
Sigue en observacion con alertas controladas.
Requiere aprobacion manual para pasar a BASE.
2026-08-12 09:11:09 | OBSERVACION DE RED
Estado monitor: OBSERVACION
IP remota: 190.122.181.20
Puerto remoto: 54936
IP local: 172.19.18.136
Puerto local: 60713
Estado TCP: ESTABLISHED
PID: 5712
Aplicacion: RvControlSvc
Veces vista: 1
Sigue en observacion con alertas controladas.
Requiere aprobacion manual para pasar a BASE.
2026-08-12 09:11:09 | OBSERVACION DE RED
Estado monitor: OBSERVACION
IP remota: 172.19.18.103
Puerto remoto: 50569
IP local: 172.19.18.136
Puerto local: 60714
Estado TCP: ESTABLISHED
PID: 5712
Aplicacion: RvControlSvc
Veces vista: 1
Sigue en observacion con alertas controladas.
Requiere aprobacion manual para pasar a BASE.
2026-08-12 09:11:09 | OBSERVACION DE RED
Estado monitor: OBSERVACION
IP remota: 138.97.177.156
Puerto remoto: 56889
IP local: 172.19.18.136
Puerto local: 60715
Estado TCP: ESTABLISHED
PID: 5712
Aplicacion: RvControlSvc
Veces vista: 1
Sigue en observacion con alertas controladas.
Requiere aprobacion manual para pasar a BASE.
2026-08-12 09:11:09 | OBSERVACION DE RED
Estado monitor: OBSERVACION
IP remota: 138.97.177.156
Puerto remoto: 61799
IP local: 172.19.18.136
Puerto local: 60716
Estado TCP: ESTABLISHED
PID: 5712
Aplicacion: RvControlSvc
Veces vista: 1
Sigue en observacion con alertas controladas.
Requiere aprobacion manual para pasar a BASE.
2026-08-12 09:11:09 | OBSERVACION DE RED
Estado monitor: OBSERVACION
IP remota: 138.97.177.156
Puerto remoto: 49908
IP local: 172.19.18.136
Puerto local: 60718
Estado TCP: ESTABLISHED
PID: 5712
Aplicacion: RvControlSvc
Veces vista: 1
Sigue en observacion con alertas controladas.
Requiere aprobacion manual para pasar a BASE.
2026-08-12 09:11:09 | OBSERVACION DE RED
Estado monitor: OBSERVACION
IP remota: 172.19.18.111
Puerto remoto: 55350
IP local: 172.19.18.136
Puerto local: 60719
Estado TCP: ESTABLISHED
PID: 5712
Aplicacion: RvControlSvc
Veces vista: 1
Sigue en observacion con alertas controladas.
Requiere aprobacion manual para pasar a BASE.
2026-08-12 09:11:09 | OBSERVACION DE RED
Estado monitor: OBSERVACION
IP remota: 207.248.126.253
Puerto remoto: 61666
IP local: 172.19.18.136
Puerto local: 60721
Estado TCP: ESTABLISHED
PID: 5712
Aplicacion: RvControlSvc
Veces vista: 1
Sigue en observacion con alertas controladas.
Requiere aprobacion manual para pasar a BASE.
2026-08-12 09:11:09 | OBSERVACION DE RED
Estado monitor: OBSERVACION
IP remota: 138.97.177.156
Puerto remoto: 49701
IP local: 172.19.18.136
Puerto local: 60723
Estado TCP: ESTABLISHED
PID: 5712
Aplicacion: RvControlSvc
Veces vista: 1
Sigue en observacion con alertas controladas.
Requiere aprobacion manual para pasar a BASE.
2026-08-12 09:11:09 | OBSERVACION DE RED
Estado monitor: OBSERVACION
IP remota: 138.97.177.80
Puerto remoto: 51957
IP local: 172.19.18.136
Puerto local: 60724
Estado TCP: ESTABLISHED
PID: 5712
Aplicacion: RvControlSvc
Veces vista: 1
Sigue en observacion con alertas controladas.
Requiere aprobacion manual para pasar a BASE.
2026-08-12 09:11:09 | OBSERVACION DE RED
Estado monitor: OBSERVACION
IP remota: 138.97.177.20
Puerto remoto: 62918
IP local: 172.19.18.136
Puerto local: 60725
Estado TCP: ESTABLISHED
PID: 5712
Aplicacion: RvControlSvc
Veces vista: 1
Sigue en observacion con alertas controladas.
Requiere aprobacion manual para pasar a BASE.
2026-08-12 09:11:09 | OBSERVACION DE RED
Estado monitor: OBSERVACION
IP remota: 168.90.73.130
Puerto remoto: 49676
IP local: 172.19.18.136
Puerto local: 60727
Estado TCP: ESTABLISHED
PID: 5712
Aplicacion: RvControlSvc
Veces vista: 1
Sigue en observacion con alertas controladas.
Requiere aprobacion manual para pasar a BASE.
2026-08-12 09:11:09 | OBSERVACION DE RED
Estado monitor: OBSERVACION
IP remota: 138.97.177.156
Puerto remoto: 65352
IP local: 172.19.18.136
Puerto local: 60728
Estado TCP: ESTABLISHED
PID: 5712
Aplicacion: RvControlSvc
Veces vista: 1
Sigue en observacion con alertas controladas.
Requiere aprobacion manual para pasar a BASE.
2026-08-12 09:11:09 | OBSERVACION DE RED
Estado monitor: OBSERVACION
IP remota: 138.97.177.104
Puerto remoto: 65034
IP local: 172.19.18.136
Puerto local: 60730
Estado TCP: ESTABLISHED
PID: 5712
Aplicacion: RvControlSvc
Veces vista: 1
Sigue en observacion con alertas controladas.
Requiere aprobacion manual para pasar a BASE.
2026-08-12 09:11:09 | OBSERVACION DE RED
Estado monitor: OBSERVACION
IP remota: 179.42.168.31
Puerto remoto: 1054
IP local: 172.19.18.136
Puerto local: 60731
Estado TCP: ESTABLISHED
PID: 5712
Aplicacion: RvControlSvc
Veces vista: 1
Sigue en observacion con alertas controladas.
Requiere aprobacion manual para pasar a BASE.
2026-08-12 09:11:09 | OBSERVACION DE RED
Estado monitor: OBSERVACION
IP remota: 172.19.18.172
Puerto remoto: 59475
IP local: 172.19.18.136
Puerto local: 60793
Estado TCP: ESTABLISHED
PID: 5712
Aplicacion: RvControlSvc
Veces vista: 1
Sigue en observacion con alertas controladas.
Requiere aprobacion manual para pasar a BASE.
2026-08-12 09:11:09 | OBSERVACION DE RED
Estado monitor: OBSERVACION
IP remota: 189.1.174.47
Puerto remoto: 443
IP local: 172.19.18.136
Puerto local: 60917
Estado TCP: ESTABLISHED
PID: 5064
Aplicacion: AnyDesk
Veces vista: 54
Ya fue vista antes y sigue fuera de BASE.
Sigue en observacion con alertas controladas.
Requiere aprobacion manual para pasar a BASE.
2026-08-12 09:11:09 | OBSERVACION DE RED
Estado monitor: OBSERVACION
IP remota: 23.103.238.75
Puerto remoto: 443
IP local: 172.19.18.136
Puerto local: 61843
Estado TCP: ESTABLISHED
PID: 17068
Aplicacion: msedgewebview2
Veces vista: 4
Ya fue vista antes y sigue fuera de BASE.
Sigue en observacion con alertas controladas.
Requiere aprobacion manual para pasar a BASE.
2026-08-12 09:11:09 | OBSERVACION DE RED
Estado monitor: OBSERVACION
IP remota: 172.217.119.4
Puerto remoto: 443
IP local: 172.19.18.136
Puerto local: 63343
Estado TCP: ESTABLISHED
PID: 19344
Aplicacion: chrome
Veces vista: 46
Ya fue vista antes y sigue fuera de BASE.
Sigue en observacion con alertas controladas.
Requiere aprobacion manual para pasar a BASE.
2026-08-12 09:11:09 | OBSERVACION DE RED
Estado monitor: OBSERVACION
IP remota: 142.250.0.84
Puerto remoto: 443
IP local: 172.19.18.136
Puerto local: 64130
Estado TCP: ESTABLISHED
PID: 19344
Aplicacion: chrome
Veces vista: 27
Ya fue vista antes y sigue fuera de BASE.
Sigue en observacion con alertas controladas.
Requiere aprobacion manual para pasar a BASE.
2026-08-12 09:11:09 | NUEVA CONEXION DETECTADA
Estado monitor: NUEVA
IP remota: 151.101.65.253
Puerto remoto: 443
IP local: 172.19.18.136
Puerto local: 64279
Estado TCP: ESTABLISHED
PID: 17068
Aplicacion: msedgewebview2
Veces vista: 1
2026-08-12 09:11:09 | OBSERVACION DE RED
Estado monitor: OBSERVACION
IP remota: 68.67.180.244
Puerto remoto: 443
IP local: 172.19.18.136
Puerto local: 65213
Estado TCP: ESTABLISHED
PID: 17068
Aplicacion: msedgewebview2
Veces vista: 8
Ya fue vista antes y sigue fuera de BASE.
Sigue en observacion con alertas controladas.
Requiere aprobacion manual para pasar a BASE.
2026-08-12 09:11:09 | OBSERVACION DE RED
Estado monitor: OBSERVACION
Tipo: PUERTO EN ESCUCHA
IP local: 0.0.0.0
Puerto local: 60917
Estado TCP: LISTENING
PID: 5064
Aplicacion: AnyDesk
Veces vista: 1
Sigue en observacion con alertas controladas.
Requiere aprobacion manual para pasar a BASE.
2026-08-12 09:11:09 | OBSERVACION DE RED
Estado monitor: OBSERVACION
Tipo: PUERTO EN ESCUCHA
IP local: 172.19.18.136
Puerto local: 139
Estado TCP: LISTENING
PID: 4
Aplicacion: System
Veces vista: 1
Sigue en observacion con alertas controladas.
Requiere aprobacion manual para pasar a BASE.
2026-08-12 09:11:09 | OBSERVACION DE RED
Estado monitor: OBSERVACION
Tipo: PUERTO EN ESCUCHA
IP local: 172.19.18.136
Puerto local: 60707
Estado TCP: LISTENING
PID: 5712
Aplicacion: RvControlSvc
Veces vista: 1
Sigue en observacion con alertas controladas.
Requiere aprobacion manual para pasar a BASE.
2026-08-12 09:11:13 | Escaneo completado. Conexiones=73 Alertas=0 Observaciones=32 LearningMode=False
2026-08-12 09:21:22 | OBSERVACION DE RED
Estado monitor: OBSERVACION
IP remota: 142.251.128.99
Puerto remoto: 443
IP local: 172.19.18.136
Puerto local: 49671
Estado TCP: ESTABLISHED
PID: 19344
Aplicacion: chrome
Veces vista: 159
Ya fue vista antes y sigue fuera de BASE.
Sigue en observacion con alertas controladas.
Requiere aprobacion manual para pasar a BASE.
2026-08-12 09:21:22 | OBSERVACION DE RED
Estado monitor: OBSERVACION
IP remota: 200.42.122.19
Puerto remoto: 443
IP local: 172.19.18.136
Puerto local: 50220
Estado TCP: ESTABLISHED
PID: 17068
Aplicacion: msedgewebview2
Veces vista: 15
Ya fue vista antes y sigue fuera de BASE.
Sigue en observacion con alertas controladas.
Requiere aprobacion manual para pasar a BASE.
2026-08-12 09:21:22 | OBSERVACION DE RED
Estado monitor: OBSERVACION
IP remota: 151.101.193.91
Puerto remoto: 443
IP local: 172.19.18.136
Puerto local: 54931
Estado TCP: ESTABLISHED
PID: 19344
Aplicacion: chrome
Veces vista: 66
Ya fue vista antes y sigue fuera de BASE.
Sigue en observacion con alertas controladas.
Requiere aprobacion manual para pasar a BASE.
2026-08-12 09:21:22 | OBSERVACION DE RED
Estado monitor: OBSERVACION
IP remota: 52.110.14.78
Puerto remoto: 443
IP local: 172.19.18.136
Puerto local: 58899
Estado TCP: ESTABLISHED
PID: 17068
Aplicacion: msedgewebview2
Veces vista: 18
Ya fue vista antes y sigue fuera de BASE.
Sigue en observacion con alertas controladas.
Requiere aprobacion manual para pasar a BASE.
2026-08-12 09:21:22 | OBSERVACION DE RED
Estado monitor: OBSERVACION
IP remota: 172.217.114.4
Puerto remoto: 443
IP local: 172.19.18.136
Puerto local: 59574
Estado TCP: ESTABLISHED
PID: 19344
Aplicacion: chrome
Veces vista: 41
Ya fue vista antes y sigue fuera de BASE.
Sigue en observacion con alertas controladas.
Requiere aprobacion manual para pasar a BASE.
2026-08-12 09:21:22 | OBSERVACION DE RED
Estado monitor: OBSERVACION
IP remota: 148.113.190.78
Puerto remoto: 17301
IP local: 172.19.18.136
Puerto local: 60707
Estado TCP: ESTABLISHED
PID: 5712
Aplicacion: RvControlSvc
Veces vista: 1075
Ya fue vista antes y sigue fuera de BASE.
Sigue en observacion con alertas controladas.
Requiere aprobacion manual para pasar a BASE.
2026-08-12 09:21:22 | OBSERVACION DE RED
Estado monitor: OBSERVACION
IP remota: 172.217.117.4
Puerto remoto: 443
IP local: 172.19.18.136
Puerto local: 60789
Estado TCP: ESTABLISHED
PID: 19344
Aplicacion: chrome
Veces vista: 41
Ya fue vista antes y sigue fuera de BASE.
Sigue en observacion con alertas controladas.
Requiere aprobacion manual para pasar a BASE.
2026-08-12 09:21:22 | OBSERVACION DE RED
Estado monitor: OBSERVACION
IP remota: 45.162.230.182
Puerto remoto: 17351
IP local: 172.19.18.136
Puerto local: 60798
Estado TCP: ESTABLISHED
PID: 5712
Aplicacion: RvControlSvc
Veces vista: 2434
Ya fue vista antes y sigue fuera de BASE.
Sigue en observacion con alertas controladas.
Requiere aprobacion manual para pasar a BASE.
2026-08-12 09:21:22 | NUEVA CONEXION DETECTADA
Estado monitor: NUEVA
IP remota: 20.184.175.20
Puerto remoto: 443
IP local: 172.19.18.136
Puerto local: 61770
Estado TCP: ESTABLISHED
PID: 17068
Aplicacion: msedgewebview2
Veces vista: 1
2026-08-12 09:21:22 | OBSERVACION DE RED
Estado monitor: OBSERVACION
IP remota: 2.18.57.126
Puerto remoto: 443
IP local: 172.19.18.136
Puerto local: 61828
Estado TCP: ESTABLISHED
PID: 17252
Aplicacion: svchost
Veces vista: 55
Ya fue vista antes y sigue fuera de BASE.
Sigue en observacion con alertas controladas.
Requiere aprobacion manual para pasar a BASE.
2026-08-12 09:21:22 | OBSERVACION DE RED
Estado monitor: OBSERVACION
IP remota: 4.160.58.169
Puerto remoto: 443
IP local: 172.19.18.136
Puerto local: 61831
Estado TCP: ESTABLISHED
PID: 5884
Aplicacion: MsMpEng
Veces vista: 64
Ya fue vista antes y sigue fuera de BASE.
Sigue en observacion con alertas controladas.
Requiere aprobacion manual para pasar a BASE.
2026-08-12 09:21:22 | OBSERVACION DE RED
Estado monitor: OBSERVACION
IP remota: 172.19.18.121
Puerto remoto: 7680
IP local: 172.19.18.136
Puerto local: 61839
Estado TCP: ESTABLISHED
PID: 17252
Aplicacion: svchost
Veces vista: 1
Sigue en observacion con alertas controladas.
Requiere aprobacion manual para pasar a BASE.
2026-08-12 09:21:22 | OBSERVACION DE RED
Estado monitor: OBSERVACION
IP remota: 172.19.18.154
Puerto remoto: 7680
IP local: 172.19.18.136
Puerto local: 61840
Estado TCP: ESTABLISHED
PID: 17252
Aplicacion: svchost
Veces vista: 1
Sigue en observacion con alertas controladas.
Requiere aprobacion manual para pasar a BASE.
2026-08-12 09:21:22 | OBSERVACION DE RED
Estado monitor: OBSERVACION
IP remota: 172.19.18.103
Puerto remoto: 7680
IP local: 172.19.18.136
Puerto local: 61841
Estado TCP: ESTABLISHED
PID: 17252
Aplicacion: svchost
Veces vista: 1
Sigue en observacion con alertas controladas.
Requiere aprobacion manual para pasar a BASE.
2026-08-12 09:21:22 | OBSERVACION DE RED
Estado monitor: OBSERVACION
IP remota: 26.160.99.66
Puerto remoto: 7680
IP local: 26.137.80.247
Puerto local: 61834
Estado TCP: ESTABLISHED
PID: 17252
Aplicacion: svchost
Veces vista: 1
Sigue en observacion con alertas controladas.
Requiere aprobacion manual para pasar a BASE.
2026-08-12 09:21:22 | OBSERVACION DE RED
Estado monitor: OBSERVACION
IP remota: 26.212.47.29
Puerto remoto: 7680
IP local: 26.137.80.247
Puerto local: 61835
Estado TCP: ESTABLISHED
PID: 17252
Aplicacion: svchost
Veces vista: 1
Sigue en observacion con alertas controladas.
Requiere aprobacion manual para pasar a BASE.
2026-08-12 09:21:22 | OBSERVACION DE RED
Estado monitor: OBSERVACION
IP remota: 26.131.195.240
Puerto remoto: 7680
IP local: 26.137.80.247
Puerto local: 61837
Estado TCP: ESTABLISHED
PID: 17252
Aplicacion: svchost
Veces vista: 1
Sigue en observacion con alertas controladas.
Requiere aprobacion manual para pasar a BASE.
2026-08-12 09:21:22 | OBSERVACION DE RED
Estado monitor: OBSERVACION
IP remota: 26.81.60.236
Puerto remoto: 7680
IP local: 26.137.80.247
Puerto local: 61838
Estado TCP: ESTABLISHED
PID: 17252
Aplicacion: svchost
Veces vista: 1
Sigue en observacion con alertas controladas.
Requiere aprobacion manual para pasar a BASE.
2026-08-12 09:21:22 | OBSERVACION DE RED
Estado monitor: OBSERVACION
IP remota: 26.137.148.32
Puerto remoto: 7680
IP local: 26.137.80.247
Puerto local: 61842
Estado TCP: ESTABLISHED
PID: 17252
Aplicacion: svchost
Veces vista: 1
Sigue en observacion con alertas controladas.
Requiere aprobacion manual para pasar a BASE.
2026-08-12 09:21:22 | OBSERVACION DE RED
Estado monitor: OBSERVACION
Tipo: PUERTO EN ESCUCHA
IP local: 0.0.0.0
Puerto local: 135
Estado TCP: LISTENING
PID: 1808
Aplicacion: svchost
Veces vista: 3449
Ya fue vista antes y sigue fuera de BASE.
Sigue en observacion con alertas controladas.
Requiere aprobacion manual para pasar a BASE.
2026-08-12 09:21:22 | OBSERVACION DE RED
Estado monitor: OBSERVACION
Tipo: PUERTO EN ESCUCHA
IP local: 0.0.0.0
Puerto local: 445
Estado TCP: LISTENING
PID: 4
Aplicacion: System
Veces vista: 3449
Ya fue vista antes y sigue fuera de BASE.
Sigue en observacion con alertas controladas.
Requiere aprobacion manual para pasar a BASE.
2026-08-12 09:21:22 | OBSERVACION DE RED
Estado monitor: OBSERVACION
Tipo: PUERTO EN ESCUCHA
IP local: 0.0.0.0
Puerto local: 49664
Estado TCP: LISTENING
PID: 1516
Aplicacion: lsass
Veces vista: 3449
Ya fue vista antes y sigue fuera de BASE.
Sigue en observacion con alertas controladas.
Requiere aprobacion manual para pasar a BASE.
2026-08-12 09:21:22 | OBSERVACION DE RED
Estado monitor: OBSERVACION
Tipo: PUERTO EN ESCUCHA
IP local: 0.0.0.0
Puerto local: 49665
Estado TCP: LISTENING
PID: 1336
Aplicacion: wininit
Veces vista: 3449
Ya fue vista antes y sigue fuera de BASE.
Sigue en observacion con alertas controladas.
Requiere aprobacion manual para pasar a BASE.
2026-08-12 09:21:22 | OBSERVACION DE RED
Estado monitor: OBSERVACION
Tipo: PUERTO EN ESCUCHA
IP local: 0.0.0.0
Puerto local: 49666
Estado TCP: LISTENING
PID: 2520
Aplicacion: svchost
Veces vista: 3449
Ya fue vista antes y sigue fuera de BASE.
Sigue en observacion con alertas controladas.
Requiere aprobacion manual para pasar a BASE.
2026-08-12 09:21:22 | OBSERVACION DE RED
Estado monitor: OBSERVACION
Tipo: PUERTO EN ESCUCHA
IP local: 0.0.0.0
Puerto local: 49667
Estado TCP: LISTENING
PID: 3316
Aplicacion: svchost
Veces vista: 3449
Ya fue vista antes y sigue fuera de BASE.
Sigue en observacion con alertas controladas.
Requiere aprobacion manual para pasar a BASE.
2026-08-12 09:21:22 | OBSERVACION DE RED
Estado monitor: OBSERVACION
Tipo: PUERTO EN ESCUCHA
IP local: 0.0.0.0
Puerto local: 49668
Estado TCP: LISTENING
PID: 4872
Aplicacion: spoolsv
Veces vista: 3449
Ya fue vista antes y sigue fuera de BASE.
Sigue en observacion con alertas controladas.
Requiere aprobacion manual para pasar a BASE.
2026-08-12 09:21:22 | OBSERVACION DE RED
Estado monitor: OBSERVACION
Tipo: PUERTO EN ESCUCHA
IP local: 0.0.0.0
Puerto local: 49670
Estado TCP: LISTENING
PID: 1488
Aplicacion: services
Veces vista: 2186
Ya fue vista antes y sigue fuera de BASE.
Sigue en observacion con alertas controladas.
Requiere aprobacion manual para pasar a BASE.
2026-08-12 09:21:22 | OBSERVACION DE RED
Estado monitor: OBSERVACION
Tipo: PUERTO EN ESCUCHA
IP local: 0.0.0.0
Puerto local: 5040
Estado TCP: LISTENING
PID: 12640
Aplicacion: svchost
Veces vista: 3445
Ya fue vista antes y sigue fuera de BASE.
Sigue en observacion con alertas controladas.
Requiere aprobacion manual para pasar a BASE.
2026-08-12 09:21:22 | OBSERVACION DE RED
Estado monitor: OBSERVACION
Tipo: PUERTO EN ESCUCHA
IP local: 0.0.0.0
Puerto local: 7070
Estado TCP: LISTENING
PID: 5064
Aplicacion: AnyDesk
Veces vista: 2844
Ya fue vista antes y sigue fuera de BASE.
Sigue en observacion con alertas controladas.
Requiere aprobacion manual para pasar a BASE.
2026-08-12 09:21:22 | OBSERVACION DE RED
Estado monitor: OBSERVACION
Tipo: PUERTO EN ESCUCHA
IP local: 127.0.0.1
Puerto local: 5000
Estado TCP: LISTENING
PID: 31528
Aplicacion: NapsePromo
Veces vista: 16
Ya fue vista antes y sigue fuera de BASE.
Sigue en observacion con alertas controladas.
Requiere aprobacion manual para pasar a BASE.
2026-08-12 09:21:22 | OBSERVACION DE RED
Estado monitor: OBSERVACION
Tipo: PUERTO EN ESCUCHA
IP local: 127.0.0.1
Puerto local: 5939
Estado TCP: LISTENING
PID: 5860
Aplicacion: TeamViewer_Service
Veces vista: 512
Ya fue vista antes y sigue fuera de BASE.
Sigue en observacion con alertas controladas.
Requiere aprobacion manual para pasar a BASE.
2026-08-12 09:21:22 | OBSERVACION DE RED
Estado monitor: OBSERVACION
Tipo: PUERTO EN ESCUCHA
IP local: 192.168.56.1
Puerto local: 139
Estado TCP: LISTENING
PID: 4
Aplicacion: System
Veces vista: 3447
Ya fue vista antes y sigue fuera de BASE.
Sigue en observacion con alertas controladas.
Requiere aprobacion manual para pasar a BASE.
2026-08-12 09:21:22 | OBSERVACION DE RED
Estado monitor: OBSERVACION
Tipo: PUERTO EN ESCUCHA
IP local: 26.137.80.247
Puerto local: 139
Estado TCP: LISTENING
PID: 4
Aplicacion: System
Veces vista: 3405
Ya fue vista antes y sigue fuera de BASE.
Sigue en observacion con alertas controladas.
Requiere aprobacion manual para pasar a BASE.
2026-08-12 09:21:27 | Escaneo completado. Conexiones=91 Alertas=0 Observaciones=33 LearningMode=False
2026-08-12 09:31:24 | OBSERVACION DE RED
Estado monitor: OBSERVACION
IP remota: 52.168.117.168
Puerto remoto: 443
IP local: 172.19.18.136
Puerto local: 60250
Estado TCP: ESTABLISHED
PID: 21176
Aplicacion: OneDrive
Veces vista: 7
Ya fue vista antes y sigue fuera de BASE.
Sigue en observacion con alertas controladas.
Requiere aprobacion manual para pasar a BASE.
2026-08-12 09:31:24 | OBSERVACION DE RED
Estado monitor: OBSERVACION
IP remota: 51.132.193.105
Puerto remoto: 443
IP local: 172.19.18.136
Puerto local: 60251
Estado TCP: ESTABLISHED
PID: 21680
Aplicacion: OneDrive.Sync.Service
Veces vista: 5
Ya fue vista antes y sigue fuera de BASE.
Sigue en observacion con alertas controladas.
Requiere aprobacion manual para pasar a BASE.
2026-08-12 09:31:24 | OBSERVACION DE RED
Estado monitor: OBSERVACION
IP remota: 4.152.89.97
Puerto remoto: 443
IP local: 172.19.18.136
Puerto local: 60254
Estado TCP: ESTABLISHED
PID: 18020
Aplicacion: backgroundTaskHost
Veces vista: 8
Ya fue vista antes y sigue fuera de BASE.
Sigue en observacion con alertas controladas.
Requiere aprobacion manual para pasar a BASE.
2026-08-12 09:31:24 | OBSERVACION DE RED
Estado monitor: OBSERVACION
IP remota: 20.96.236.177
Puerto remoto: 443
IP local: 172.19.18.136
Puerto local: 60255
Estado TCP: ESTABLISHED
PID: 18020
Aplicacion: backgroundTaskHost
Veces vista: 4
Ya fue vista antes y sigue fuera de BASE.
Sigue en observacion con alertas controladas.
Requiere aprobacion manual para pasar a BASE.
2026-08-12 09:31:24 | OBSERVACION DE RED
Estado monitor: OBSERVACION
IP remota: 20.190.173.144
Puerto remoto: 443
IP local: 172.19.18.136
Puerto local: 60256
Estado TCP: ESTABLISHED
PID: 25744
Aplicacion: svchost
Veces vista: 10
Ya fue vista antes y sigue fuera de BASE.
Sigue en observacion con alertas controladas.
Requiere aprobacion manual para pasar a BASE.
2026-08-12 09:31:24 | OBSERVACION DE RED
Estado monitor: OBSERVACION
IP remota: 20.42.65.84
Puerto remoto: 443
IP local: 172.19.18.136
Puerto local: 60257
Estado TCP: ESTABLISHED
PID: 21680
Aplicacion: OneDrive.Sync.Service
Veces vista: 5
Ya fue vista antes y sigue fuera de BASE.
Sigue en observacion con alertas controladas.
Requiere aprobacion manual para pasar a BASE.
2026-08-12 09:31:24 | NUEVA CONEXION DETECTADA
Estado monitor: NUEVA
IP remota: 52.168.117.168
Puerto remoto: 443
IP local: 172.19.18.136
Puerto local: 60259
Estado TCP: ESTABLISHED
PID: 32968
Aplicacion: olk
Veces vista: 2
2026-08-12 09:31:24 | NUEVA CONEXION DETECTADA
Estado monitor: NUEVA
IP remota: 161.69.236.170
Puerto remoto: 443
IP local: 172.19.18.136
Puerto local: 60260
Estado TCP: ESTABLISHED
PID: 5868
Aplicacion: mc-fw-host
Veces vista: 1
2026-08-12 09:31:24 | OBSERVACION DE RED
Estado monitor: OBSERVACION
IP remota: 142.251.134.78
Puerto remoto: 443
IP local: 172.19.18.136
Puerto local: 63231
Estado TCP: ESTABLISHED
PID: 19344
Aplicacion: chrome
Veces vista: 93
Ya fue vista antes y sigue fuera de BASE.
Sigue en observacion con alertas controladas.
Requiere aprobacion manual para pasar a BASE.
2026-08-12 09:31:24 | OBSERVACION DE RED
Estado monitor: OBSERVACION
Tipo: PUERTO EN ESCUCHA
IP local: 0.0.0.0
Puerto local: 7680
Estado TCP: LISTENING
PID: 17252
Aplicacion: svchost
Veces vista: 554
Ya fue vista antes y sigue fuera de BASE.
Sigue en observacion con alertas controladas.
Requiere aprobacion manual para pasar a BASE.
2026-08-12 09:31:28 | Escaneo completado. Conexiones=70 Alertas=0 Observaciones=10 LearningMode=False
2026-08-12 09:41:14 | OBSERVACION DE RED
Estado monitor: OBSERVACION
IP remota: 142.250.0.188
Puerto remoto: 5228
IP local: 172.19.18.136
Puerto local: 52648
Estado TCP: ESTABLISHED
PID: 19344
Aplicacion: chrome
Veces vista: 639
Ya fue vista antes y sigue fuera de BASE.
Sigue en observacion con alertas controladas.
Requiere aprobacion manual para pasar a BASE.
2026-08-12 09:41:14 | OBSERVACION DE RED
Estado monitor: OBSERVACION
IP remota: 189.1.174.48
Puerto remoto: 443
IP local: 172.19.18.136
Puerto local: 52785
Estado TCP: ESTABLISHED
PID: 5064
Aplicacion: AnyDesk
Veces vista: 130
Ya fue vista antes y sigue fuera de BASE.
Sigue en observacion con alertas controladas.
Requiere aprobacion manual para pasar a BASE.
2026-08-12 09:41:14 | OBSERVACION DE RED
Estado monitor: OBSERVACION
IP remota: 138.97.177.80
Puerto remoto: 50193
IP local: 172.19.18.136
Puerto local: 54644
Estado TCP: ESTABLISHED
PID: 5712
Aplicacion: RvControlSvc
Veces vista: 4
Ya fue vista antes y sigue fuera de BASE.
Sigue en observacion con alertas controladas.
Requiere aprobacion manual para pasar a BASE.
2026-08-12 09:41:14 | OBSERVACION DE RED
Estado monitor: OBSERVACION
IP remota: 52.97.23.210
Puerto remoto: 443
IP local: 172.19.18.136
Puerto local: 59350
Estado TCP: ESTABLISHED
PID: 17068
Aplicacion: msedgewebview2
Veces vista: 23
Ya fue vista antes y sigue fuera de BASE.
Sigue en observacion con alertas controladas.
Requiere aprobacion manual para pasar a BASE.
2026-08-12 09:41:14 | OBSERVACION DE RED
Estado monitor: OBSERVACION
IP remota: 207.248.126.224
Puerto remoto: 49389
IP local: 172.19.18.136
Puerto local: 60707
Estado TCP: ESTABLISHED
PID: 5712
Aplicacion: RvControlSvc
Veces vista: 1
Sigue en observacion con alertas controladas.
Requiere aprobacion manual para pasar a BASE.
2026-08-12 09:41:14 | OBSERVACION DE RED
Estado monitor: OBSERVACION
IP remota: 138.97.177.150
Puerto remoto: 49545
IP local: 172.19.18.136
Puerto local: 60712
Estado TCP: ESTABLISHED
PID: 5712
Aplicacion: RvControlSvc
Veces vista: 4
Ya fue vista antes y sigue fuera de BASE.
Sigue en observacion con alertas controladas.
Requiere aprobacion manual para pasar a BASE.
2026-08-12 09:41:14 | OBSERVACION DE RED
Estado monitor: OBSERVACION
IP remota: 190.122.181.20
Puerto remoto: 54936
IP local: 172.19.18.136
Puerto local: 60713
Estado TCP: ESTABLISHED
PID: 5712
Aplicacion: RvControlSvc
Veces vista: 4
Ya fue vista antes y sigue fuera de BASE.
Sigue en observacion con alertas controladas.
Requiere aprobacion manual para pasar a BASE.
2026-08-12 09:41:14 | OBSERVACION DE RED
Estado monitor: OBSERVACION
IP remota: 172.19.18.103
Puerto remoto: 50569
IP local: 172.19.18.136
Puerto local: 60714
Estado TCP: ESTABLISHED
PID: 5712
Aplicacion: RvControlSvc
Veces vista: 4
Ya fue vista antes y sigue fuera de BASE.
Sigue en observacion con alertas controladas.
Requiere aprobacion manual para pasar a BASE.
2026-08-12 09:41:14 | OBSERVACION DE RED
Estado monitor: OBSERVACION
IP remota: 138.97.177.156
Puerto remoto: 56889
IP local: 172.19.18.136
Puerto local: 60715
Estado TCP: ESTABLISHED
PID: 5712
Aplicacion: RvControlSvc
Veces vista: 4
Ya fue vista antes y sigue fuera de BASE.
Sigue en observacion con alertas controladas.
Requiere aprobacion manual para pasar a BASE.
2026-08-12 09:41:14 | OBSERVACION DE RED
Estado monitor: OBSERVACION
IP remota: 138.97.177.156
Puerto remoto: 61799
IP local: 172.19.18.136
Puerto local: 60716
Estado TCP: ESTABLISHED
PID: 5712
Aplicacion: RvControlSvc
Veces vista: 4
Ya fue vista antes y sigue fuera de BASE.
Sigue en observacion con alertas controladas.
Requiere aprobacion manual para pasar a BASE.
2026-08-12 09:41:14 | OBSERVACION DE RED
Estado monitor: OBSERVACION
IP remota: 138.97.177.156
Puerto remoto: 49908
IP local: 172.19.18.136
Puerto local: 60718
Estado TCP: ESTABLISHED
PID: 5712
Aplicacion: RvControlSvc
Veces vista: 4
Ya fue vista antes y sigue fuera de BASE.
Sigue en observacion con alertas controladas.
Requiere aprobacion manual para pasar a BASE.
2026-08-12 09:41:14 | OBSERVACION DE RED
Estado monitor: OBSERVACION
IP remota: 172.19.18.111
Puerto remoto: 55350
IP local: 172.19.18.136
Puerto local: 60719
Estado TCP: ESTABLISHED
PID: 5712
Aplicacion: RvControlSvc
Veces vista: 4
Ya fue vista antes y sigue fuera de BASE.
Sigue en observacion con alertas controladas.
Requiere aprobacion manual para pasar a BASE.
2026-08-12 09:41:14 | OBSERVACION DE RED
Estado monitor: OBSERVACION
IP remota: 207.248.126.253
Puerto remoto: 61666
IP local: 172.19.18.136
Puerto local: 60721
Estado TCP: ESTABLISHED
PID: 5712
Aplicacion: RvControlSvc
Veces vista: 4
Ya fue vista antes y sigue fuera de BASE.
Sigue en observacion con alertas controladas.
Requiere aprobacion manual para pasar a BASE.
2026-08-12 09:41:14 | OBSERVACION DE RED
Estado monitor: OBSERVACION
IP remota: 138.97.177.156
Puerto remoto: 49701
IP local: 172.19.18.136
Puerto local: 60723
Estado TCP: ESTABLISHED
PID: 5712
Aplicacion: RvControlSvc
Veces vista: 4
Ya fue vista antes y sigue fuera de BASE.
Sigue en observacion con alertas controladas.
Requiere aprobacion manual para pasar a BASE.
2026-08-12 09:41:14 | OBSERVACION DE RED
Estado monitor: OBSERVACION
IP remota: 138.97.177.20
Puerto remoto: 62918
IP local: 172.19.18.136
Puerto local: 60725
Estado TCP: ESTABLISHED
PID: 5712
Aplicacion: RvControlSvc
Veces vista: 4
Ya fue vista antes y sigue fuera de BASE.
Sigue en observacion con alertas controladas.
Requiere aprobacion manual para pasar a BASE.
2026-08-12 09:41:14 | OBSERVACION DE RED
Estado monitor: OBSERVACION
IP remota: 168.90.73.130
Puerto remoto: 49676
IP local: 172.19.18.136
Puerto local: 60727
Estado TCP: ESTABLISHED
PID: 5712
Aplicacion: RvControlSvc
Veces vista: 4
Ya fue vista antes y sigue fuera de BASE.
Sigue en observacion con alertas controladas.
Requiere aprobacion manual para pasar a BASE.
2026-08-12 09:41:14 | OBSERVACION DE RED
Estado monitor: OBSERVACION
IP remota: 138.97.177.156
Puerto remoto: 65352
IP local: 172.19.18.136
Puerto local: 60728
Estado TCP: ESTABLISHED
PID: 5712
Aplicacion: RvControlSvc
Veces vista: 4
Ya fue vista antes y sigue fuera de BASE.
Sigue en observacion con alertas controladas.
Requiere aprobacion manual para pasar a BASE.
2026-08-12 09:41:14 | OBSERVACION DE RED
Estado monitor: OBSERVACION
IP remota: 138.97.177.104
Puerto remoto: 65034
IP local: 172.19.18.136
Puerto local: 60730
Estado TCP: ESTABLISHED
PID: 5712
Aplicacion: RvControlSvc
Veces vista: 4
Ya fue vista antes y sigue fuera de BASE.
Sigue en observacion con alertas controladas.
Requiere aprobacion manual para pasar a BASE.
2026-08-12 09:41:14 | OBSERVACION DE RED
Estado monitor: OBSERVACION
IP remota: 179.42.168.31
Puerto remoto: 1054
IP local: 172.19.18.136
Puerto local: 60731
Estado TCP: ESTABLISHED
PID: 5712
Aplicacion: RvControlSvc
Veces vista: 4
Ya fue vista antes y sigue fuera de BASE.
Sigue en observacion con alertas controladas.
Requiere aprobacion manual para pasar a BASE.
2026-08-12 09:41:14 | OBSERVACION DE RED
Estado monitor: OBSERVACION
IP remota: 172.19.18.172
Puerto remoto: 59475
IP local: 172.19.18.136
Puerto local: 60793
Estado TCP: ESTABLISHED
PID: 5712
Aplicacion: RvControlSvc
Veces vista: 4
Ya fue vista antes y sigue fuera de BASE.
Sigue en observacion con alertas controladas.
Requiere aprobacion manual para pasar a BASE.
2026-08-12 09:41:14 | OBSERVACION DE RED
Estado monitor: OBSERVACION
Tipo: PUERTO EN ESCUCHA
IP local: 0.0.0.0
Puerto local: 58217
Estado TCP: LISTENING
PID: 5712
Aplicacion: RvControlSvc
Veces vista: 1
Sigue en observacion con alertas controladas.
Requiere aprobacion manual para pasar a BASE.
2026-08-12 09:41:14 | OBSERVACION DE RED
Estado monitor: OBSERVACION
Tipo: PUERTO EN ESCUCHA
IP local: 172.19.18.136
Puerto local: 139
Estado TCP: LISTENING
PID: 4
Aplicacion: System
Veces vista: 4
Ya fue vista antes y sigue fuera de BASE.
Sigue en observacion con alertas controladas.
Requiere aprobacion manual para pasar a BASE.
2026-08-12 09:41:14 | OBSERVACION DE RED
Estado monitor: OBSERVACION
Tipo: PUERTO EN ESCUCHA
IP local: 172.19.18.136
Puerto local: 60707
Estado TCP: LISTENING
PID: 5712
Aplicacion: RvControlSvc
Veces vista: 4
Ya fue vista antes y sigue fuera de BASE.
Sigue en observacion con alertas controladas.
Requiere aprobacion manual para pasar a BASE.
2026-08-12 09:41:17 | Escaneo completado. Conexiones=54 Alertas=0 Observaciones=23 LearningMode=False
2026-08-12 09:51:16 | NUEVA CONEXION DETECTADA
Estado monitor: NUEVA
IP remota: 72.145.35.111
Puerto remoto: 443
IP local: 172.19.18.136
Puerto local: 50433
Estado TCP: ESTABLISHED
PID: 17252
Aplicacion: svchost
Veces vista: 1
2026-08-12 09:51:16 | OBSERVACION DE RED
Estado monitor: OBSERVACION
IP remota: 148.113.190.78
Puerto remoto: 17301
IP local: 172.19.18.136
Puerto local: 60707
Estado TCP: ESTABLISHED
PID: 5712
Aplicacion: RvControlSvc
Veces vista: 1078
Ya fue vista antes y sigue fuera de BASE.
Sigue en observacion con alertas controladas.
Requiere aprobacion manual para pasar a BASE.
2026-08-12 09:51:16 | OBSERVACION DE RED
Estado monitor: OBSERVACION
IP remota: 45.162.230.182
Puerto remoto: 17351
IP local: 172.19.18.136
Puerto local: 60798
Estado TCP: ESTABLISHED
PID: 5712
Aplicacion: RvControlSvc
Veces vista: 2443
Ya fue vista antes y sigue fuera de BASE.
Sigue en observacion con alertas controladas.
Requiere aprobacion manual para pasar a BASE.
2026-08-12 09:51:16 | OBSERVACION DE RED
Estado monitor: OBSERVACION
IP remota: 26.81.60.236
Puerto remoto: 7680
IP local: 26.137.80.247
Puerto local: 50447
Estado TCP: ESTABLISHED
PID: 17252
Aplicacion: svchost
Veces vista: 2
Ya fue vista antes y sigue fuera de BASE.
Sigue en observacion con alertas controladas.
Requiere aprobacion manual para pasar a BASE.
2026-08-12 09:51:16 | OBSERVACION DE RED
Estado monitor: OBSERVACION
Tipo: PUERTO EN ESCUCHA
IP local: 0.0.0.0
Puerto local: 135
Estado TCP: LISTENING
PID: 1808
Aplicacion: svchost
Veces vista: 3452
Ya fue vista antes y sigue fuera de BASE.
Sigue en observacion con alertas controladas.
Requiere aprobacion manual para pasar a BASE.
2026-08-12 09:51:16 | OBSERVACION DE RED
Estado monitor: OBSERVACION
Tipo: PUERTO EN ESCUCHA
IP local: 0.0.0.0
Puerto local: 445
Estado TCP: LISTENING
PID: 4
Aplicacion: System
Veces vista: 3452
Ya fue vista antes y sigue fuera de BASE.
Sigue en observacion con alertas controladas.
Requiere aprobacion manual para pasar a BASE.
2026-08-12 09:51:16 | OBSERVACION DE RED
Estado monitor: OBSERVACION
Tipo: PUERTO EN ESCUCHA
IP local: 0.0.0.0
Puerto local: 49664
Estado TCP: LISTENING
PID: 1516
Aplicacion: lsass
Veces vista: 3452
Ya fue vista antes y sigue fuera de BASE.
Sigue en observacion con alertas controladas.
Requiere aprobacion manual para pasar a BASE.
2026-08-12 09:51:16 | OBSERVACION DE RED
Estado monitor: OBSERVACION
Tipo: PUERTO EN ESCUCHA
IP local: 0.0.0.0
Puerto local: 49665
Estado TCP: LISTENING
PID: 1336
Aplicacion: wininit
Veces vista: 3452
Ya fue vista antes y sigue fuera de BASE.
Sigue en observacion con alertas controladas.
Requiere aprobacion manual para pasar a BASE.
2026-08-12 09:51:16 | OBSERVACION DE RED
Estado monitor: OBSERVACION
Tipo: PUERTO EN ESCUCHA
IP local: 0.0.0.0
Puerto local: 49666
Estado TCP: LISTENING
PID: 2520
Aplicacion: svchost
Veces vista: 3452
Ya fue vista antes y sigue fuera de BASE.
Sigue en observacion con alertas controladas.
Requiere aprobacion manual para pasar a BASE.
2026-08-12 09:51:16 | OBSERVACION DE RED
Estado monitor: OBSERVACION
Tipo: PUERTO EN ESCUCHA
IP local: 0.0.0.0
Puerto local: 49667
Estado TCP: LISTENING
PID: 3316
Aplicacion: svchost
Veces vista: 3452
Ya fue vista antes y sigue fuera de BASE.
Sigue en observacion con alertas controladas.
Requiere aprobacion manual para pasar a BASE.
2026-08-12 09:51:16 | OBSERVACION DE RED
Estado monitor: OBSERVACION
Tipo: PUERTO EN ESCUCHA
IP local: 0.0.0.0
Puerto local: 49668
Estado TCP: LISTENING
PID: 4872
Aplicacion: spoolsv
Veces vista: 3452
Ya fue vista antes y sigue fuera de BASE.
Sigue en observacion con alertas controladas.
Requiere aprobacion manual para pasar a BASE.
2026-08-12 09:51:16 | OBSERVACION DE RED
Estado monitor: OBSERVACION
Tipo: PUERTO EN ESCUCHA
IP local: 0.0.0.0
Puerto local: 49670
Estado TCP: LISTENING
PID: 1488
Aplicacion: services
Veces vista: 2189
Ya fue vista antes y sigue fuera de BASE.
Sigue en observacion con alertas controladas.
Requiere aprobacion manual para pasar a BASE.
2026-08-12 09:51:16 | OBSERVACION DE RED
Estado monitor: OBSERVACION
Tipo: PUERTO EN ESCUCHA
IP local: 0.0.0.0
Puerto local: 50389
Estado TCP: LISTENING
PID: 5712
Aplicacion: RvControlSvc
Veces vista: 1
Sigue en observacion con alertas controladas.
Requiere aprobacion manual para pasar a BASE.
2026-08-12 09:51:16 | OBSERVACION DE RED
Estado monitor: OBSERVACION
Tipo: PUERTO EN ESCUCHA
IP local: 0.0.0.0
Puerto local: 5040
Estado TCP: LISTENING
PID: 12640
Aplicacion: svchost
Veces vista: 3448
Ya fue vista antes y sigue fuera de BASE.
Sigue en observacion con alertas controladas.
Requiere aprobacion manual para pasar a BASE.
2026-08-12 09:51:16 | OBSERVACION DE RED
Estado monitor: OBSERVACION
Tipo: PUERTO EN ESCUCHA
IP local: 0.0.0.0
Puerto local: 7070
Estado TCP: LISTENING
PID: 5064
Aplicacion: AnyDesk
Veces vista: 2847
Ya fue vista antes y sigue fuera de BASE.
Sigue en observacion con alertas controladas.
Requiere aprobacion manual para pasar a BASE.
2026-08-12 09:51:16 | OBSERVACION DE RED
Estado monitor: OBSERVACION
Tipo: PUERTO EN ESCUCHA
IP local: 127.0.0.1
Puerto local: 5939
Estado TCP: LISTENING
PID: 5860
Aplicacion: TeamViewer_Service
Veces vista: 515
Ya fue vista antes y sigue fuera de BASE.
Sigue en observacion con alertas controladas.
Requiere aprobacion manual para pasar a BASE.
2026-08-12 09:51:16 | OBSERVACION DE RED
Estado monitor: OBSERVACION
Tipo: PUERTO EN ESCUCHA
IP local: 192.168.56.1
Puerto local: 139
Estado TCP: LISTENING
PID: 4
Aplicacion: System
Veces vista: 3450
Ya fue vista antes y sigue fuera de BASE.
Sigue en observacion con alertas controladas.
Requiere aprobacion manual para pasar a BASE.
2026-08-12 09:51:16 | OBSERVACION DE RED
Estado monitor: OBSERVACION
Tipo: PUERTO EN ESCUCHA
IP local: 26.137.80.247
Puerto local: 139
Estado TCP: LISTENING
PID: 4
Aplicacion: System
Veces vista: 3408
Ya fue vista antes y sigue fuera de BASE.
Sigue en observacion con alertas controladas.
Requiere aprobacion manual para pasar a BASE.
2026-08-12 09:51:19 | Escaneo completado. Conexiones=65 Alertas=0 Observaciones=18 LearningMode=False
2026-08-12 10:01:20 | OBSERVACION DE RED
Estado monitor: OBSERVACION
IP remota: 151.101.65.91
Puerto remoto: 443
IP local: 172.19.18.136
Puerto local: 55035
Estado TCP: ESTABLISHED
PID: 19344
Aplicacion: chrome
Veces vista: 79
Ya fue vista antes y sigue fuera de BASE.
Sigue en observacion con alertas controladas.
Requiere aprobacion manual para pasar a BASE.
2026-08-12 10:01:20 | OBSERVACION DE RED
Estado monitor: OBSERVACION
IP remota: 200.42.122.18
Puerto remoto: 443
IP local: 172.19.18.136
Puerto local: 59812
Estado TCP: ESTABLISHED
PID: 5536
Aplicacion: servicehost
Veces vista: 44
Ya fue vista antes y sigue fuera de BASE.
Sigue en observacion con alertas controladas.
Requiere aprobacion manual para pasar a BASE.
2026-08-12 10:01:20 | OBSERVACION DE RED
Estado monitor: OBSERVACION
IP remota: 200.42.122.18
Puerto remoto: 443
IP local: 172.19.18.136
Puerto local: 59813
Estado TCP: ESTABLISHED
PID: 5868
Aplicacion: mc-fw-host
Veces vista: 52
Ya fue vista antes y sigue fuera de BASE.
Sigue en observacion con alertas controladas.
Requiere aprobacion manual para pasar a BASE.
2026-08-12 10:01:20 | NUEVA CONEXION DETECTADA
Estado monitor: NUEVA
IP remota: 4.150.223.113
Puerto remoto: 443
IP local: 172.19.18.136
Puerto local: 60865
Estado TCP: ESTABLISHED
PID: 32968
Aplicacion: olk
Veces vista: 1
2026-08-12 10:01:20 | OBSERVACION DE RED
Estado monitor: OBSERVACION
IP remota: 20.184.175.11
Puerto remoto: 443
IP local: 172.19.18.136
Puerto local: 62180
Estado TCP: ESTABLISHED
PID: 21176
Aplicacion: OneDrive
Veces vista: 4
Ya fue vista antes y sigue fuera de BASE.
Sigue en observacion con alertas controladas.
Requiere aprobacion manual para pasar a BASE.
2026-08-12 10:01:20 | NUEVA CONEXION DETECTADA
Estado monitor: NUEVA
IP remota: 4.207.44.75
Puerto remoto: 443
IP local: 172.19.18.136
Puerto local: 62181
Estado TCP: ESTABLISHED
PID: 21680
Aplicacion: OneDrive.Sync.Service
Veces vista: 1
2026-08-12 10:01:20 | OBSERVACION DE RED
Estado monitor: OBSERVACION
IP remota: 20.42.65.84
Puerto remoto: 443
IP local: 172.19.18.136
Puerto local: 62182
Estado TCP: ESTABLISHED
PID: 21680
Aplicacion: OneDrive.Sync.Service
Veces vista: 6
Ya fue vista antes y sigue fuera de BASE.
Sigue en observacion con alertas controladas.
Requiere aprobacion manual para pasar a BASE.
2026-08-12 10:01:20 | OBSERVACION DE RED
Estado monitor: OBSERVACION
IP remota: 189.1.174.47
Puerto remoto: 443
IP local: 172.19.18.136
Puerto local: 62999
Estado TCP: ESTABLISHED
PID: 5064
Aplicacion: AnyDesk
Veces vista: 57
Ya fue vista antes y sigue fuera de BASE.
Sigue en observacion con alertas controladas.
Requiere aprobacion manual para pasar a BASE.
2026-08-12 10:01:20 | OBSERVACION DE RED
Estado monitor: OBSERVACION
Tipo: PUERTO EN ESCUCHA
IP local: 0.0.0.0
Puerto local: 62999
Estado TCP: LISTENING
PID: 5064
Aplicacion: AnyDesk
Veces vista: 1
Sigue en observacion con alertas controladas.
Requiere aprobacion manual para pasar a BASE.
2026-08-12 10:01:20 | OBSERVACION DE RED
Estado monitor: OBSERVACION
Tipo: PUERTO EN ESCUCHA
IP local: 0.0.0.0
Puerto local: 7680
Estado TCP: LISTENING
PID: 17252
Aplicacion: svchost
Veces vista: 557
Ya fue vista antes y sigue fuera de BASE.
Sigue en observacion con alertas controladas.
Requiere aprobacion manual para pasar a BASE.
2026-08-12 10:01:24 | Escaneo completado. Conexiones=79 Alertas=0 Observaciones=10 LearningMode=False
2026-08-12 10:11:18 | OBSERVACION DE RED
Estado monitor: OBSERVACION
IP remota: 142.250.0.188
Puerto remoto: 5228
IP local: 172.19.18.136
Puerto local: 52648
Estado TCP: ESTABLISHED
PID: 19344
Aplicacion: chrome
Veces vista: 642
Ya fue vista antes y sigue fuera de BASE.
Sigue en observacion con alertas controladas.
Requiere aprobacion manual para pasar a BASE.
2026-08-12 10:11:18 | OBSERVACION DE RED
Estado monitor: OBSERVACION
IP remota: 189.1.174.48
Puerto remoto: 443
IP local: 172.19.18.136
Puerto local: 52785
Estado TCP: ESTABLISHED
PID: 5064
Aplicacion: AnyDesk
Veces vista: 133
Ya fue vista antes y sigue fuera de BASE.
Sigue en observacion con alertas controladas.
Requiere aprobacion manual para pasar a BASE.
2026-08-12 10:11:18 | OBSERVACION DE RED
Estado monitor: OBSERVACION
IP remota: 207.248.126.224
Puerto remoto: 49389
IP local: 172.19.18.136
Puerto local: 60707
Estado TCP: ESTABLISHED
PID: 5712
Aplicacion: RvControlSvc
Veces vista: 4
Ya fue vista antes y sigue fuera de BASE.
Sigue en observacion con alertas controladas.
Requiere aprobacion manual para pasar a BASE.
2026-08-12 10:11:18 | OBSERVACION DE RED
Estado monitor: OBSERVACION
IP remota: 138.97.177.150
Puerto remoto: 49545
IP local: 172.19.18.136
Puerto local: 60712
Estado TCP: ESTABLISHED
PID: 5712
Aplicacion: RvControlSvc
Veces vista: 7
Ya fue vista antes y sigue fuera de BASE.
Sigue en observacion con alertas controladas.
Requiere aprobacion manual para pasar a BASE.
2026-08-12 10:11:18 | OBSERVACION DE RED
Estado monitor: OBSERVACION
IP remota: 190.122.181.20
Puerto remoto: 54936
IP local: 172.19.18.136
Puerto local: 60713
Estado TCP: ESTABLISHED
PID: 5712
Aplicacion: RvControlSvc
Veces vista: 7
Ya fue vista antes y sigue fuera de BASE.
Sigue en observacion con alertas controladas.
Requiere aprobacion manual para pasar a BASE.
2026-08-12 10:11:18 | OBSERVACION DE RED
Estado monitor: OBSERVACION
IP remota: 172.19.18.103
Puerto remoto: 50569
IP local: 172.19.18.136
Puerto local: 60714
Estado TCP: ESTABLISHED
PID: 5712
Aplicacion: RvControlSvc
Veces vista: 7
Ya fue vista antes y sigue fuera de BASE.
Sigue en observacion con alertas controladas.
Requiere aprobacion manual para pasar a BASE.
2026-08-12 10:11:18 | OBSERVACION DE RED
Estado monitor: OBSERVACION
IP remota: 138.97.177.156
Puerto remoto: 56889
IP local: 172.19.18.136
Puerto local: 60715
Estado TCP: ESTABLISHED
PID: 5712
Aplicacion: RvControlSvc
Veces vista: 7
Ya fue vista antes y sigue fuera de BASE.
Sigue en observacion con alertas controladas.
Requiere aprobacion manual para pasar a BASE.
2026-08-12 10:11:18 | OBSERVACION DE RED
Estado monitor: OBSERVACION
IP remota: 138.97.177.156
Puerto remoto: 61799
IP local: 172.19.18.136
Puerto local: 60716
Estado TCP: ESTABLISHED
PID: 5712
Aplicacion: RvControlSvc
Veces vista: 7
Ya fue vista antes y sigue fuera de BASE.
Sigue en observacion con alertas controladas.
Requiere aprobacion manual para pasar a BASE.
2026-08-12 10:11:18 | OBSERVACION DE RED
Estado monitor: OBSERVACION
IP remota: 138.97.177.156
Puerto remoto: 49908
IP local: 172.19.18.136
Puerto local: 60718
Estado TCP: ESTABLISHED
PID: 5712
Aplicacion: RvControlSvc
Veces vista: 7
Ya fue vista antes y sigue fuera de BASE.
Sigue en observacion con alertas controladas.
Requiere aprobacion manual para pasar a BASE.
2026-08-12 10:11:18 | OBSERVACION DE RED
Estado monitor: OBSERVACION
IP remota: 172.19.18.111
Puerto remoto: 55350
IP local: 172.19.18.136
Puerto local: 60719
Estado TCP: ESTABLISHED
PID: 5712
Aplicacion: RvControlSvc
Veces vista: 7
Ya fue vista antes y sigue fuera de BASE.
Sigue en observacion con alertas controladas.
Requiere aprobacion manual para pasar a BASE.
2026-08-12 10:11:18 | OBSERVACION DE RED
Estado monitor: OBSERVACION
IP remota: 207.248.126.253
Puerto remoto: 61666
IP local: 172.19.18.136
Puerto local: 60721
Estado TCP: ESTABLISHED
PID: 5712
Aplicacion: RvControlSvc
Veces vista: 7
Ya fue vista antes y sigue fuera de BASE.
Sigue en observacion con alertas controladas.
Requiere aprobacion manual para pasar a BASE.
2026-08-12 10:11:18 | OBSERVACION DE RED
Estado monitor: OBSERVACION
IP remota: 138.97.177.156
Puerto remoto: 49701
IP local: 172.19.18.136
Puerto local: 60723
Estado TCP: ESTABLISHED
PID: 5712
Aplicacion: RvControlSvc
Veces vista: 7
Ya fue vista antes y sigue fuera de BASE.
Sigue en observacion con alertas controladas.
Requiere aprobacion manual para pasar a BASE.
2026-08-12 10:11:18 | OBSERVACION DE RED
Estado monitor: OBSERVACION
IP remota: 138.97.177.20
Puerto remoto: 62918
IP local: 172.19.18.136
Puerto local: 60725
Estado TCP: ESTABLISHED
PID: 5712
Aplicacion: RvControlSvc
Veces vista: 7
Ya fue vista antes y sigue fuera de BASE.
Sigue en observacion con alertas controladas.
Requiere aprobacion manual para pasar a BASE.
2026-08-12 10:11:18 | OBSERVACION DE RED
Estado monitor: OBSERVACION
IP remota: 168.90.73.130
Puerto remoto: 49676
IP local: 172.19.18.136
Puerto local: 60727
Estado TCP: ESTABLISHED
PID: 5712
Aplicacion: RvControlSvc
Veces vista: 7
Ya fue vista antes y sigue fuera de BASE.
Sigue en observacion con alertas controladas.
Requiere aprobacion manual para pasar a BASE.
2026-08-12 10:11:18 | OBSERVACION DE RED
Estado monitor: OBSERVACION
IP remota: 138.97.177.156
Puerto remoto: 65352
IP local: 172.19.18.136
Puerto local: 60728
Estado TCP: ESTABLISHED
PID: 5712
Aplicacion: RvControlSvc
Veces vista: 7
Ya fue vista antes y sigue fuera de BASE.
Sigue en observacion con alertas controladas.
Requiere aprobacion manual para pasar a BASE.
2026-08-12 10:11:18 | OBSERVACION DE RED
Estado monitor: OBSERVACION
IP remota: 138.97.177.104
Puerto remoto: 65034
IP local: 172.19.18.136
Puerto local: 60730
Estado TCP: ESTABLISHED
PID: 5712
Aplicacion: RvControlSvc
Veces vista: 7
Ya fue vista antes y sigue fuera de BASE.
Sigue en observacion con alertas controladas.
Requiere aprobacion manual para pasar a BASE.
2026-08-12 10:11:18 | OBSERVACION DE RED
Estado monitor: OBSERVACION
IP remota: 179.42.168.31
Puerto remoto: 1054
IP local: 172.19.18.136
Puerto local: 60731
Estado TCP: ESTABLISHED
PID: 5712
Aplicacion: RvControlSvc
Veces vista: 7
Ya fue vista antes y sigue fuera de BASE.
Sigue en observacion con alertas controladas.
Requiere aprobacion manual para pasar a BASE.
2026-08-12 10:11:18 | OBSERVACION DE RED
Estado monitor: OBSERVACION
IP remota: 172.19.18.172
Puerto remoto: 59475
IP local: 172.19.18.136
Puerto local: 60793
Estado TCP: ESTABLISHED
PID: 5712
Aplicacion: RvControlSvc
Veces vista: 7
Ya fue vista antes y sigue fuera de BASE.
Sigue en observacion con alertas controladas.
Requiere aprobacion manual para pasar a BASE.
2026-08-12 10:11:18 | OBSERVACION DE RED
Estado monitor: OBSERVACION
Tipo: PUERTO EN ESCUCHA
IP local: 0.0.0.0
Puerto local: 61240
Estado TCP: LISTENING
PID: 5712
Aplicacion: RvControlSvc
Veces vista: 1
Sigue en observacion con alertas controladas.
Requiere aprobacion manual para pasar a BASE.
2026-08-12 10:11:18 | OBSERVACION DE RED
Estado monitor: OBSERVACION
Tipo: PUERTO EN ESCUCHA
IP local: 172.19.18.136
Puerto local: 139
Estado TCP: LISTENING
PID: 4
Aplicacion: System
Veces vista: 7
Ya fue vista antes y sigue fuera de BASE.
Sigue en observacion con alertas controladas.
Requiere aprobacion manual para pasar a BASE.
2026-08-12 10:11:18 | OBSERVACION DE RED
Estado monitor: OBSERVACION
Tipo: PUERTO EN ESCUCHA
IP local: 172.19.18.136
Puerto local: 60707
Estado TCP: LISTENING
PID: 5712
Aplicacion: RvControlSvc
Veces vista: 7
Ya fue vista antes y sigue fuera de BASE.
Sigue en observacion con alertas controladas.
Requiere aprobacion manual para pasar a BASE.
2026-08-12 10:11:22 | Escaneo completado. Conexiones=68 Alertas=1 Observaciones=21 LearningMode=False
2026-08-12 10:21:20 | OBSERVACION DE RED
Estado monitor: OBSERVACION
IP remota: 52.110.14.72
Puerto remoto: 443
IP local: 172.19.18.136
Puerto local: 55568
Estado TCP: ESTABLISHED
PID: 17068
Aplicacion: msedgewebview2
Veces vista: 25
Ya fue vista antes y sigue fuera de BASE.
Sigue en observacion con alertas controladas.
Requiere aprobacion manual para pasar a BASE.
2026-08-12 10:21:20 | OBSERVACION DE RED
Estado monitor: OBSERVACION
IP remota: 200.42.122.19
Puerto remoto: 443
IP local: 172.19.18.136
Puerto local: 56030
Estado TCP: ESTABLISHED
PID: 17068
Aplicacion: msedgewebview2
Veces vista: 16
Ya fue vista antes y sigue fuera de BASE.
Sigue en observacion con alertas controladas.
Requiere aprobacion manual para pasar a BASE.
2026-08-12 10:21:20 | OBSERVACION DE RED
Estado monitor: OBSERVACION
IP remota: 138.97.177.104
Puerto remoto: 443
IP local: 172.19.18.136
Puerto local: 58423
Estado TCP: ESTABLISHED
PID: 19344
Aplicacion: chrome
Veces vista: 111
Ya fue vista antes y sigue fuera de BASE.
Sigue en observacion con alertas controladas.
Requiere aprobacion manual para pasar a BASE.
2026-08-12 10:21:20 | OBSERVACION DE RED
Estado monitor: OBSERVACION
IP remota: 148.113.190.78
Puerto remoto: 17301
IP local: 172.19.18.136
Puerto local: 60707
Estado TCP: ESTABLISHED
PID: 5712
Aplicacion: RvControlSvc
Veces vista: 1081
Ya fue vista antes y sigue fuera de BASE.
Sigue en observacion con alertas controladas.
Requiere aprobacion manual para pasar a BASE.
2026-08-12 10:21:20 | OBSERVACION DE RED
Estado monitor: OBSERVACION
IP remota: 45.162.230.182
Puerto remoto: 17351
IP local: 172.19.18.136
Puerto local: 60798
Estado TCP: ESTABLISHED
PID: 5712
Aplicacion: RvControlSvc
Veces vista: 2453
Ya fue vista antes y sigue fuera de BASE.
Sigue en observacion con alertas controladas.
Requiere aprobacion manual para pasar a BASE.
2026-08-12 10:21:20 | NUEVA CONEXION DETECTADA
Estado monitor: NUEVA
IP remota: 40.74.98.199
Puerto remoto: 443
IP local: 172.19.18.136
Puerto local: 63821
Estado TCP: ESTABLISHED
PID: 17068
Aplicacion: msedgewebview2
Veces vista: 1
2026-08-12 10:21:20 | OBSERVACION DE RED
Estado monitor: OBSERVACION
Tipo: PUERTO EN ESCUCHA
IP local: 0.0.0.0
Puerto local: 135
Estado TCP: LISTENING
PID: 1808
Aplicacion: svchost
Veces vista: 3455
Ya fue vista antes y sigue fuera de BASE.
Sigue en observacion con alertas controladas.
Requiere aprobacion manual para pasar a BASE.
2026-08-12 10:21:20 | OBSERVACION DE RED
Estado monitor: OBSERVACION
Tipo: PUERTO EN ESCUCHA
IP local: 0.0.0.0
Puerto local: 445
Estado TCP: LISTENING
PID: 4
Aplicacion: System
Veces vista: 3455
Ya fue vista antes y sigue fuera de BASE.
Sigue en observacion con alertas controladas.
Requiere aprobacion manual para pasar a BASE.
2026-08-12 10:21:20 | OBSERVACION DE RED
Estado monitor: OBSERVACION
Tipo: PUERTO EN ESCUCHA
IP local: 0.0.0.0
Puerto local: 49664
Estado TCP: LISTENING
PID: 1516
Aplicacion: lsass
Veces vista: 3455
Ya fue vista antes y sigue fuera de BASE.
Sigue en observacion con alertas controladas.
Requiere aprobacion manual para pasar a BASE.
2026-08-12 10:21:20 | OBSERVACION DE RED
Estado monitor: OBSERVACION
Tipo: PUERTO EN ESCUCHA
IP local: 0.0.0.0
Puerto local: 49665
Estado TCP: LISTENING
PID: 1336
Aplicacion: wininit
Veces vista: 3455
Ya fue vista antes y sigue fuera de BASE.
Sigue en observacion con alertas controladas.
Requiere aprobacion manual para pasar a BASE.
2026-08-12 10:21:20 | OBSERVACION DE RED
Estado monitor: OBSERVACION
Tipo: PUERTO EN ESCUCHA
IP local: 0.0.0.0
Puerto local: 49666
Estado TCP: LISTENING
PID: 2520
Aplicacion: svchost
Veces vista: 3455
Ya fue vista antes y sigue fuera de BASE.
Sigue en observacion con alertas controladas.
Requiere aprobacion manual para pasar a BASE.
2026-08-12 10:21:20 | OBSERVACION DE RED
Estado monitor: OBSERVACION
Tipo: PUERTO EN ESCUCHA
IP local: 0.0.0.0
Puerto local: 49667
Estado TCP: LISTENING
PID: 3316
Aplicacion: svchost
Veces vista: 3455
Ya fue vista antes y sigue fuera de BASE.
Sigue en observacion con alertas controladas.
Requiere aprobacion manual para pasar a BASE.
2026-08-12 10:21:20 | OBSERVACION DE RED
Estado monitor: OBSERVACION
Tipo: PUERTO EN ESCUCHA
IP local: 0.0.0.0
Puerto local: 49668
Estado TCP: LISTENING
PID: 4872
Aplicacion: spoolsv
Veces vista: 3455
Ya fue vista antes y sigue fuera de BASE.
Sigue en observacion con alertas controladas.
Requiere aprobacion manual para pasar a BASE.
2026-08-12 10:21:20 | OBSERVACION DE RED
Estado monitor: OBSERVACION
Tipo: PUERTO EN ESCUCHA
IP local: 0.0.0.0
Puerto local: 49670
Estado TCP: LISTENING
PID: 1488
Aplicacion: services
Veces vista: 2192
Ya fue vista antes y sigue fuera de BASE.
Sigue en observacion con alertas controladas.
Requiere aprobacion manual para pasar a BASE.
2026-08-12 10:21:20 | OBSERVACION DE RED
Estado monitor: OBSERVACION
Tipo: PUERTO EN ESCUCHA
IP local: 0.0.0.0
Puerto local: 5040
Estado TCP: LISTENING
PID: 12640
Aplicacion: svchost
Veces vista: 3451
Ya fue vista antes y sigue fuera de BASE.
Sigue en observacion con alertas controladas.
Requiere aprobacion manual para pasar a BASE.
2026-08-12 10:21:20 | OBSERVACION DE RED
Estado monitor: OBSERVACION
Tipo: PUERTO EN ESCUCHA
IP local: 0.0.0.0
Puerto local: 50912
Estado TCP: LISTENING
PID: 5712
Aplicacion: RvControlSvc
Veces vista: 1
Sigue en observacion con alertas controladas.
Requiere aprobacion manual para pasar a BASE.
2026-08-12 10:21:20 | OBSERVACION DE RED
Estado monitor: OBSERVACION
Tipo: PUERTO EN ESCUCHA
IP local: 0.0.0.0
Puerto local: 7070
Estado TCP: LISTENING
PID: 5064
Aplicacion: AnyDesk
Veces vista: 2850
Ya fue vista antes y sigue fuera de BASE.
Sigue en observacion con alertas controladas.
Requiere aprobacion manual para pasar a BASE.
2026-08-12 10:21:20 | OBSERVACION DE RED
Estado monitor: OBSERVACION
Tipo: PUERTO EN ESCUCHA
IP local: 127.0.0.1
Puerto local: 5939
Estado TCP: LISTENING
PID: 5860
Aplicacion: TeamViewer_Service
Veces vista: 518
Ya fue vista antes y sigue fuera de BASE.
Sigue en observacion con alertas controladas.
Requiere aprobacion manual para pasar a BASE.
2026-08-12 10:21:20 | OBSERVACION DE RED
Estado monitor: OBSERVACION
Tipo: PUERTO EN ESCUCHA
IP local: 192.168.56.1
Puerto local: 139
Estado TCP: LISTENING
PID: 4
Aplicacion: System
Veces vista: 3453
Ya fue vista antes y sigue fuera de BASE.
Sigue en observacion con alertas controladas.
Requiere aprobacion manual para pasar a BASE.
2026-08-12 10:21:20 | OBSERVACION DE RED
Estado monitor: OBSERVACION
Tipo: PUERTO EN ESCUCHA
IP local: 26.137.80.247
Puerto local: 139
Estado TCP: LISTENING
PID: 4
Aplicacion: System
Veces vista: 3411
Ya fue vista antes y sigue fuera de BASE.
Sigue en observacion con alertas controladas.
Requiere aprobacion manual para pasar a BASE.
2026-08-12 10:21:24 | Escaneo completado. Conexiones=71 Alertas=1 Observaciones=20 LearningMode=False
2026-08-12 10:31:49 | OBSERVACION DE RED
Estado monitor: OBSERVACION
IP remota: 23.103.238.66
Puerto remoto: 443
IP local: 172.19.18.136
Puerto local: 55857
Estado TCP: ESTABLISHED
PID: 17068
Aplicacion: msedgewebview2
Veces vista: 6
Ya fue vista antes y sigue fuera de BASE.
Sigue en observacion con alertas controladas.
Requiere aprobacion manual para pasar a BASE.
2026-08-12 10:31:49 | OBSERVACION DE RED
Estado monitor: OBSERVACION
IP remota: 189.1.174.47
Puerto remoto: 443
IP local: 172.19.18.136
Puerto local: 56272
Estado TCP: ESTABLISHED
PID: 5064
Aplicacion: AnyDesk
Veces vista: 60
Ya fue vista antes y sigue fuera de BASE.
Sigue en observacion con alertas controladas.
Requiere aprobacion manual para pasar a BASE.
2026-08-12 10:31:49 | OBSERVACION DE RED
Estado monitor: OBSERVACION
IP remota: 151.101.193.91
Puerto remoto: 443
IP local: 172.19.18.136
Puerto local: 58288
Estado TCP: ESTABLISHED
PID: 19344
Aplicacion: chrome
Veces vista: 67
Ya fue vista antes y sigue fuera de BASE.
Sigue en observacion con alertas controladas.
Requiere aprobacion manual para pasar a BASE.
2026-08-12 10:31:49 | OBSERVACION DE RED
Estado monitor: OBSERVACION
IP remota: 20.184.175.11
Puerto remoto: 443
IP local: 172.19.18.136
Puerto local: 63604
Estado TCP: ESTABLISHED
PID: 21176
Aplicacion: OneDrive
Veces vista: 6
Ya fue vista antes y sigue fuera de BASE.
Sigue en observacion con alertas controladas.
Requiere aprobacion manual para pasar a BASE.
2026-08-12 10:31:49 | NUEVA CONEXION DETECTADA
Estado monitor: NUEVA
IP remota: 4.207.44.75
Puerto remoto: 443
IP local: 172.19.18.136
Puerto local: 63605
Estado TCP: ESTABLISHED
PID: 21680
Aplicacion: OneDrive.Sync.Service
Veces vista: 2
2026-08-12 10:31:49 | NUEVA CONEXION DETECTADA
Estado monitor: NUEVA
IP remota: 20.42.73.30
Puerto remoto: 443
IP local: 172.19.18.136
Puerto local: 63607
Estado TCP: ESTABLISHED
PID: 21680
Aplicacion: OneDrive.Sync.Service
Veces vista: 1
2026-08-12 10:31:49 | NUEVA CONEXION DETECTADA
Estado monitor: NUEVA
IP remota: 4.150.223.113
Puerto remoto: 443
IP local: 172.19.18.136
Puerto local: 63608
Estado TCP: ESTABLISHED
PID: 32968
Aplicacion: olk
Veces vista: 2
2026-08-12 10:31:49 | OBSERVACION DE RED
Estado monitor: OBSERVACION
IP remota: 4.150.223.106
Puerto remoto: 443
IP local: 172.19.18.136
Puerto local: 65090
Estado TCP: ESTABLISHED
PID: 17068
Aplicacion: msedgewebview2
Veces vista: 2
Ya fue vista antes y sigue fuera de BASE.
Sigue en observacion con alertas controladas.
Requiere aprobacion manual para pasar a BASE.
2026-08-12 10:31:49 | OBSERVACION DE RED
Estado monitor: OBSERVACION
Tipo: PUERTO EN ESCUCHA
IP local: 0.0.0.0
Puerto local: 56272
Estado TCP: LISTENING
PID: 5064
Aplicacion: AnyDesk
Veces vista: 1
Sigue en observacion con alertas controladas.
Requiere aprobacion manual para pasar a BASE.
2026-08-12 10:31:49 | OBSERVACION DE RED
Estado monitor: OBSERVACION
Tipo: PUERTO EN ESCUCHA
IP local: 0.0.0.0
Puerto local: 63589
Estado TCP: LISTENING
PID: 5712
Aplicacion: RvControlSvc
Veces vista: 1
Sigue en observacion con alertas controladas.
Requiere aprobacion manual para pasar a BASE.
2026-08-12 10:31:49 | OBSERVACION DE RED
Estado monitor: OBSERVACION
Tipo: PUERTO EN ESCUCHA
IP local: 0.0.0.0
Puerto local: 7680
Estado TCP: LISTENING
PID: 17252
Aplicacion: svchost
Veces vista: 560
Ya fue vista antes y sigue fuera de BASE.
Sigue en observacion con alertas controladas.
Requiere aprobacion manual para pasar a BASE.
2026-08-12 10:31:53 | Escaneo completado. Conexiones=74 Alertas=1 Observaciones=11 LearningMode=False
2026-08-12 10:44:43 | OBSERVACION DE RED
Estado monitor: OBSERVACION
IP remota: 142.251.0.188
Puerto remoto: 5228
IP local: 172.19.18.136
Puerto local: 58311
Estado TCP: ESTABLISHED
PID: 19344
Aplicacion: chrome
Veces vista: 545
Ya fue vista antes y sigue fuera de BASE.
Sigue en observacion con alertas controladas.
Requiere aprobacion manual para pasar a BASE.
2026-08-12 10:44:43 | OBSERVACION DE RED
Estado monitor: OBSERVACION
IP remota: 189.1.174.48
Puerto remoto: 443
IP local: 172.19.18.136
Puerto local: 58312
Estado TCP: ESTABLISHED
PID: 5064
Aplicacion: AnyDesk
Veces vista: 136
Ya fue vista antes y sigue fuera de BASE.
Sigue en observacion con alertas controladas.
Requiere aprobacion manual para pasar a BASE.
2026-08-12 10:44:43 | OBSERVACION DE RED
Estado monitor: OBSERVACION
IP remota: 52.123.245.45
Puerto remoto: 443
IP local: 172.19.18.136
Puerto local: 60118
Estado TCP: ESTABLISHED
PID: 5544
Aplicacion: MpDefenderCoreService
Veces vista: 16
Ya fue vista antes y sigue fuera de BASE.
Sigue en observacion con alertas controladas.
Requiere aprobacion manual para pasar a BASE.
2026-08-12 10:44:43 | OBSERVACION DE RED
Estado monitor: OBSERVACION
Tipo: PUERTO EN ESCUCHA
IP local: 172.19.18.136
Puerto local: 139
Estado TCP: LISTENING
PID: 4
Aplicacion: System
Veces vista: 10
Ya fue vista antes y sigue fuera de BASE.
Sigue en observacion con alertas controladas.
Requiere aprobacion manual para pasar a BASE.
2026-08-12 10:44:46 | Escaneo completado. Conexiones=34 Alertas=0 Observaciones=4 LearningMode=False
2026-08-12 10:57:59 | OBSERVACION DE RED
Estado monitor: OBSERVACION
IP remota: 138.97.176.98
Puerto remoto: 443
IP local: 172.19.18.136
Puerto local: 49382
Estado TCP: ESTABLISHED
PID: 19344
Aplicacion: chrome
Veces vista: 19
Ya fue vista antes y sigue fuera de BASE.
Sigue en observacion con alertas controladas.
Requiere aprobacion manual para pasar a BASE.
2026-08-12 10:57:59 | OBSERVACION DE RED
Estado monitor: OBSERVACION
IP remota: 172.217.114.4
Puerto remoto: 443
IP local: 172.19.18.136
Puerto local: 50114
Estado TCP: ESTABLISHED
PID: 19344
Aplicacion: chrome
Veces vista: 42
Ya fue vista antes y sigue fuera de BASE.
Sigue en observacion con alertas controladas.
Requiere aprobacion manual para pasar a BASE.
2026-08-12 10:57:59 | OBSERVACION DE RED
Estado monitor: OBSERVACION
IP remota: 177.54.148.69
Puerto remoto: 443
IP local: 172.19.18.136
Puerto local: 52480
Estado TCP: ESTABLISHED
PID: 15880
Aplicacion: AnyDesk
Veces vista: 21
Ya fue vista antes y sigue fuera de BASE.
Sigue en observacion con alertas controladas.
Requiere aprobacion manual para pasar a BASE.
2026-08-12 10:57:59 | OBSERVACION DE RED
Estado monitor: OBSERVACION
IP remota: 142.250.0.84
Puerto remoto: 443
IP local: 172.19.18.136
Puerto local: 53869
Estado TCP: ESTABLISHED
PID: 19344
Aplicacion: chrome
Veces vista: 28
Ya fue vista antes y sigue fuera de BASE.
Sigue en observacion con alertas controladas.
Requiere aprobacion manual para pasar a BASE.
2026-08-12 10:57:59 | OBSERVACION DE RED
Estado monitor: OBSERVACION
IP remota: 52.97.51.130
Puerto remoto: 443
IP local: 172.19.18.136
Puerto local: 58600
Estado TCP: ESTABLISHED
PID: 17068
Aplicacion: msedgewebview2
Veces vista: 33
Ya fue vista antes y sigue fuera de BASE.
Sigue en observacion con alertas controladas.
Requiere aprobacion manual para pasar a BASE.
2026-08-12 10:57:59 | OBSERVACION DE RED
Estado monitor: OBSERVACION
Tipo: PUERTO EN ESCUCHA
IP local: 0.0.0.0
Puerto local: 135
Estado TCP: LISTENING
PID: 1808
Aplicacion: svchost
Veces vista: 3458
Ya fue vista antes y sigue fuera de BASE.
Sigue en observacion con alertas controladas.
Requiere aprobacion manual para pasar a BASE.
2026-08-12 10:57:59 | OBSERVACION DE RED
Estado monitor: OBSERVACION
Tipo: PUERTO EN ESCUCHA
IP local: 0.0.0.0
Puerto local: 445
Estado TCP: LISTENING
PID: 4
Aplicacion: System
Veces vista: 3458
Ya fue vista antes y sigue fuera de BASE.
Sigue en observacion con alertas controladas.
Requiere aprobacion manual para pasar a BASE.
2026-08-12 10:57:59 | OBSERVACION DE RED
Estado monitor: OBSERVACION
Tipo: PUERTO EN ESCUCHA
IP local: 0.0.0.0
Puerto local: 49664
Estado TCP: LISTENING
PID: 1516
Aplicacion: lsass
Veces vista: 3458
Ya fue vista antes y sigue fuera de BASE.
Sigue en observacion con alertas controladas.
Requiere aprobacion manual para pasar a BASE.
2026-08-12 10:57:59 | OBSERVACION DE RED
Estado monitor: OBSERVACION
Tipo: PUERTO EN ESCUCHA
IP local: 0.0.0.0
Puerto local: 49665
Estado TCP: LISTENING
PID: 1336
Aplicacion: wininit
Veces vista: 3458
Ya fue vista antes y sigue fuera de BASE.
Sigue en observacion con alertas controladas.
Requiere aprobacion manual para pasar a BASE.
2026-08-12 10:57:59 | OBSERVACION DE RED
Estado monitor: OBSERVACION
Tipo: PUERTO EN ESCUCHA
IP local: 0.0.0.0
Puerto local: 49666
Estado TCP: LISTENING
PID: 2520
Aplicacion: svchost
Veces vista: 3458
Ya fue vista antes y sigue fuera de BASE.
Sigue en observacion con alertas controladas.
Requiere aprobacion manual para pasar a BASE.
2026-08-12 10:57:59 | OBSERVACION DE RED
Estado monitor: OBSERVACION
Tipo: PUERTO EN ESCUCHA
IP local: 0.0.0.0
Puerto local: 49667
Estado TCP: LISTENING
PID: 3316
Aplicacion: svchost
Veces vista: 3458
Ya fue vista antes y sigue fuera de BASE.
Sigue en observacion con alertas controladas.
Requiere aprobacion manual para pasar a BASE.
2026-08-12 10:57:59 | OBSERVACION DE RED
Estado monitor: OBSERVACION
Tipo: PUERTO EN ESCUCHA
IP local: 0.0.0.0
Puerto local: 49668
Estado TCP: LISTENING
PID: 4872
Aplicacion: spoolsv
Veces vista: 3458
Ya fue vista antes y sigue fuera de BASE.
Sigue en observacion con alertas controladas.
Requiere aprobacion manual para pasar a BASE.
2026-08-12 10:57:59 | OBSERVACION DE RED
Estado monitor: OBSERVACION
Tipo: PUERTO EN ESCUCHA
IP local: 0.0.0.0
Puerto local: 49670
Estado TCP: LISTENING
PID: 1488
Aplicacion: services
Veces vista: 2195
Ya fue vista antes y sigue fuera de BASE.
Sigue en observacion con alertas controladas.
Requiere aprobacion manual para pasar a BASE.
2026-08-12 10:57:59 | OBSERVACION DE RED
Estado monitor: OBSERVACION
Tipo: PUERTO EN ESCUCHA
IP local: 0.0.0.0
Puerto local: 5040
Estado TCP: LISTENING
PID: 12640
Aplicacion: svchost
Veces vista: 3454
Ya fue vista antes y sigue fuera de BASE.
Sigue en observacion con alertas controladas.
Requiere aprobacion manual para pasar a BASE.
2026-08-12 10:57:59 | OBSERVACION DE RED
Estado monitor: OBSERVACION
Tipo: PUERTO EN ESCUCHA
IP local: 0.0.0.0
Puerto local: 58602
Estado TCP: LISTENING
PID: 15880
Aplicacion: AnyDesk
Veces vista: 1
Sigue en observacion con alertas controladas.
Requiere aprobacion manual para pasar a BASE.
2026-08-12 10:57:59 | OBSERVACION DE RED
Estado monitor: OBSERVACION
Tipo: PUERTO EN ESCUCHA
IP local: 0.0.0.0
Puerto local: 7070
Estado TCP: LISTENING
PID: 15880
Aplicacion: AnyDesk
Veces vista: 2853
Ya fue vista antes y sigue fuera de BASE.
Sigue en observacion con alertas controladas.
Requiere aprobacion manual para pasar a BASE.
2026-08-12 10:57:59 | OBSERVACION DE RED
Estado monitor: OBSERVACION
Tipo: PUERTO EN ESCUCHA
IP local: 127.0.0.1
Puerto local: 5939
Estado TCP: LISTENING
PID: 5860
Aplicacion: TeamViewer_Service
Veces vista: 521
Ya fue vista antes y sigue fuera de BASE.
Sigue en observacion con alertas controladas.
Requiere aprobacion manual para pasar a BASE.
2026-08-12 10:57:59 | OBSERVACION DE RED
Estado monitor: OBSERVACION
Tipo: PUERTO EN ESCUCHA
IP local: 192.168.56.1
Puerto local: 139
Estado TCP: LISTENING
PID: 4
Aplicacion: System
Veces vista: 3456
Ya fue vista antes y sigue fuera de BASE.
Sigue en observacion con alertas controladas.
Requiere aprobacion manual para pasar a BASE.
2026-08-12 10:57:59 | OBSERVACION DE RED
Estado monitor: OBSERVACION
Tipo: PUERTO EN ESCUCHA
IP local: 26.137.80.247
Puerto local: 139
Estado TCP: LISTENING
PID: 4
Aplicacion: System
Veces vista: 3414
Ya fue vista antes y sigue fuera de BASE.
Sigue en observacion con alertas controladas.
Requiere aprobacion manual para pasar a BASE.
2026-08-12 10:58:04 | Escaneo completado. Conexiones=41 Alertas=0 Observaciones=19 LearningMode=False
2026-08-12 11:08:04 | OBSERVACION DE RED
Estado monitor: OBSERVACION
IP remota: 172.217.28.2
Puerto remoto: 443
IP local: 172.19.18.136
Puerto local: 51838
Estado TCP: ESTABLISHED
PID: 19344
Aplicacion: chrome
Veces vista: 29
Ya fue vista antes y sigue fuera de BASE.
Sigue en observacion con alertas controladas.
Requiere aprobacion manual para pasar a BASE.
2026-08-12 11:08:04 | OBSERVACION DE RED
Estado monitor: OBSERVACION
IP remota: 189.1.174.47
Puerto remoto: 443
IP local: 172.19.18.136
Puerto local: 58602
Estado TCP: ESTABLISHED
PID: 15880
Aplicacion: AnyDesk
Veces vista: 62
Ya fue vista antes y sigue fuera de BASE.
Sigue en observacion con alertas controladas.
Requiere aprobacion manual para pasar a BASE.
2026-08-12 11:08:04 | OBSERVACION DE RED
Estado monitor: OBSERVACION
IP remota: 142.251.155.2
Puerto remoto: 443
IP local: 172.19.18.136
Puerto local: 60478
Estado TCP: ESTABLISHED
PID: 19344
Aplicacion: chrome
Veces vista: 12
Ya fue vista antes y sigue fuera de BASE.
Sigue en observacion con alertas controladas.
Requiere aprobacion manual para pasar a BASE.
2026-08-12 11:08:04 | OBSERVACION DE RED
Estado monitor: OBSERVACION
IP remota: 52.97.51.114
Puerto remoto: 443
IP local: 172.19.18.136
Puerto local: 63731
Estado TCP: ESTABLISHED
PID: 17068
Aplicacion: msedgewebview2
Veces vista: 17
Ya fue vista antes y sigue fuera de BASE.
Sigue en observacion con alertas controladas.
Requiere aprobacion manual para pasar a BASE.
2026-08-12 11:08:04 | OBSERVACION DE RED
Estado monitor: OBSERVACION
IP remota: 142.251.134.78
Puerto remoto: 443
IP local: 172.19.18.136
Puerto local: 63900
Estado TCP: ESTABLISHED
PID: 19344
Aplicacion: chrome
Veces vista: 94
Ya fue vista antes y sigue fuera de BASE.
Sigue en observacion con alertas controladas.
Requiere aprobacion manual para pasar a BASE.
2026-08-12 11:08:04 | NUEVA CONEXION DETECTADA
Estado monitor: NUEVA
IP remota: 2.23.164.171
Puerto remoto: 443
IP local: 172.19.18.136
Puerto local: 63901
Estado TCP: ESTABLISHED
PID: 27260
Aplicacion: PSADriverApp
Veces vista: 1
2026-08-12 11:08:04 | NUEVA CONEXION DETECTADA
Estado monitor: NUEVA
IP remota: 23.11.35.158
Puerto remoto: 80
IP local: 172.19.18.136
Puerto local: 63902
Estado TCP: ESTABLISHED
PID: 27260
Aplicacion: PSADriverApp
Veces vista: 1
2026-08-12 11:08:04 | NUEVA CONEXION DETECTADA
Estado monitor: NUEVA
IP remota: 23.222.187.65
Puerto remoto: 443
IP local: 172.19.18.136
Puerto local: 63903
Estado TCP: ESTABLISHED
PID: 27260
Aplicacion: PSADriverApp
Veces vista: 1
2026-08-12 11:08:04 | NUEVA CONEXION DETECTADA
Estado monitor: NUEVA
IP remota: 23.1.211.56
Puerto remoto: 443
IP local: 172.19.18.136
Puerto local: 63904
Estado TCP: ESTABLISHED
PID: 27260
Aplicacion: PSADriverApp
Veces vista: 1
2026-08-12 11:08:04 | OBSERVACION DE RED
Estado monitor: OBSERVACION
IP remota: 142.251.128.66
Puerto remoto: 443
IP local: 172.19.18.136
Puerto local: 64364
Estado TCP: ESTABLISHED
PID: 19344
Aplicacion: chrome
Veces vista: 39
Ya fue vista antes y sigue fuera de BASE.
Sigue en observacion con alertas controladas.
Requiere aprobacion manual para pasar a BASE.
2026-08-12 11:08:04 | OBSERVACION DE RED
Estado monitor: OBSERVACION
IP remota: 216.239.36.181
Puerto remoto: 443
IP local: 172.19.18.136
Puerto local: 65333
Estado TCP: ESTABLISHED
PID: 19344
Aplicacion: chrome
Veces vista: 13
Ya fue vista antes y sigue fuera de BASE.
Sigue en observacion con alertas controladas.
Requiere aprobacion manual para pasar a BASE.
2026-08-12 11:08:07 | Escaneo completado. Conexiones=37 Alertas=1 Observaciones=11 LearningMode=False
2026-08-12 11:18:01 | OBSERVACION DE RED
Estado monitor: OBSERVACION
IP remota: 138.97.177.104
Puerto remoto: 443
IP local: 172.19.18.136
Puerto local: 59629
Estado TCP: ESTABLISHED
PID: 19344
Aplicacion: chrome
Veces vista: 114
Ya fue vista antes y sigue fuera de BASE.
Sigue en observacion con alertas controladas.
Requiere aprobacion manual para pasar a BASE.
2026-08-12 11:18:01 | OBSERVACION DE RED
Estado monitor: OBSERVACION
IP remota: 172.217.119.4
Puerto remoto: 443
IP local: 172.19.18.136
Puerto local: 64693
Estado TCP: ESTABLISHED
PID: 19344
Aplicacion: chrome
Veces vista: 47
Ya fue vista antes y sigue fuera de BASE.
Sigue en observacion con alertas controladas.
Requiere aprobacion manual para pasar a BASE.
2026-08-12 11:18:01 | OBSERVACION DE RED
Estado monitor: OBSERVACION
Tipo: PUERTO EN ESCUCHA
IP local: 172.19.18.136
Puerto local: 139
Estado TCP: LISTENING
PID: 4
Aplicacion: System
Veces vista: 13
Ya fue vista antes y sigue fuera de BASE.
Sigue en observacion con alertas controladas.
Requiere aprobacion manual para pasar a BASE.
2026-08-12 11:18:05 | Escaneo completado. Conexiones=41 Alertas=1 Observaciones=3 LearningMode=False
2026-08-12 11:28:01 | OBSERVACION DE RED
Estado monitor: OBSERVACION
IP remota: 177.54.148.69
Puerto remoto: 443
IP local: 172.19.18.136
Puerto local: 52480
Estado TCP: ESTABLISHED
PID: 15880
Aplicacion: AnyDesk
Veces vista: 24
Ya fue vista antes y sigue fuera de BASE.
Sigue en observacion con alertas controladas.
Requiere aprobacion manual para pasar a BASE.
2026-08-12 11:28:01 | OBSERVACION DE RED
Estado monitor: OBSERVACION
IP remota: 142.250.0.84
Puerto remoto: 443
IP local: 172.19.18.136
Puerto local: 52729
Estado TCP: ESTABLISHED
PID: 19344
Aplicacion: chrome
Veces vista: 29
Ya fue vista antes y sigue fuera de BASE.
Sigue en observacion con alertas controladas.
Requiere aprobacion manual para pasar a BASE.
2026-08-12 11:28:01 | OBSERVACION DE RED
Estado monitor: OBSERVACION
IP remota: 200.42.122.24
Puerto remoto: 80
IP local: 172.19.18.136
Puerto local: 60707
Estado TCP: ESTABLISHED
PID: 13672
Aplicacion: svchost
Veces vista: 4
Ya fue vista antes y sigue fuera de BASE.
Sigue en observacion con alertas controladas.
Requiere aprobacion manual para pasar a BASE.
2026-08-12 11:28:02 | OBSERVACION DE RED
Estado monitor: OBSERVACION
Tipo: PUERTO EN ESCUCHA
IP local: 0.0.0.0
Puerto local: 135
Estado TCP: LISTENING
PID: 1808
Aplicacion: svchost
Veces vista: 3461
Ya fue vista antes y sigue fuera de BASE.
Sigue en observacion con alertas controladas.
Requiere aprobacion manual para pasar a BASE.
2026-08-12 11:28:02 | OBSERVACION DE RED
Estado monitor: OBSERVACION
Tipo: PUERTO EN ESCUCHA
IP local: 0.0.0.0
Puerto local: 445
Estado TCP: LISTENING
PID: 4
Aplicacion: System
Veces vista: 3461
Ya fue vista antes y sigue fuera de BASE.
Sigue en observacion con alertas controladas.
Requiere aprobacion manual para pasar a BASE.
2026-08-12 11:28:02 | OBSERVACION DE RED
Estado monitor: OBSERVACION
Tipo: PUERTO EN ESCUCHA
IP local: 0.0.0.0
Puerto local: 49664
Estado TCP: LISTENING
PID: 1516
Aplicacion: lsass
Veces vista: 3461
Ya fue vista antes y sigue fuera de BASE.
Sigue en observacion con alertas controladas.
Requiere aprobacion manual para pasar a BASE.
2026-08-12 11:28:02 | OBSERVACION DE RED
Estado monitor: OBSERVACION
Tipo: PUERTO EN ESCUCHA
IP local: 0.0.0.0
Puerto local: 49665
Estado TCP: LISTENING
PID: 1336
Aplicacion: wininit
Veces vista: 3461
Ya fue vista antes y sigue fuera de BASE.
Sigue en observacion con alertas controladas.
Requiere aprobacion manual para pasar a BASE.
2026-08-12 11:28:02 | OBSERVACION DE RED
Estado monitor: OBSERVACION
Tipo: PUERTO EN ESCUCHA
IP local: 0.0.0.0
Puerto local: 49666
Estado TCP: LISTENING
PID: 2520
Aplicacion: svchost
Veces vista: 3461
Ya fue vista antes y sigue fuera de BASE.
Sigue en observacion con alertas controladas.
Requiere aprobacion manual para pasar a BASE.
2026-08-12 11:28:02 | OBSERVACION DE RED
Estado monitor: OBSERVACION
Tipo: PUERTO EN ESCUCHA
IP local: 0.0.0.0
Puerto local: 49667
Estado TCP: LISTENING
PID: 3316
Aplicacion: svchost
Veces vista: 3461
Ya fue vista antes y sigue fuera de BASE.
Sigue en observacion con alertas controladas.
Requiere aprobacion manual para pasar a BASE.
2026-08-12 11:28:02 | OBSERVACION DE RED
Estado monitor: OBSERVACION
Tipo: PUERTO EN ESCUCHA
IP local: 0.0.0.0
Puerto local: 49668
Estado TCP: LISTENING
PID: 4872
Aplicacion: spoolsv
Veces vista: 3461
Ya fue vista antes y sigue fuera de BASE.
Sigue en observacion con alertas controladas.
Requiere aprobacion manual para pasar a BASE.
2026-08-12 11:28:02 | OBSERVACION DE RED
Estado monitor: OBSERVACION
Tipo: PUERTO EN ESCUCHA
IP local: 0.0.0.0
Puerto local: 49670
Estado TCP: LISTENING
PID: 1488
Aplicacion: services
Veces vista: 2198
Ya fue vista antes y sigue fuera de BASE.
Sigue en observacion con alertas controladas.
Requiere aprobacion manual para pasar a BASE.
2026-08-12 11:28:02 | OBSERVACION DE RED
Estado monitor: OBSERVACION
Tipo: PUERTO EN ESCUCHA
IP local: 0.0.0.0
Puerto local: 5040
Estado TCP: LISTENING
PID: 12640
Aplicacion: svchost
Veces vista: 3457
Ya fue vista antes y sigue fuera de BASE.
Sigue en observacion con alertas controladas.
Requiere aprobacion manual para pasar a BASE.
2026-08-12 11:28:02 | OBSERVACION DE RED
Estado monitor: OBSERVACION
Tipo: PUERTO EN ESCUCHA
IP local: 0.0.0.0
Puerto local: 55985
Estado TCP: LISTENING
PID: 15880
Aplicacion: AnyDesk
Veces vista: 1
Sigue en observacion con alertas controladas.
Requiere aprobacion manual para pasar a BASE.
2026-08-12 11:28:02 | OBSERVACION DE RED
Estado monitor: OBSERVACION
Tipo: PUERTO EN ESCUCHA
IP local: 0.0.0.0
Puerto local: 7070
Estado TCP: LISTENING
PID: 15880
Aplicacion: AnyDesk
Veces vista: 2856
Ya fue vista antes y sigue fuera de BASE.
Sigue en observacion con alertas controladas.
Requiere aprobacion manual para pasar a BASE.
2026-08-12 11:28:02 | OBSERVACION DE RED
Estado monitor: OBSERVACION
Tipo: PUERTO EN ESCUCHA
IP local: 0.0.0.0
Puerto local: 7680
Estado TCP: LISTENING
PID: 17252
Aplicacion: svchost
Veces vista: 561
Ya fue vista antes y sigue fuera de BASE.
Sigue en observacion con alertas controladas.
Requiere aprobacion manual para pasar a BASE.
2026-08-12 11:28:02 | OBSERVACION DE RED
Estado monitor: OBSERVACION
Tipo: PUERTO EN ESCUCHA
IP local: 127.0.0.1
Puerto local: 5939
Estado TCP: LISTENING
PID: 5860
Aplicacion: TeamViewer_Service
Veces vista: 524
Ya fue vista antes y sigue fuera de BASE.
Sigue en observacion con alertas controladas.
Requiere aprobacion manual para pasar a BASE.
2026-08-12 11:28:02 | OBSERVACION DE RED
Estado monitor: OBSERVACION
Tipo: PUERTO EN ESCUCHA
IP local: 192.168.56.1
Puerto local: 139
Estado TCP: LISTENING
PID: 4
Aplicacion: System
Veces vista: 3459
Ya fue vista antes y sigue fuera de BASE.
Sigue en observacion con alertas controladas.
Requiere aprobacion manual para pasar a BASE.
2026-08-12 11:28:02 | OBSERVACION DE RED
Estado monitor: OBSERVACION
Tipo: PUERTO EN ESCUCHA
IP local: 26.137.80.247
Puerto local: 139
Estado TCP: LISTENING
PID: 4
Aplicacion: System
Veces vista: 3417
Ya fue vista antes y sigue fuera de BASE.
Sigue en observacion con alertas controladas.
Requiere aprobacion manual para pasar a BASE.
2026-08-12 11:28:08 | Escaneo completado. Conexiones=39 Alertas=1 Observaciones=18 LearningMode=False
2026-08-12 11:38:05 | NUEVA CONEXION DETECTADA
Estado monitor: NUEVA
IP remota: 201.131.79.6
Puerto remoto: 443
IP local: 172.19.18.136
Puerto local: 51052
Estado TCP: ESTABLISHED
PID: 19344
Aplicacion: chrome
Veces vista: 1
2026-08-12 11:38:05 | OBSERVACION DE RED
Estado monitor: OBSERVACION
IP remota: 142.251.128.40
Puerto remoto: 443
IP local: 172.19.18.136
Puerto local: 51596
Estado TCP: ESTABLISHED
PID: 19344
Aplicacion: chrome
Veces vista: 26
Ya fue vista antes y sigue fuera de BASE.
Sigue en observacion con alertas controladas.
Requiere aprobacion manual para pasar a BASE.
2026-08-12 11:38:05 | NUEVA CONEXION DETECTADA
Estado monitor: NUEVA
IP remota: 201.131.79.6
Puerto remoto: 443
IP local: 172.19.18.136
Puerto local: 52279
Estado TCP: ESTABLISHED
PID: 19344
Aplicacion: chrome
Veces vista: 2
2026-08-12 11:38:05 | OBSERVACION DE RED
Estado monitor: OBSERVACION
IP remota: 68.67.160.24
Puerto remoto: 443
IP local: 172.19.18.136
Puerto local: 54387
Estado TCP: ESTABLISHED
PID: 4888
Aplicacion: msedgewebview2
Veces vista: 3
Ya fue vista antes y sigue fuera de BASE.
Sigue en observacion con alertas controladas.
Requiere aprobacion manual para pasar a BASE.
2026-08-12 11:38:05 | OBSERVACION DE RED
Estado monitor: OBSERVACION
IP remota: 172.217.112.4
Puerto remoto: 443
IP local: 172.19.18.136
Puerto local: 54533
Estado TCP: ESTABLISHED
PID: 19344
Aplicacion: chrome
Veces vista: 39
Ya fue vista antes y sigue fuera de BASE.
Sigue en observacion con alertas controladas.
Requiere aprobacion manual para pasar a BASE.
2026-08-12 11:38:05 | OBSERVACION DE RED
Estado monitor: OBSERVACION
IP remota: 207.248.124.93
Puerto remoto: 8180
IP local: 172.19.18.136
Puerto local: 55931
Estado TCP: ESTABLISHED
PID: 19344
Aplicacion: chrome
Veces vista: 75
Ya fue vista antes y sigue fuera de BASE.
Sigue en observacion con alertas controladas.
Requiere aprobacion manual para pasar a BASE.
2026-08-12 11:38:05 | OBSERVACION DE RED
Estado monitor: OBSERVACION
IP remota: 189.1.174.47
Puerto remoto: 443
IP local: 172.19.18.136
Puerto local: 55985
Estado TCP: ESTABLISHED
PID: 15880
Aplicacion: AnyDesk
Veces vista: 65
Ya fue vista antes y sigue fuera de BASE.
Sigue en observacion con alertas controladas.
Requiere aprobacion manual para pasar a BASE.
2026-08-12 11:38:05 | OBSERVACION DE RED
Estado monitor: OBSERVACION
IP remota: 52.97.28.130
Puerto remoto: 443
IP local: 172.19.18.136
Puerto local: 56237
Estado TCP: ESTABLISHED
PID: 4888
Aplicacion: msedgewebview2
Veces vista: 30
Ya fue vista antes y sigue fuera de BASE.
Sigue en observacion con alertas controladas.
Requiere aprobacion manual para pasar a BASE.
2026-08-12 11:38:05 | OBSERVACION DE RED
Estado monitor: OBSERVACION
IP remota: 142.251.128.72
Puerto remoto: 443
IP local: 172.19.18.136
Puerto local: 57198
Estado TCP: ESTABLISHED
PID: 19344
Aplicacion: chrome
Veces vista: 8
Ya fue vista antes y sigue fuera de BASE.
Sigue en observacion con alertas controladas.
Requiere aprobacion manual para pasar a BASE.
2026-08-12 11:38:05 | OBSERVACION DE RED
Estado monitor: OBSERVACION
IP remota: 151.101.65.155
Puerto remoto: 443
IP local: 172.19.18.136
Puerto local: 57995
Estado TCP: ESTABLISHED
PID: 19344
Aplicacion: chrome
Veces vista: 4
Ya fue vista antes y sigue fuera de BASE.
Sigue en observacion con alertas controladas.
Requiere aprobacion manual para pasar a BASE.
2026-08-12 11:38:05 | OBSERVACION DE RED
Estado monitor: OBSERVACION
IP remota: 151.101.65.91
Puerto remoto: 443
IP local: 172.19.18.136
Puerto local: 59883
Estado TCP: ESTABLISHED
PID: 19344
Aplicacion: chrome
Veces vista: 80
Ya fue vista antes y sigue fuera de BASE.
Sigue en observacion con alertas controladas.
Requiere aprobacion manual para pasar a BASE.
2026-08-12 11:38:05 | OBSERVACION DE RED
Estado monitor: OBSERVACION
IP remota: 172.217.114.4
Puerto remoto: 443
IP local: 172.19.18.136
Puerto local: 60797
Estado TCP: ESTABLISHED
PID: 19344
Aplicacion: chrome
Veces vista: 45
Ya fue vista antes y sigue fuera de BASE.
Sigue en observacion con alertas controladas.
Requiere aprobacion manual para pasar a BASE.
2026-08-12 11:38:05 | OBSERVACION DE RED
Estado monitor: OBSERVACION
IP remota: 172.217.118.4
Puerto remoto: 443
IP local: 172.19.18.136
Puerto local: 61840
Estado TCP: ESTABLISHED
PID: 19344
Aplicacion: chrome
Veces vista: 51
Ya fue vista antes y sigue fuera de BASE.
Sigue en observacion con alertas controladas.
Requiere aprobacion manual para pasar a BASE.
2026-08-12 11:38:08 | Escaneo completado. Conexiones=57 Alertas=1 Observaciones=13 LearningMode=False
2026-08-12 11:48:15 | OBSERVACION DE RED
Estado monitor: OBSERVACION
IP remota: 172.217.114.4
Puerto remoto: 443
IP local: 172.19.18.136
Puerto local: 49154
Estado TCP: ESTABLISHED
PID: 24988
Aplicacion: language_server_windows_x64
Veces vista: 242
Ya fue vista antes y sigue fuera de BASE.
Sigue en observacion con alertas controladas.
Requiere aprobacion manual para pasar a BASE.
2026-08-12 11:48:15 | NUEVA CONEXION DETECTADA
Estado monitor: NUEVA
IP remota: 51.132.193.105
Puerto remoto: 443
IP local: 172.19.18.136
Puerto local: 50673
Estado TCP: ESTABLISHED
PID: 23440
Aplicacion: Antigravity IDE
Veces vista: 1
2026-08-12 11:48:15 | OBSERVACION DE RED
Estado monitor: OBSERVACION
IP remota: 151.101.64.223
Puerto remoto: 443
IP local: 172.19.18.136
Puerto local: 50674
Estado TCP: ESTABLISHED
PID: 4352
Aplicacion: svchost
Veces vista: 21
Ya fue vista antes y sigue fuera de BASE.
Sigue en observacion con alertas controladas.
Requiere aprobacion manual para pasar a BASE.
2026-08-12 11:48:15 | NUEVA CONEXION DETECTADA
Estado monitor: NUEVA
IP remota: 72.153.5.134
Puerto remoto: 443
IP local: 172.19.18.136
Puerto local: 50676
Estado TCP: ESTABLISHED
PID: 17252
Aplicacion: svchost
Veces vista: 2
2026-08-12 11:48:15 | OBSERVACION DE RED
Estado monitor: OBSERVACION
IP remota: 52.97.23.226
Puerto remoto: 443
IP local: 172.19.18.136
Puerto local: 57488
Estado TCP: ESTABLISHED
PID: 4888
Aplicacion: msedgewebview2
Veces vista: 28
Ya fue vista antes y sigue fuera de BASE.
Sigue en observacion con alertas controladas.
Requiere aprobacion manual para pasar a BASE.
2026-08-12 11:48:15 | OBSERVACION DE RED
Estado monitor: OBSERVACION
IP remota: 57.144.207.32
Puerto remoto: 5222
IP local: 172.19.18.136
Puerto local: 59960
Estado TCP: ESTABLISHED
PID: 19344
Aplicacion: chrome
Veces vista: 143
Ya fue vista antes y sigue fuera de BASE.
Sigue en observacion con alertas controladas.
Requiere aprobacion manual para pasar a BASE.
2026-08-12 11:48:15 | OBSERVACION DE RED
Estado monitor: OBSERVACION
IP remota: 172.217.115.4
Puerto remoto: 443
IP local: 172.19.18.136
Puerto local: 60359
Estado TCP: ESTABLISHED
PID: 4068
Aplicacion: language_server_windows_x64
Veces vista: 275
Ya fue vista antes y sigue fuera de BASE.
Sigue en observacion con alertas controladas.
Requiere aprobacion manual para pasar a BASE.
2026-08-12 11:48:15 | OBSERVACION DE RED
Estado monitor: OBSERVACION
IP remota: 172.217.116.4
Puerto remoto: 443
IP local: 172.19.18.136
Puerto local: 60974
Estado TCP: ESTABLISHED
PID: 4068
Aplicacion: language_server_windows_x64
Veces vista: 231
Ya fue vista antes y sigue fuera de BASE.
Sigue en observacion con alertas controladas.
Requiere aprobacion manual para pasar a BASE.
2026-08-12 11:48:15 | OBSERVACION DE RED
Estado monitor: OBSERVACION
IP remota: 104.16.7.34
Puerto remoto: 443
IP local: 172.19.18.136
Puerto local: 63563
Estado TCP: ESTABLISHED
PID: 18636
Aplicacion: node
Veces vista: 4
Ya fue vista antes y sigue fuera de BASE.
Sigue en observacion con alertas controladas.
Requiere aprobacion manual para pasar a BASE.
2026-08-12 11:48:15 | OBSERVACION DE RED
Estado monitor: OBSERVACION
Tipo: PUERTO EN ESCUCHA
IP local: 127.0.0.1
Puerto local: 60954
Estado TCP: LISTENING
PID: 30612
Aplicacion: Antigravity IDE
Veces vista: 1
Sigue en observacion con alertas controladas.
Requiere aprobacion manual para pasar a BASE.
2026-08-12 11:48:15 | OBSERVACION DE RED
Estado monitor: OBSERVACION
Tipo: PUERTO EN ESCUCHA
IP local: 127.0.0.1
Puerto local: 60955
Estado TCP: LISTENING
PID: 30612
Aplicacion: Antigravity IDE
Veces vista: 1
Sigue en observacion con alertas controladas.
Requiere aprobacion manual para pasar a BASE.
2026-08-12 11:48:15 | OBSERVACION DE RED
Estado monitor: OBSERVACION
Tipo: PUERTO EN ESCUCHA
IP local: 127.0.0.1
Puerto local: 60959
Estado TCP: LISTENING
PID: 4068
Aplicacion: language_server_windows_x64
Veces vista: 1
Sigue en observacion con alertas controladas.
Requiere aprobacion manual para pasar a BASE.
2026-08-12 11:48:15 | OBSERVACION DE RED
Estado monitor: OBSERVACION
Tipo: PUERTO EN ESCUCHA
IP local: 127.0.0.1
Puerto local: 60960
Estado TCP: LISTENING
PID: 4068
Aplicacion: language_server_windows_x64
Veces vista: 1
Sigue en observacion con alertas controladas.
Requiere aprobacion manual para pasar a BASE.
2026-08-12 11:48:15 | OBSERVACION DE RED
Estado monitor: OBSERVACION
Tipo: PUERTO EN ESCUCHA
IP local: 127.0.0.1
Puerto local: 63564
Estado TCP: LISTENING
PID: 26028
Aplicacion: Antigravity IDE
Veces vista: 1
Sigue en observacion con alertas controladas.
Requiere aprobacion manual para pasar a BASE.
2026-08-12 11:48:15 | OBSERVACION DE RED
Estado monitor: OBSERVACION
Tipo: PUERTO EN ESCUCHA
IP local: 127.0.0.1
Puerto local: 65513
Estado TCP: LISTENING
PID: 26028
Aplicacion: Antigravity IDE
Veces vista: 1
Sigue en observacion con alertas controladas.
Requiere aprobacion manual para pasar a BASE.
2026-08-12 11:48:15 | OBSERVACION DE RED
Estado monitor: OBSERVACION
Tipo: PUERTO EN ESCUCHA
IP local: 127.0.0.1
Puerto local: 65515
Estado TCP: LISTENING
PID: 24988
Aplicacion: language_server_windows_x64
Veces vista: 1
Sigue en observacion con alertas controladas.
Requiere aprobacion manual para pasar a BASE.
2026-08-12 11:48:15 | OBSERVACION DE RED
Estado monitor: OBSERVACION
Tipo: PUERTO EN ESCUCHA
IP local: 127.0.0.1
Puerto local: 65516
Estado TCP: LISTENING
PID: 24988
Aplicacion: language_server_windows_x64
Veces vista: 1
Sigue en observacion con alertas controladas.
Requiere aprobacion manual para pasar a BASE.
2026-08-12 11:48:15 | OBSERVACION DE RED
Estado monitor: OBSERVACION
Tipo: PUERTO EN ESCUCHA
IP local: 127.0.0.1
Puerto local: 65532
Estado TCP: LISTENING
PID: 24988
Aplicacion: language_server_windows_x64
Veces vista: 1
Sigue en observacion con alertas controladas.
Requiere aprobacion manual para pasar a BASE.
2026-08-12 11:48:15 | OBSERVACION DE RED
Estado monitor: OBSERVACION
Tipo: PUERTO EN ESCUCHA
IP local: 172.19.18.136
Puerto local: 139
Estado TCP: LISTENING
PID: 4
Aplicacion: System
Veces vista: 16
Ya fue vista antes y sigue fuera de BASE.
Sigue en observacion con alertas controladas.
Requiere aprobacion manual para pasar a BASE.
2026-08-12 11:48:19 | Escaneo completado. Conexiones=117 Alertas=1 Observaciones=19 LearningMode=False
2026-08-12 11:58:07 | OBSERVACION DE RED
Estado monitor: OBSERVACION
IP remota: 142.250.0.84
Puerto remoto: 443
IP local: 172.19.18.136
Puerto local: 51287
Estado TCP: ESTABLISHED
PID: 19344
Aplicacion: chrome
Veces vista: 30
Ya fue vista antes y sigue fuera de BASE.
Sigue en observacion con alertas controladas.
Requiere aprobacion manual para pasar a BASE.
2026-08-12 11:58:07 | OBSERVACION DE RED
Estado monitor: OBSERVACION
IP remota: 177.54.148.69
Puerto remoto: 443
IP local: 172.19.18.136
Puerto local: 52480
Estado TCP: ESTABLISHED
PID: 15880
Aplicacion: AnyDesk
Veces vista: 27
Ya fue vista antes y sigue fuera de BASE.
Sigue en observacion con alertas controladas.
Requiere aprobacion manual para pasar a BASE.
2026-08-12 11:58:07 | OBSERVACION DE RED
Estado monitor: OBSERVACION
IP remota: 52.123.245.35
Puerto remoto: 443
IP local: 172.19.18.136
Puerto local: 63312
Estado TCP: ESTABLISHED
PID: 5544
Aplicacion: MpDefenderCoreService
Veces vista: 12
Ya fue vista antes y sigue fuera de BASE.
Sigue en observacion con alertas controladas.
Requiere aprobacion manual para pasar a BASE.
2026-08-12 11:58:07 | OBSERVACION DE RED
Estado monitor: OBSERVACION
IP remota: 172.217.119.4
Puerto remoto: 443
IP local: 172.19.18.136
Puerto local: 63316
Estado TCP: ESTABLISHED
PID: 4068
Aplicacion: language_server_windows_x64
Veces vista: 268
Ya fue vista antes y sigue fuera de BASE.
Sigue en observacion con alertas controladas.
Requiere aprobacion manual para pasar a BASE.
2026-08-12 11:58:07 | OBSERVACION DE RED
Estado monitor: OBSERVACION
Tipo: PUERTO EN ESCUCHA
IP local: 0.0.0.0
Puerto local: 135
Estado TCP: LISTENING
PID: 1808
Aplicacion: svchost
Veces vista: 3464
Ya fue vista antes y sigue fuera de BASE.
Sigue en observacion con alertas controladas.
Requiere aprobacion manual para pasar a BASE.
2026-08-12 11:58:07 | OBSERVACION DE RED
Estado monitor: OBSERVACION
Tipo: PUERTO EN ESCUCHA
IP local: 0.0.0.0
Puerto local: 445
Estado TCP: LISTENING
PID: 4
Aplicacion: System
Veces vista: 3464
Ya fue vista antes y sigue fuera de BASE.
Sigue en observacion con alertas controladas.
Requiere aprobacion manual para pasar a BASE.
2026-08-12 11:58:07 | OBSERVACION DE RED
Estado monitor: OBSERVACION
Tipo: PUERTO EN ESCUCHA
IP local: 0.0.0.0
Puerto local: 49664
Estado TCP: LISTENING
PID: 1516
Aplicacion: lsass
Veces vista: 3464
Ya fue vista antes y sigue fuera de BASE.
Sigue en observacion con alertas controladas.
Requiere aprobacion manual para pasar a BASE.
2026-08-12 11:58:07 | OBSERVACION DE RED
Estado monitor: OBSERVACION
Tipo: PUERTO EN ESCUCHA
IP local: 0.0.0.0
Puerto local: 49665
Estado TCP: LISTENING
PID: 1336
Aplicacion: wininit
Veces vista: 3464
Ya fue vista antes y sigue fuera de BASE.
Sigue en observacion con alertas controladas.
Requiere aprobacion manual para pasar a BASE.
2026-08-12 11:58:07 | OBSERVACION DE RED
Estado monitor: OBSERVACION
Tipo: PUERTO EN ESCUCHA
IP local: 0.0.0.0
Puerto local: 49666
Estado TCP: LISTENING
PID: 2520
Aplicacion: svchost
Veces vista: 3464
Ya fue vista antes y sigue fuera de BASE.
Sigue en observacion con alertas controladas.
Requiere aprobacion manual para pasar a BASE.
2026-08-12 11:58:07 | OBSERVACION DE RED
Estado monitor: OBSERVACION
Tipo: PUERTO EN ESCUCHA
IP local: 0.0.0.0
Puerto local: 49667
Estado TCP: LISTENING
PID: 3316
Aplicacion: svchost
Veces vista: 3464
Ya fue vista antes y sigue fuera de BASE.
Sigue en observacion con alertas controladas.
Requiere aprobacion manual para pasar a BASE.
2026-08-12 11:58:07 | OBSERVACION DE RED
Estado monitor: OBSERVACION
Tipo: PUERTO EN ESCUCHA
IP local: 0.0.0.0
Puerto local: 49668
Estado TCP: LISTENING
PID: 4872
Aplicacion: spoolsv
Veces vista: 3464
Ya fue vista antes y sigue fuera de BASE.
Sigue en observacion con alertas controladas.
Requiere aprobacion manual para pasar a BASE.
2026-08-12 11:58:07 | OBSERVACION DE RED
Estado monitor: OBSERVACION
Tipo: PUERTO EN ESCUCHA
IP local: 0.0.0.0
Puerto local: 49670
Estado TCP: LISTENING
PID: 1488
Aplicacion: services
Veces vista: 2201
Ya fue vista antes y sigue fuera de BASE.
Sigue en observacion con alertas controladas.
Requiere aprobacion manual para pasar a BASE.
2026-08-12 11:58:07 | OBSERVACION DE RED
Estado monitor: OBSERVACION
Tipo: PUERTO EN ESCUCHA
IP local: 0.0.0.0
Puerto local: 5040
Estado TCP: LISTENING
PID: 12640
Aplicacion: svchost
Veces vista: 3460
Ya fue vista antes y sigue fuera de BASE.
Sigue en observacion con alertas controladas.
Requiere aprobacion manual para pasar a BASE.
2026-08-12 11:58:07 | OBSERVACION DE RED
Estado monitor: OBSERVACION
Tipo: PUERTO EN ESCUCHA
IP local: 0.0.0.0
Puerto local: 55985
Estado TCP: LISTENING
PID: 15880
Aplicacion: AnyDesk
Veces vista: 4
Ya fue vista antes y sigue fuera de BASE.
Sigue en observacion con alertas controladas.
Requiere aprobacion manual para pasar a BASE.
2026-08-12 11:58:07 | OBSERVACION DE RED
Estado monitor: OBSERVACION
Tipo: PUERTO EN ESCUCHA
IP local: 0.0.0.0
Puerto local: 7070
Estado TCP: LISTENING
PID: 15880
Aplicacion: AnyDesk
Veces vista: 2859
Ya fue vista antes y sigue fuera de BASE.
Sigue en observacion con alertas controladas.
Requiere aprobacion manual para pasar a BASE.
2026-08-12 11:58:07 | OBSERVACION DE RED
Estado monitor: OBSERVACION
Tipo: PUERTO EN ESCUCHA
IP local: 127.0.0.1
Puerto local: 5939
Estado TCP: LISTENING
PID: 5860
Aplicacion: TeamViewer_Service
Veces vista: 527
Ya fue vista antes y sigue fuera de BASE.
Sigue en observacion con alertas controladas.
Requiere aprobacion manual para pasar a BASE.
2026-08-12 11:58:07 | OBSERVACION DE RED
Estado monitor: OBSERVACION
Tipo: PUERTO EN ESCUCHA
IP local: 192.168.56.1
Puerto local: 139
Estado TCP: LISTENING
PID: 4
Aplicacion: System
Veces vista: 3462
Ya fue vista antes y sigue fuera de BASE.
Sigue en observacion con alertas controladas.
Requiere aprobacion manual para pasar a BASE.
2026-08-12 11:58:07 | OBSERVACION DE RED
Estado monitor: OBSERVACION
Tipo: PUERTO EN ESCUCHA
IP local: 26.137.80.247
Puerto local: 139
Estado TCP: LISTENING
PID: 4
Aplicacion: System
Veces vista: 3420
Ya fue vista antes y sigue fuera de BASE.
Sigue en observacion con alertas controladas.
Requiere aprobacion manual para pasar a BASE.
2026-08-12 11:58:11 | Escaneo completado. Conexiones=95 Alertas=0 Observaciones=18 LearningMode=False
2026-08-12 12:08:05 | OBSERVACION DE RED
Estado monitor: OBSERVACION
IP remota: 151.101.1.91
Puerto remoto: 443
IP local: 172.19.18.136
Puerto local: 51360
Estado TCP: ESTABLISHED
PID: 19344
Aplicacion: chrome
Veces vista: 60
Ya fue vista antes y sigue fuera de BASE.
Sigue en observacion con alertas controladas.
Requiere aprobacion manual para pasar a BASE.
2026-08-12 12:08:05 | OBSERVACION DE RED
Estado monitor: OBSERVACION
IP remota: 189.1.174.47
Puerto remoto: 443
IP local: 172.19.18.136
Puerto local: 55985
Estado TCP: ESTABLISHED
PID: 15880
Aplicacion: AnyDesk
Veces vista: 68
Ya fue vista antes y sigue fuera de BASE.
Sigue en observacion con alertas controladas.
Requiere aprobacion manual para pasar a BASE.
2026-08-12 12:08:05 | OBSERVACION DE RED
Estado monitor: OBSERVACION
IP remota: 20.184.175.9
Puerto remoto: 443
IP local: 172.19.18.136
Puerto local: 61057
Estado TCP: ESTABLISHED
PID: 21176
Aplicacion: OneDrive
Veces vista: 7
Ya fue vista antes y sigue fuera de BASE.
Sigue en observacion con alertas controladas.
Requiere aprobacion manual para pasar a BASE.
2026-08-12 12:08:08 | Escaneo completado. Conexiones=86 Alertas=1 Observaciones=3 LearningMode=False
